solid OpenSCAD_Model
  facet normal 0.707128 0.408318 -0.577275
    outer loop
      vertex 30.6501 -18.2936 0.155278
      vertex 30.7615 -18.5422 0.115897
      vertex 30.5652 -18.3661 0
    endloop
  endfacet
  facet normal 0.707069 0.408304 -0.577356
    outer loop
      vertex 30.7615 -18.5422 0.115897
      vertex 30.6501 -18.2936 0.155278
      vertex 30.7615 -18.1631 0.383995
    endloop
  endfacet
  facet normal 0.727911 0.393486 -0.561529
    outer loop
      vertex 5.69723 24.7065 0
      vertex 5.69493 24.6758 -0.0244942
      vertex 5.69704 24.7057 -0.000806889
    endloop
  endfacet
  facet normal 0.70681 0.408077 -0.577835
    outer loop
      vertex 30.5652 -18.3661 0
      vertex 5.69493 24.6758 -0.0244942
      vertex 5.69723 24.7065 0
    endloop
  endfacet
  facet normal 0.706974 0.408172 -0.577568
    outer loop
      vertex 30.5652 -18.3661 0
      vertex 30.6688 -18.5802 -0.0244942
      vertex 5.69493 24.6758 -0.0244942
    endloop
  endfacet
  facet normal 0.707098 0.408211 -0.577387
    outer loop
      vertex 30.6688 -18.5802 -0.0244942
      vertex 30.5652 -18.3661 0
      vertex 30.7615 -18.5422 0.115897
    endloop
  endfacet
  facet normal -0.707085 -0.408585 0.577139
    outer loop
      vertex 5.71625 24.2549 4.90011
      vertex 5.20262 24.5514 4.48074
      vertex 5.12693 24.5416 4.38107
    endloop
  endfacet
  facet normal -0.707085 -0.408186 0.577421
    outer loop
      vertex 5.20262 24.5514 4.48074
      vertex 5.71625 24.2549 4.90011
      vertex 5.28463 24.5433 4.57544
    endloop
  endfacet
  facet normal -0.707125 -0.408189 0.57737
    outer loop
      vertex 5.79194 24.1576 4.92405
      vertex 5.12693 24.5416 4.38107
      vertex 5.05944 24.514 4.2789
    endloop
  endfacet
  facet normal -0.707075 -0.408039 0.577538
    outer loop
      vertex 5.63424 24.3415 4.86089
      vertex 5.28463 24.5433 4.57544
      vertex 5.71625 24.2549 4.90011
    endloop
  endfacet
  facet normal -0.707155 -0.409467 0.576428
    outer loop
      vertex 5.37095 24.5174 4.66284
      vertex 5.63424 24.3415 4.86089
      vertex 5.45943 24.4743 4.74077
    endloop
  endfacet
  facet normal -0.707048 -0.408743 0.577072
    outer loop
      vertex 5.45943 24.4743 4.74077
      vertex 5.63424 24.3415 4.86089
      vertex 5.54792 24.4152 4.80733
    endloop
  endfacet
  facet normal -0.707075 -0.408326 0.577334
    outer loop
      vertex 5.28463 24.5433 4.57544
      vertex 5.63424 24.3415 4.86089
      vertex 5.37095 24.5174 4.66284
    endloop
  endfacet
  facet normal -0.707125 -0.40798 0.577518
    outer loop
      vertex 5.12693 24.5416 4.38107
      vertex 5.79194 24.1576 4.92405
      vertex 5.71625 24.2549 4.90011
    endloop
  endfacet
  facet normal -0.707117 -0.408304 0.577298
    outer loop
      vertex 5.05944 24.514 4.2789
      vertex 5.85943 24.0521 4.9321
      vertex 5.79194 24.1576 4.92405
    endloop
  endfacet
  facet normal -0.707117 -0.408227 0.577353
    outer loop
      vertex 3.73444 23.749 2.11519
      vertex 5.85943 24.0521 4.9321
      vertex 5.05944 24.514 4.2789
    endloop
  endfacet
  facet normal -0.704769 -0.41172 0.577743
    outer loop
      vertex 3.67074 23.6964 2
      vertex 3.73444 23.749 2.11519
      vertex 3.67679 23.7043 2.01301
    endloop
  endfacet
  facet normal -0.707207 -0.408009 0.577397
    outer loop
      vertex 3.73444 23.749 2.11519
      vertex 3.67074 23.6964 2
      vertex 5.85943 24.0521 4.9321
    endloop
  endfacet
  facet normal -0.707107 -0.408247 0.577351
    outer loop
      vertex 3.67074 23.6964 2
      vertex 24.0594 -7.47123 4.9321
      vertex 5.85943 24.0521 4.9321
    endloop
  endfacet
  facet normal -0.707107 -0.408237 0.577359
    outer loop
      vertex 26.9228 -6.18541 9.3482
      vertex 31.0961 -8.59484 12.7557
      vertex 30.4297 -7.89144 12.4369
    endloop
  endfacet
  facet normal -0.707106 -0.408268 0.577337
    outer loop
      vertex 29.0221 -11.5524 8.12425
      vertex 24.0594 -7.47123 4.9321
      vertex 22.543 -8.75092 2.16991
    endloop
  endfacet
  facet normal -0.707115 -0.408255 0.577335
    outer loop
      vertex 3.67074 23.6964 2
      vertex 22.543 -8.75092 2.16991
      vertex 24.0594 -7.47123 4.9321
    endloop
  endfacet
  facet normal -0.707011 -0.408193 0.577506
    outer loop
      vertex 22.543 -8.75092 2.16991
      vertex 3.67074 23.6964 2
      vertex 22.4389 -8.811 2
    endloop
  endfacet
  facet normal -0.707107 -0.408298 0.577316
    outer loop
      vertex 31.0961 -8.59484 12.7557
      vertex 26.9228 -6.18541 9.3482
      vertex 26.3079 -6.26551 8.53841
    endloop
  endfacet
  facet normal -0.707103 -0.408286 0.577328
    outer loop
      vertex 26.9228 -6.18541 9.3482
      vertex 30.4297 -7.89144 12.4369
      vertex 27.5891 -6.25141 10.1176
    endloop
  endfacet
  facet normal -0.707115 -0.408163 0.5774
    outer loop
      vertex 31.0961 -8.59484 12.7557
      vertex 26.3079 -6.26551 8.53841
      vertex 25.7594 -6.48974 7.70818
    endloop
  endfacet
  facet normal -0.707103 -0.408303 0.577316
    outer loop
      vertex 27.5891 -6.25141 10.1176
      vertex 30.4297 -7.89144 12.4369
      vertex 28.2904 -6.46189 10.8277
    endloop
  endfacet
  facet normal -0.707113 -0.408436 0.57721
    outer loop
      vertex 28.2904 -6.46189 10.8277
      vertex 30.4297 -7.89144 12.4369
      vertex 29.0094 -6.81168 11.461
    endloop
  endfacet
  facet normal -0.707101 -0.408258 0.577351
    outer loop
      vertex 28.9556 -10.5377 8.76027
      vertex 25.7594 -6.48974 7.70818
      vertex 24.0594 -7.47123 4.9321
    endloop
  endfacet
  facet normal -0.707083 -0.408235 0.577389
    outer loop
      vertex 29.0094 -6.81168 11.461
      vertex 30.4297 -7.89144 12.4369
      vertex 29.7284 -7.29214 12.0018
    endloop
  endfacet
  facet normal -0.70706 -0.408148 0.577478
    outer loop
      vertex 25.7594 -6.48974 7.70818
      vertex 29.3581 -10.1303 9.54134
      vertex 29.5033 -10.1114 9.73248
    endloop
  endfacet
  facet normal -0.707096 -0.408227 0.577379
    outer loop
      vertex 29.667 -10.1269 9.92208
      vertex 25.7594 -6.48974 7.70818
      vertex 29.5097 -10.1113 9.74047
    endloop
  endfacet
  facet normal -0.709385 -0.414852 0.569798
    outer loop
      vertex 29.5097 -10.1113 9.74047
      vertex 25.7594 -6.48974 7.70818
      vertex 29.5064 -10.111 9.73658
    endloop
  endfacet
  facet normal -0.707772 -0.410179 0.575162
    outer loop
      vertex 29.5064 -10.111 9.73658
      vertex 25.7594 -6.48974 7.70818
      vertex 29.5033 -10.1114 9.73248
    endloop
  endfacet
  facet normal -0.707104 -0.408258 0.577347
    outer loop
      vertex 25.7594 -6.48974 7.70818
      vertex 29.2287 -10.1833 9.34538
      vertex 29.3581 -10.1303 9.54134
    endloop
  endfacet
  facet normal -0.706858 -0.407726 0.578024
    outer loop
      vertex 25.7594 -6.48974 7.70818
      vertex 29.2259 -10.1844 9.34118
      vertex 29.2287 -10.1833 9.34538
    endloop
  endfacet
  facet normal -0.707037 -0.408111 0.577533
    outer loop
      vertex 25.7594 -6.48974 7.70818
      vertex 29.1129 -10.2719 9.14101
      vertex 29.2259 -10.1844 9.34118
    endloop
  endfacet
  facet normal -0.707179 -0.408373 0.577174
    outer loop
      vertex 25.7594 -6.48974 7.70818
      vertex 29.024 -10.3881 8.94987
      vertex 29.1129 -10.2719 9.14101
    endloop
  endfacet
  facet normal -0.707298 -0.408561 0.576895
    outer loop
      vertex 25.7594 -6.48974 7.70818
      vertex 29.0221 -10.3906 8.94577
      vertex 29.024 -10.3881 8.94987
    endloop
  endfacet
  facet normal -0.706476 -0.407265 0.578815
    outer loop
      vertex 25.7594 -6.48974 7.70818
      vertex 29.0207 -10.3937 8.94188
      vertex 29.0221 -10.3906 8.94577
    endloop
  endfacet
  facet normal -0.707149 -0.408322 0.577247
    outer loop
      vertex 25.7594 -6.48974 7.70818
      vertex 28.9556 -10.5377 8.76027
      vertex 29.0207 -10.3937 8.94188
    endloop
  endfacet
  facet normal -0.707095 -0.408097 0.577472
    outer loop
      vertex 24.0594 -7.47123 4.9321
      vertex 28.9158 -10.7059 8.59267
      vertex 28.9556 -10.5377 8.76027
    endloop
  endfacet
  facet normal -0.707484 -0.41398 0.572789
    outer loop
      vertex 24.0594 -7.47123 4.9321
      vertex 28.915 -10.7095 8.58908
      vertex 28.9158 -10.7059 8.59267
    endloop
  endfacet
  facet normal -0.7071 -0.408235 0.577368
    outer loop
      vertex 24.0594 -7.47123 4.9321
      vertex 28.9016 -10.8977 8.4396
      vertex 28.915 -10.7095 8.58908
    endloop
  endfacet
  facet normal -0.706498 -0.402589 0.582051
    outer loop
      vertex 24.0594 -7.47123 4.9321
      vertex 28.9013 -10.9018 8.4364
      vertex 28.9016 -10.8977 8.4396
    endloop
  endfacet
  facet normal -0.707699 -0.414125 0.572418
    outer loop
      vertex 24.0594 -7.47123 4.9321
      vertex 28.9016 -10.9061 8.43366
      vertex 28.9013 -10.9018 8.4364
    endloop
  endfacet
  facet normal -0.707109 -0.408314 0.577302
    outer loop
      vertex 24.0594 -7.47123 4.9321
      vertex 28.915 -11.1098 8.306
      vertex 28.9016 -10.9061 8.43366
    endloop
  endfacet
  facet normal -0.707097 -0.408232 0.577373
    outer loop
      vertex 24.0594 -7.47123 4.9321
      vertex 28.9556 -11.3285 8.20109
      vertex 28.915 -11.1098 8.306
    endloop
  endfacet
  facet normal -0.707087 -0.408172 0.577429
    outer loop
      vertex 24.0594 -7.47123 4.9321
      vertex 29.0207 -11.5477 8.12586
      vertex 28.9556 -11.3285 8.20109
    endloop
  endfacet
  facet normal -0.707127 -0.408369 0.57724
    outer loop
      vertex 24.0594 -7.47123 4.9321
      vertex 29.0221 -11.5524 8.12425
      vertex 29.0207 -11.5477 8.12586
    endloop
  endfacet
  facet normal -0.707129 -0.408052 0.577462
    outer loop
      vertex 22.543 -8.75092 2.16991
      vertex 29.111 -11.7714 8.07836
      vertex 29.0221 -11.5524 8.12425
    endloop
  endfacet
  facet normal -0.707256 -0.406513 0.578391
    outer loop
      vertex 22.543 -8.75092 2.16991
      vertex 29.1129 -11.7761 8.07738
      vertex 29.111 -11.7714 8.07836
    endloop
  endfacet
  facet normal -0.707084 -0.408588 0.577137
    outer loop
      vertex 22.543 -8.75092 2.16991
      vertex 29.2259 -11.9939 8.06163
      vertex 29.1129 -11.7761 8.07738
    endloop
  endfacet
  facet normal -0.707118 -0.408087 0.577451
    outer loop
      vertex 22.543 -8.75092 2.16991
      vertex 29.3553 -12.1963 8.07705
      vertex 29.2259 -11.9939 8.06163
    endloop
  endfacet
  facet normal -0.707191 -0.406653 0.578372
    outer loop
      vertex 22.543 -8.75092 2.16991
      vertex 29.3581 -12.2007 8.07738
      vertex 29.3553 -12.1963 8.07705
    endloop
  endfacet
  facet normal -0.707207 -0.406334 0.578576
    outer loop
      vertex 22.543 -8.75092 2.16991
      vertex 29.3612 -12.2047 8.07836
      vertex 29.3581 -12.2007 8.07738
    endloop
  endfacet
  facet normal -0.707098 -0.40849 0.57719
    outer loop
      vertex 22.543 -8.75092 2.16991
      vertex 29.5064 -12.3912 8.12425
      vertex 29.3612 -12.2047 8.07836
    endloop
  endfacet
  facet normal -0.707108 -0.408244 0.577352
    outer loop
      vertex 28.336 -18.7848 2.16991
      vertex 29.5064 -12.3912 8.12425
      vertex 22.543 -8.75092 2.16991
    endloop
  endfacet
  facet normal -0.710583 -0.405458 0.575044
    outer loop
      vertex 29.5064 -12.3912 8.12425
      vertex 28.336 -18.7848 2.16991
      vertex 29.5097 -12.3947 8.12586
    endloop
  endfacet
  facet normal -0.707154 -0.40821 0.57732
    outer loop
      vertex 29.5097 -12.3947 8.12586
      vertex 28.336 -18.7848 2.16991
      vertex 29.667 -12.5608 8.20109
    endloop
  endfacet
  facet normal -0.707111 -0.408246 0.577347
    outer loop
      vertex 32.2594 -17.7481 7.70818
      vertex 29.667 -12.5608 8.20109
      vertex 28.336 -18.7848 2.16991
    endloop
  endfacet
  facet normal -0.707105 -0.408244 0.577356
    outer loop
      vertex 29.667 -12.5608 8.20109
      vertex 32.2594 -17.7481 7.70818
      vertex 29.8325 -12.7022 8.3038
    endloop
  endfacet
  facet normal -0.70541 -0.407717 0.579797
    outer loop
      vertex 29.8325 -12.7022 8.3038
      vertex 32.2594 -17.7481 7.70818
      vertex 29.8361 -12.7053 8.306
    endloop
  endfacet
  facet normal -0.707107 -0.408191 0.577391
    outer loop
      vertex 31.1176 -12.1813 10.246
      vertex 33.549 -13.9096 12.0018
      vertex 33.3807 -13.0026 12.4369
    endloop
  endfacet
  facet normal -0.707094 -0.408234 0.577377
    outer loop
      vertex 33.3807 -16.2827 10.1176
      vertex 30.5125 -12.9721 8.94577
      vertex 30.3552 -12.9565 8.76416
    endloop
  endfacet
  facet normal -0.709779 -0.413584 0.57023
    outer loop
      vertex 33.3807 -16.2827 10.1176
      vertex 30.3552 -12.9565 8.76416
      vertex 30.3519 -12.9562 8.76027
    endloop
  endfacet
  facet normal -0.707109 -0.408228 0.577362
    outer loop
      vertex 30.5156 -12.9717 8.94987
      vertex 33.6056 -14.7725 11.461
      vertex 33.549 -13.9096 12.0018
    endloop
  endfacet
  facet normal -0.707115 -0.40826 0.577332
    outer loop
      vertex 33.1047 -16.8927 9.3482
      vertex 30.3519 -12.9562 8.76027
      vertex 30.1828 -12.9054 8.58908
    endloop
  endfacet
  facet normal -0.707328 -0.408363 0.576998
    outer loop
      vertex 32.7278 -17.3852 8.53841
      vertex 30.1828 -12.9054 8.58908
      vertex 30.1792 -12.9037 8.58587
    endloop
  endfacet
  facet normal -0.706974 -0.408168 0.57757
    outer loop
      vertex 32.7278 -17.3852 8.53841
      vertex 30.1792 -12.9037 8.58587
      vertex 30.0094 -12.8211 8.4364
    endloop
  endfacet
  facet normal -0.707109 -0.408243 0.577351
    outer loop
      vertex 30.5156 -12.9717 8.94987
      vertex 33.549 -15.5701 10.8277
      vertex 33.6056 -14.7725 11.461
    endloop
  endfacet
  facet normal -0.707119 -0.408246 0.577337
    outer loop
      vertex 29.8361 -12.7053 8.306
      vertex 32.2594 -17.7481 7.70818
      vertex 30.0058 -12.8187 8.43366
    endloop
  endfacet
  facet normal -0.707119 -0.408282 0.577312
    outer loop
      vertex 30.5156 -12.9717 8.94987
      vertex 33.3807 -16.2827 10.1176
      vertex 33.549 -15.5701 10.8277
    endloop
  endfacet
  facet normal -0.707114 -0.408259 0.577334
    outer loop
      vertex 30.3519 -12.9562 8.76027
      vertex 33.1047 -16.8927 9.3482
      vertex 33.3807 -16.2827 10.1176
    endloop
  endfacet
  facet normal -0.707091 -0.408233 0.577381
    outer loop
      vertex 30.1828 -12.9054 8.58908
      vertex 32.7278 -17.3852 8.53841
      vertex 33.1047 -16.8927 9.3482
    endloop
  endfacet
  facet normal -0.707091 -0.408242 0.577373
    outer loop
      vertex 30.0094 -12.8211 8.4364
      vertex 32.2594 -17.7481 7.70818
      vertex 32.7278 -17.3852 8.53841
    endloop
  endfacet
  facet normal -0.709462 -0.408832 0.574039
    outer loop
      vertex 30.0058 -12.8187 8.43366
      vertex 32.2594 -17.7481 7.70818
      vertex 30.0094 -12.8211 8.4364
    endloop
  endfacet
  facet normal -0.707093 -0.408284 0.577342
    outer loop
      vertex 32.2594 -17.7481 7.70818
      vertex 28.336 -18.7848 2.16991
      vertex 29.3999 -19.399 3.03856
    endloop
  endfacet
  facet normal -0.707104 -0.408254 0.57735
    outer loop
      vertex 25.7594 -6.48974 7.70818
      vertex 29.667 -10.1269 9.92208
      vertex 31.0961 -8.59484 12.7557
    endloop
  endfacet
  facet normal -0.707249 -0.408053 0.577315
    outer loop
      vertex 29.8325 -10.1766 10.0897
      vertex 31.0961 -8.59484 12.7557
      vertex 29.667 -10.1269 9.92208
    endloop
  endfacet
  facet normal -0.704152 -0.412082 0.578238
    outer loop
      vertex 29.8361 -10.1777 10.0933
      vertex 31.0961 -8.59484 12.7557
      vertex 29.8325 -10.1766 10.0897
    endloop
  endfacet
  facet normal -0.707102 -0.40825 0.577355
    outer loop
      vertex 30.0058 -10.2602 10.2428
      vertex 31.0961 -8.59484 12.7557
      vertex 29.8361 -10.1777 10.0933
    endloop
  endfacet
  facet normal -0.712367 -0.401829 0.575384
    outer loop
      vertex 30.0094 -10.262 10.246
      vertex 31.0961 -8.59484 12.7557
      vertex 30.0058 -10.2602 10.2428
    endloop
  endfacet
  facet normal -0.696794 -0.420528 0.581063
    outer loop
      vertex 30.0131 -10.2644 10.2487
      vertex 31.0961 -8.59484 12.7557
      vertex 30.0094 -10.262 10.246
    endloop
  endfacet
  facet normal -0.707183 -0.408163 0.577317
    outer loop
      vertex 30.1828 -10.3778 10.3764
      vertex 31.0961 -8.59484 12.7557
      vertex 30.0131 -10.2644 10.2487
    endloop
  endfacet
  facet normal -0.707123 -0.408229 0.577343
    outer loop
      vertex 31.0961 -8.59484 12.7557
      vertex 30.1828 -10.3778 10.3764
      vertex 31.711 -9.38502 12.9501
    endloop
  endfacet
  facet normal -0.707194 -0.408112 0.57734
    outer loop
      vertex 30.3483 -10.5193 10.4791
      vertex 31.711 -9.38502 12.9501
      vertex 30.1828 -10.3778 10.3764
    endloop
  endfacet
  facet normal -0.7011 -0.417307 0.578199
    outer loop
      vertex 30.3519 -10.5223 10.4813
      vertex 31.711 -9.38502 12.9501
      vertex 30.3483 -10.5193 10.4791
    endloop
  endfacet
  facet normal -0.707107 -0.408263 0.57734
    outer loop
      vertex 31.711 -9.38502 12.9501
      vertex 30.3519 -10.5223 10.4813
      vertex 32.2594 -10.2425 13.0154
    endloop
  endfacet
  facet normal -0.71238 -0.395292 0.579878
    outer loop
      vertex 30.3552 -10.5259 10.4829
      vertex 32.2594 -10.2425 13.0154
      vertex 30.3519 -10.5223 10.4813
    endloop
  endfacet
  facet normal -0.707023 -0.408435 0.57732
    outer loop
      vertex 30.5125 -10.6919 10.5581
      vertex 32.2594 -10.2425 13.0154
      vertex 30.3552 -10.5259 10.4829
    endloop
  endfacet
  facet normal -0.707046 -0.408385 0.577328
    outer loop
      vertex 30.6577 -10.8784 10.604
      vertex 32.2594 -10.2425 13.0154
      vertex 30.5125 -10.6919 10.5581
    endloop
  endfacet
  facet normal -0.708814 -0.404933 0.577592
    outer loop
      vertex 30.6608 -10.8824 10.605
      vertex 32.2594 -10.2425 13.0154
      vertex 30.6577 -10.8784 10.604
    endloop
  endfacet
  facet normal -0.707128 -0.40821 0.577352
    outer loop
      vertex 32.7278 -11.1462 12.9501
      vertex 30.6608 -10.8824 10.605
      vertex 30.793 -11.0892 10.6207
    endloop
  endfacet
  facet normal -0.707122 -0.408229 0.577345
    outer loop
      vertex 30.6608 -10.8824 10.605
      vertex 32.7278 -11.1462 12.9501
      vertex 32.2594 -10.2425 13.0154
    endloop
  endfacet
  facet normal -0.707091 -0.408321 0.577318
    outer loop
      vertex 30.9036 -11.3025 10.6053
      vertex 32.7278 -11.1462 12.9501
      vertex 30.793 -11.0892 10.6207
    endloop
  endfacet
  facet normal -0.709756 -0.401359 0.578928
    outer loop
      vertex 30.9059 -11.307 10.605
      vertex 32.7278 -11.1462 12.9501
      vertex 30.9036 -11.3025 10.6053
    endloop
  endfacet
  facet normal -0.707049 -0.408627 0.577153
    outer loop
      vertex 33.1047 -12.0739 12.7557
      vertex 30.9059 -11.307 10.605
      vertex 30.9078 -11.3117 10.604
    endloop
  endfacet
  facet normal -0.707092 -0.408352 0.577295
    outer loop
      vertex 33.1047 -12.0739 12.7557
      vertex 30.9078 -11.3117 10.604
      vertex 30.9968 -11.5307 10.5581
    endloop
  endfacet
  facet normal -0.707145 -0.408103 0.577407
    outer loop
      vertex 33.1047 -12.0739 12.7557
      vertex 30.9968 -11.5307 10.5581
      vertex 31.0619 -11.7499 10.4829
    endloop
  endfacet
  facet normal -0.707342 -0.407358 0.57769
    outer loop
      vertex 33.1047 -12.0739 12.7557
      vertex 31.0619 -11.7499 10.4829
      vertex 31.0633 -11.7546 10.4813
    endloop
  endfacet
  facet normal -0.706942 -0.412937 0.574209
    outer loop
      vertex 33.3807 -13.0026 12.4369
      vertex 31.0633 -11.7546 10.4813
      vertex 31.0642 -11.7592 10.4791
    endloop
  endfacet
  facet normal -0.707098 -0.408112 0.577458
    outer loop
      vertex 33.3807 -13.0026 12.4369
      vertex 31.0642 -11.7592 10.4791
      vertex 31.1039 -11.9733 10.3764
    endloop
  endfacet
  facet normal -0.707106 -0.408261 0.577342
    outer loop
      vertex 30.9059 -11.307 10.605
      vertex 33.1047 -12.0739 12.7557
      vertex 32.7278 -11.1462 12.9501
    endloop
  endfacet
  facet normal -0.707071 -0.408411 0.577279
    outer loop
      vertex 33.3807 -13.0026 12.4369
      vertex 31.1039 -11.9733 10.3764
      vertex 31.1173 -12.177 10.2487
    endloop
  endfacet
  facet normal -0.706698 -0.41094 0.575939
    outer loop
      vertex 33.3807 -13.0026 12.4369
      vertex 31.1173 -12.177 10.2487
      vertex 31.1176 -12.1813 10.246
    endloop
  endfacet
  facet normal -0.707101 -0.408135 0.577438
    outer loop
      vertex 33.549 -13.9096 12.0018
      vertex 31.1176 -12.1813 10.246
      vertex 31.1042 -12.3696 10.0965
    endloop
  endfacet
  facet normal -0.70712 -0.408622 0.57707
    outer loop
      vertex 33.549 -13.9096 12.0018
      vertex 31.1042 -12.3696 10.0965
      vertex 31.1039 -12.3736 10.0933
    endloop
  endfacet
  facet normal -0.707107 -0.408277 0.57733
    outer loop
      vertex 33.549 -13.9096 12.0018
      vertex 31.1039 -12.3736 10.0933
      vertex 31.0633 -12.5454 9.92208
    endloop
  endfacet
  facet normal -0.707142 -0.406564 0.578495
    outer loop
      vertex 33.549 -13.9096 12.0018
      vertex 31.0633 -12.5454 9.92208
      vertex 31.0619 -12.5485 9.91819
    endloop
  endfacet
  facet normal -0.707103 -0.40837 0.577269
    outer loop
      vertex 33.549 -13.9096 12.0018
      vertex 31.0619 -12.5485 9.91819
      vertex 30.9968 -12.6925 9.73658
    endloop
  endfacet
  facet normal -0.707068 -0.408856 0.576968
    outer loop
      vertex 33.549 -13.9096 12.0018
      vertex 30.9968 -12.6925 9.73658
      vertex 30.9949 -12.695 9.73248
    endloop
  endfacet
  facet normal -0.707118 -0.408169 0.577392
    outer loop
      vertex 33.549 -13.9096 12.0018
      vertex 30.9949 -12.695 9.73248
      vertex 30.9059 -12.8112 9.54134
    endloop
  endfacet
  facet normal -0.706451 -0.413912 0.574112
    outer loop
      vertex 33.549 -13.9096 12.0018
      vertex 30.9059 -12.8112 9.54134
      vertex 30.9036 -12.8131 9.53714
    endloop
  endfacet
  facet normal -0.707124 -0.408157 0.577394
    outer loop
      vertex 33.549 -13.9096 12.0018
      vertex 30.9036 -12.8131 9.53714
      vertex 30.793 -12.8987 9.34118
    endloop
  endfacet
  facet normal -0.707062 -0.408582 0.577169
    outer loop
      vertex 33.549 -13.9096 12.0018
      vertex 30.793 -12.8987 9.34118
      vertex 30.6636 -12.9516 9.14521
    endloop
  endfacet
  facet normal -0.709633 -0.392383 0.585198
    outer loop
      vertex 33.549 -13.9096 12.0018
      vertex 30.6636 -12.9516 9.14521
      vertex 30.6608 -12.9528 9.14101
    endloop
  endfacet
  facet normal -0.707086 -0.40832 0.577325
    outer loop
      vertex 31.0633 -11.7546 10.4813
      vertex 33.3807 -13.0026 12.4369
      vertex 33.1047 -12.0739 12.7557
    endloop
  endfacet
  facet normal -0.707174 -0.407868 0.577537
    outer loop
      vertex 33.549 -13.9096 12.0018
      vertex 30.6608 -12.9528 9.14101
      vertex 30.5156 -12.9717 8.94987
    endloop
  endfacet
  facet normal -0.707955 -0.40973 0.575257
    outer loop
      vertex 33.3807 -16.2827 10.1176
      vertex 30.5156 -12.9717 8.94987
      vertex 30.5125 -12.9721 8.94577
    endloop
  endfacet
  facet normal -0.707198 -0.408308 0.577196
    outer loop
      vertex 21.415 -9.90067 -0.0244942
      vertex 26.5189 -18.7061 0
      vertex 21.4208 -9.87609 0
    endloop
  endfacet
  facet normal -0.706695 -0.408015 0.578019
    outer loop
      vertex 26.5189 -18.7061 0
      vertex 21.415 -9.90067 -0.0244942
      vertex 26.5189 -18.7408 -0.0244942
    endloop
  endfacet
  facet normal 0.369542 -0.909828 -0.188815
    outer loop
      vertex 30.5648 -18.6341 -0.0244942
      vertex 30.5031 -18.6696 0.0258098
      vertex 30.3021 -18.7408 -0.0244942
    endloop
  endfacet
  facet normal 0.459256 -0.886134 -0.0620559
    outer loop
      vertex 30.6688 -18.5802 -0.0244942
      vertex 30.5031 -18.6696 0.0258098
      vertex 30.5648 -18.6341 -0.0244942
    endloop
  endfacet
  facet normal 0.458957 -0.88621 -0.0631758
    outer loop
      vertex 30.5031 -18.6696 0.0258098
      vertex 30.6688 -18.5802 -0.0244942
      vertex 30.7615 -18.5422 0.115897
    endloop
  endfacet
  facet normal 0.500007 -0.866021 -1.19549e-05
    outer loop
      vertex 31.996 -17.9001 2.13385
      vertex 32.2594 -17.7481 7.70818
      vertex 29.3999 -19.399 3.03856
    endloop
  endfacet
  facet normal 0.499995 -0.866028 -1.12044e-05
    outer loop
      vertex 32.2594 -17.7481 7.70818
      vertex 31.996 -17.9001 2.13385
      vertex 34.3595 -16.5356 5.99345
    endloop
  endfacet
  facet normal 0.500016 -0.866016 2.32962e-05
    outer loop
      vertex 31.996 -17.9001 2.13385
      vertex 29.3999 -19.399 3.03856
      vertex 31.5 -18.1865 1.32383
    endloop
  endfacet
  facet normal 0.537714 -0.840687 0.064103
    outer loop
      vertex 32.2594 -17.7481 7.70818
      vertex 34.8279 -16.1727 6.82368
      vertex 32.7278 -17.3852 8.53841
    endloop
  endfacet
  facet normal 0.537714 -0.840687 0.064103
    outer loop
      vertex 34.8279 -16.1727 6.82368
      vertex 32.2594 -17.7481 7.70818
      vertex 34.3595 -16.5356 5.99345
    endloop
  endfacet
  facet normal 0.602893 -0.774727 0.190571
    outer loop
      vertex 32.7278 -17.3852 8.53841
      vertex 35.2048 -15.6802 7.63347
      vertex 33.1047 -16.8927 9.3482
    endloop
  endfacet
  facet normal 0.602893 -0.774727 0.190571
    outer loop
      vertex 35.2048 -15.6802 7.63347
      vertex 32.7278 -17.3852 8.53841
      vertex 34.8279 -16.1727 6.82368
    endloop
  endfacet
  facet normal 0.653274 -0.689652 0.31243
    outer loop
      vertex 33.1047 -16.8927 9.3482
      vertex 34.5207 -15.6245 9.18682
      vertex 33.3807 -16.2827 10.1176
    endloop
  endfacet
  facet normal 0.653274 -0.689652 0.31243
    outer loop
      vertex 33.1047 -16.8927 9.3482
      vertex 34.1658 -16.2433 8.56297
      vertex 34.5207 -15.6245 9.18682
    endloop
  endfacet
  facet normal 0.653282 -0.689634 0.312455
    outer loop
      vertex 35.2048 -15.6802 7.63347
      vertex 34.1658 -16.2433 8.56297
      vertex 33.1047 -16.8927 9.3482
    endloop
  endfacet
  facet normal 0.653382 -0.689433 0.312689
    outer loop
      vertex 34.1658 -16.2433 8.56297
      vertex 35.2048 -15.6802 7.63347
      vertex 34.8764 -15.833 7.98278
    endloop
  endfacet
  facet normal 0.653348 -0.689491 0.312631
    outer loop
      vertex 34.8764 -15.833 7.98278
      vertex 35.2048 -15.6802 7.63347
      vertex 35.2273 -15.6304 7.69628
    endloop
  endfacet
  facet normal 0.687568 -0.587549 0.426658
    outer loop
      vertex 33.3807 -16.2827 10.1176
      vertex 34.7909 -14.8531 9.81373
      vertex 33.549 -15.5701 10.8277
    endloop
  endfacet
  facet normal 0.687574 -0.587559 0.426634
    outer loop
      vertex 34.7909 -14.8531 9.81373
      vertex 33.3807 -16.2827 10.1176
      vertex 34.5207 -15.6245 9.18682
    endloop
  endfacet
  facet normal 0.704931 -0.471056 0.530262
    outer loop
      vertex 33.549 -15.5701 10.8277
      vertex 34.9383 -14.0031 10.3728
      vertex 33.6056 -14.7725 11.461
    endloop
  endfacet
  facet normal 0.704919 -0.471034 0.530299
    outer loop
      vertex 34.9383 -14.0031 10.3728
      vertex 33.549 -15.5701 10.8277
      vertex 34.7909 -14.8531 9.81373
    endloop
  endfacet
  facet normal 0.704902 -0.342986 0.620865
    outer loop
      vertex 33.549 -13.9096 12.0018
      vertex 34.9383 -14.0031 10.3728
      vertex 34.9593 -13.0954 10.8504
    endloop
  endfacet
  facet normal 0.704933 -0.342885 0.620886
    outer loop
      vertex 34.9383 -14.0031 10.3728
      vertex 33.549 -13.9096 12.0018
      vertex 33.6056 -14.7725 11.461
    endloop
  endfacet
  facet normal 0.687563 -0.206289 0.696206
    outer loop
      vertex 33.3807 -13.0026 12.4369
      vertex 34.9593 -13.0954 10.8504
      vertex 34.8533 -12.1524 11.2345
    endloop
  endfacet
  facet normal 0.687544 -0.206395 0.696193
    outer loop
      vertex 34.9593 -13.0954 10.8504
      vertex 33.3807 -13.0026 12.4369
      vertex 33.549 -13.9096 12.0018
    endloop
  endfacet
  facet normal 0.65331 -0.0647739 0.754314
    outer loop
      vertex 33.1047 -12.0739 12.7557
      vertex 34.8533 -12.1524 11.2345
      vertex 34.6231 -11.1972 11.5159
    endloop
  endfacet
  facet normal 0.65331 -0.0647807 0.754314
    outer loop
      vertex 34.8533 -12.1524 11.2345
      vertex 33.1047 -12.0739 12.7557
      vertex 33.3807 -13.0026 12.4369
    endloop
  endfacet
  facet normal 0.602898 0.0785969 0.793937
    outer loop
      vertex 32.7278 -11.1462 12.9501
      vertex 34.6231 -11.1972 11.5159
      vertex 34.2741 -10.2535 11.6875
    endloop
  endfacet
  facet normal 0.602899 0.0785716 0.793939
    outer loop
      vertex 34.6231 -11.1972 11.5159
      vertex 32.7278 -11.1462 12.9501
      vertex 33.1047 -12.0739 12.7557
    endloop
  endfacet
  facet normal 0.537699 0.219811 0.81398
    outer loop
      vertex 32.2594 -10.2425 13.0154
      vertex 34.2741 -10.2535 11.6875
      vertex 33.8151 -9.34437 11.7452
    endloop
  endfacet
  facet normal 0.537691 0.219876 0.813967
    outer loop
      vertex 34.2741 -10.2535 11.6875
      vertex 32.2594 -10.2425 13.0154
      vertex 32.7278 -11.1462 12.9501
    endloop
  endfacet
  facet normal 0.459225 0.35574 0.813979
    outer loop
      vertex 33.2573 -8.49228 11.6875
      vertex 32.2594 -10.2425 13.0154
      vertex 33.8151 -9.34437 11.7452
    endloop
  endfacet
  facet normal 0.459265 0.355709 0.813969
    outer loop
      vertex 32.2594 -10.2425 13.0154
      vertex 33.2573 -8.49228 11.6875
      vertex 31.711 -9.38502 12.9501
    endloop
  endfacet
  facet normal 0.369485 0.482869 0.793926
    outer loop
      vertex 32.6144 -7.7182 11.5159
      vertex 31.711 -9.38502 12.9501
      vertex 33.2573 -8.49228 11.6875
    endloop
  endfacet
  facet normal 0.369502 0.482859 0.793924
    outer loop
      vertex 31.711 -9.38502 12.9501
      vertex 32.6144 -7.7182 11.5159
      vertex 31.0961 -8.59484 12.7557
    endloop
  endfacet
  facet normal 0.270606 0.598136 0.754324
    outer loop
      vertex 31.9024 -7.0412 11.2345
      vertex 31.0961 -8.59484 12.7557
      vertex 32.6144 -7.7182 11.5159
    endloop
  endfacet
  facet normal 0.270526 0.598175 0.754322
    outer loop
      vertex 31.0961 -8.59484 12.7557
      vertex 31.9024 -7.0412 11.2345
      vertex 30.4297 -7.89144 12.4369
    endloop
  endfacet
  facet normal 0.1651 0.698598 0.696206
    outer loop
      vertex 31.1387 -6.47793 10.8504
      vertex 30.4297 -7.89144 12.4369
      vertex 31.9024 -7.0412 11.2345
    endloop
  endfacet
  facet normal 0.165065 0.698611 0.696202
    outer loop
      vertex 30.4297 -7.89144 12.4369
      vertex 31.1387 -6.47793 10.8504
      vertex 29.7284 -7.29214 12.0018
    endloop
  endfacet
  facet normal 0.0554305 0.781962 0.620857
    outer loop
      vertex 30.3421 -6.04226 10.3728
      vertex 29.7284 -7.29214 12.0018
      vertex 31.1387 -6.47793 10.8504
    endloop
  endfacet
  facet normal 0.0555236 0.78194 0.620876
    outer loop
      vertex 29.7284 -7.29214 12.0018
      vertex 30.3421 -6.04226 10.3728
      vertex 29.0094 -6.81168 11.461
    endloop
  endfacet
  facet normal -0.0554512 0.846014 0.53027
    outer loop
      vertex 29.5323 -5.74492 9.81373
      vertex 29.0094 -6.81168 11.461
      vertex 30.3421 -6.04226 10.3728
    endloop
  endfacet
  facet normal -0.0554769 0.846016 0.530263
    outer loop
      vertex 29.0094 -6.81168 11.461
      vertex 29.5323 -5.74492 9.81373
      vertex 28.2904 -6.46189 10.8277
    endloop
  endfacet
  facet normal -0.165054 0.889243 0.42662
    outer loop
      vertex 28.7291 -5.59324 9.18682
      vertex 28.2904 -6.46189 10.8277
      vertex 29.5323 -5.74492 9.81373
    endloop
  endfacet
  facet normal -0.165079 0.889242 0.426612
    outer loop
      vertex 28.2904 -6.46189 10.8277
      vertex 28.7291 -5.59324 9.18682
      vertex 27.5891 -6.25141 10.1176
    endloop
  endfacet
  facet normal -0.27062 0.910577 0.312434
    outer loop
      vertex 28.0159 -5.59115 8.56298
      vertex 27.5891 -6.25141 10.1176
      vertex 28.7291 -5.59324 9.18682
    endloop
  endfacet
  facet normal -0.270593 0.910581 0.312444
    outer loop
      vertex 27.5891 -6.25141 10.1176
      vertex 28.0159 -5.59115 8.56298
      vertex 26.9228 -6.18541 9.3482
    endloop
  endfacet
  facet normal -0.268471 0.910272 0.315164
    outer loop
      vertex 28.0957 -5.54504 8.49778
      vertex 26.9228 -6.18541 9.3482
      vertex 28.0159 -5.59115 8.56298
    endloop
  endfacet
  facet normal -0.270736 0.910583 0.312314
    outer loop
      vertex 29.0229 -4.97292 7.63347
      vertex 28.0957 -5.54504 8.49778
      vertex 28.7264 -5.18089 7.9828
    endloop
  endfacet
  facet normal -0.270696 0.910583 0.312348
    outer loop
      vertex 29.0229 -4.97292 7.63347
      vertex 28.7264 -5.18089 7.9828
      vertex 29.0773 -4.9783 7.6963
    endloop
  endfacet
  facet normal -0.270601 0.910575 0.312454
    outer loop
      vertex 28.0957 -5.54504 8.49778
      vertex 29.0229 -4.97292 7.63347
      vertex 26.9228 -6.18541 9.3482
    endloop
  endfacet
  facet normal -0.369473 0.909486 0.190591
    outer loop
      vertex 29.0229 -4.97292 7.63347
      vertex 26.3079 -6.26551 8.53841
      vertex 26.9228 -6.18541 9.3482
    endloop
  endfacet
  facet normal -0.36947 0.909485 0.1906
    outer loop
      vertex 26.3079 -6.26551 8.53841
      vertex 29.0229 -4.97292 7.63347
      vertex 28.408 -5.05301 6.82368
    endloop
  endfacet
  facet normal -0.459213 0.886011 0.0640886
    outer loop
      vertex 28.408 -5.05301 6.82368
      vertex 25.7594 -6.48974 7.70818
      vertex 26.3079 -6.26551 8.53841
    endloop
  endfacet
  facet normal -0.459213 0.886011 0.0640886
    outer loop
      vertex 25.7594 -6.48974 7.70818
      vertex 28.408 -5.05301 6.82368
      vertex 27.8595 -5.27724 5.99345
    endloop
  endfacet
  facet normal -0.500001 0.866025 2.26293e-06
    outer loop
      vertex 27.8595 -5.27724 5.99345
      vertex 24.0594 -7.47123 4.9321
      vertex 25.7594 -6.48974 7.70818
    endloop
  endfacet
  facet normal -0.5 0.866025 -1.5003e-06
    outer loop
      vertex 24.0594 -7.47123 4.9321
      vertex 27.8595 -5.27724 5.99345
      vertex 26.1595 -6.25874 3.21737
    endloop
  endfacet
  facet normal 0.500002 0.288675 0.816496
    outer loop
      vertex 7.95954 25.2646 3.21737
      vertex 24.0594 -7.47123 4.9321
      vertex 26.1595 -6.25874 3.21737
    endloop
  endfacet
  facet normal 0.5 0.288674 0.816497
    outer loop
      vertex 24.0594 -7.47123 4.9321
      vertex 7.95954 25.2646 3.21737
      vertex 5.85943 24.0521 4.9321
    endloop
  endfacet
  facet normal 0.45914 0.355871 0.81397
    outer loop
      vertex 7.89204 25.3701 3.20932
      vertex 5.85943 24.0521 4.9321
      vertex 7.95954 25.2646 3.21737
    endloop
  endfacet
  facet normal 0.459161 0.355841 0.813971
    outer loop
      vertex 5.85943 24.0521 4.9321
      vertex 7.89204 25.3701 3.20932
      vertex 5.79194 24.1576 4.92405
    endloop
  endfacet
  facet normal 0.369519 0.482797 0.793954
    outer loop
      vertex 7.81635 25.4674 3.18538
      vertex 5.79194 24.1576 4.92405
      vertex 7.89204 25.3701 3.20932
    endloop
  endfacet
  facet normal 0.369519 0.482797 0.793954
    outer loop
      vertex 5.79194 24.1576 4.92405
      vertex 7.81635 25.4674 3.18538
      vertex 5.71625 24.2549 4.90011
    endloop
  endfacet
  facet normal 0.2707 0.598007 0.754393
    outer loop
      vertex 7.73434 25.554 3.14616
      vertex 5.71625 24.2549 4.90011
      vertex 7.81635 25.4674 3.18538
    endloop
  endfacet
  facet normal 0.2707 0.598007 0.754393
    outer loop
      vertex 5.71625 24.2549 4.90011
      vertex 7.73434 25.554 3.14616
      vertex 5.63424 24.3415 4.86089
    endloop
  endfacet
  facet normal 0.164822 0.698845 0.696024
    outer loop
      vertex 7.64803 25.6277 3.0926
      vertex 5.63424 24.3415 4.86089
      vertex 7.73434 25.554 3.14616
    endloop
  endfacet
  facet normal 0.164813 0.698852 0.696019
    outer loop
      vertex 5.63424 24.3415 4.86089
      vertex 7.64803 25.6277 3.0926
      vertex 5.54792 24.4152 4.80733
    endloop
  endfacet
  facet normal 0.0553594 0.782028 0.62078
    outer loop
      vertex 7.55954 25.6868 3.02604
      vertex 5.54792 24.4152 4.80733
      vertex 7.64803 25.6277 3.0926
    endloop
  endfacet
  facet normal 0.0553594 0.782028 0.62078
    outer loop
      vertex 5.54792 24.4152 4.80733
      vertex 7.55954 25.6868 3.02604
      vertex 5.45943 24.4743 4.74077
    endloop
  endfacet
  facet normal -0.0552084 0.845878 0.530511
    outer loop
      vertex 7.47105 25.7299 2.94811
      vertex 5.45943 24.4743 4.74077
      vertex 7.55954 25.6868 3.02604
    endloop
  endfacet
  facet normal -0.0552116 0.84588 0.530509
    outer loop
      vertex 5.45943 24.4743 4.74077
      vertex 7.47105 25.7299 2.94811
      vertex 5.37095 24.5174 4.66284
    endloop
  endfacet
  facet normal -0.165115 0.889253 0.426575
    outer loop
      vertex 7.38474 25.7558 2.86071
      vertex 5.37095 24.5174 4.66284
      vertex 7.47105 25.7299 2.94811
    endloop
  endfacet
  facet normal -0.165105 0.88925 0.426584
    outer loop
      vertex 5.37095 24.5174 4.66284
      vertex 7.38474 25.7558 2.86071
      vertex 5.28463 24.5433 4.57544
    endloop
  endfacet
  facet normal -0.270716 0.910586 0.312325
    outer loop
      vertex 7.30273 25.7639 2.76601
      vertex 5.28463 24.5433 4.57544
      vertex 7.38474 25.7558 2.86071
    endloop
  endfacet
  facet normal -0.270716 0.910586 0.312325
    outer loop
      vertex 5.28463 24.5433 4.57544
      vertex 7.30273 25.7639 2.76601
      vertex 5.20262 24.5514 4.48074
    endloop
  endfacet
  facet normal -0.369204 0.90952 0.190948
    outer loop
      vertex 7.30273 25.7639 2.76601
      vertex 5.12693 24.5416 4.38107
      vertex 5.20262 24.5514 4.48074
    endloop
  endfacet
  facet normal -0.369204 0.90952 0.190948
    outer loop
      vertex 5.12693 24.5416 4.38107
      vertex 7.30273 25.7639 2.76601
      vertex 7.22704 25.7541 2.66634
    endloop
  endfacet
  facet normal -0.459253 0.885995 0.0640259
    outer loop
      vertex 7.22704 25.7541 2.66634
      vertex 5.05944 24.514 4.2789
      vertex 5.12693 24.5416 4.38107
    endloop
  endfacet
  facet normal -0.459253 0.885995 0.0640259
    outer loop
      vertex 5.05944 24.514 4.2789
      vertex 7.22704 25.7541 2.66634
      vertex 7.15955 25.7265 2.56417
    endloop
  endfacet
  facet normal -0.500023 0.866012 -3.77377e-05
    outer loop
      vertex 6.81407 25.527 2
      vertex 5.05944 24.514 4.2789
      vertex 7.15955 25.7265 2.56417
    endloop
  endfacet
  facet normal -0.500005 0.866023 -1.86194e-05
    outer loop
      vertex 5.05944 24.514 4.2789
      vertex 6.81407 25.527 2
      vertex 3.87551 23.8304 2
    endloop
  endfacet
  facet normal -0.499858 0.866107 -0.000120214
    outer loop
      vertex 5.05944 24.514 4.2789
      vertex 3.87551 23.8304 2
      vertex 3.73444 23.749 2.11519
    endloop
  endfacet
  facet normal -0.537676 0.840688 -0.0643976
    outer loop
      vertex 3.69273 23.7135 2
      vertex 3.73444 23.749 2.11519
      vertex 3.87551 23.8304 2
    endloop
  endfacet
  facet normal -0.537732 0.840655 -0.0643673
    outer loop
      vertex 3.73444 23.749 2.11519
      vertex 3.69273 23.7135 2
      vertex 3.67679 23.7043 2.01301
    endloop
  endfacet
  facet normal -0.602643 0.774978 -0.190341
    outer loop
      vertex 3.67679 23.7043 2.01301
      vertex 3.69273 23.7135 2
      vertex 3.67074 23.6964 2
    endloop
  endfacet
  facet normal -0.694942 0.585736 -0.417096
    outer loop
      vertex 5.69723 24.7065 0
      vertex 5.69704 24.7057 -0.000806889
      vertex 5.69605 24.7051 0
    endloop
  endfacet
  facet normal -0.711267 0.466647 -0.525681
    outer loop
      vertex 5.69493 24.6758 -0.0244942
      vertex 5.69605 24.7051 0
      vertex 5.69704 24.7057 -0.000806889
    endloop
  endfacet
  facet normal -0.705472 0.471726 -0.528946
    outer loop
      vertex 5.59365 24.5518 0
      vertex 5.69493 24.6758 -0.0244942
      vertex 5.62365 24.5692 -0.0244942
    endloop
  endfacet
  facet normal -0.704706 0.470723 -0.530857
    outer loop
      vertex 5.69493 24.6758 -0.0244942
      vertex 5.59365 24.5518 0
      vertex 5.69605 24.7051 0
    endloop
  endfacet
  facet normal -0.705404 0.343131 -0.620214
    outer loop
      vertex 5.54908 24.4159 -0.0244942
      vertex 5.59365 24.5518 0
      vertex 5.62365 24.5692 -0.0244942
    endloop
  endfacet
  facet normal -0.704807 0.343064 -0.62093
    outer loop
      vertex 5.59365 24.5518 0
      vertex 5.54908 24.4159 -0.0244942
      vertex 5.51908 24.3986 0
    endloop
  endfacet
  facet normal -0.687487 0.206384 -0.696253
    outer loop
      vertex 5.5042 24.2664 -0.0244942
      vertex 5.51908 24.3986 0
      vertex 5.54908 24.4159 -0.0244942
    endloop
  endfacet
  facet normal -0.687612 0.206376 -0.696131
    outer loop
      vertex 5.51908 24.3986 0
      vertex 5.5042 24.2664 -0.0244942
      vertex 5.47421 24.2491 0
    endloop
  endfacet
  facet normal -0.653353 0.0646456 -0.754288
    outer loop
      vertex 5.49014 24.1243 -0.0244942
      vertex 5.47421 24.2491 0
      vertex 5.5042 24.2664 -0.0244942
    endloop
  endfacet
  facet normal -0.653236 0.06468 -0.754387
    outer loop
      vertex 5.47421 24.2491 0
      vertex 5.49014 24.1243 -0.0244942
      vertex 5.46014 24.107 0
    endloop
  endfacet
  facet normal -0.602939 -0.0785062 -0.793915
    outer loop
      vertex 5.46014 24.107 0
      vertex 5.50721 23.9932 -0.0244942
      vertex 5.47721 23.9759 0
    endloop
  endfacet
  facet normal -0.602939 -0.0785062 -0.793915
    outer loop
      vertex 5.50721 23.9932 -0.0244942
      vertex 5.46014 24.107 0
      vertex 5.49014 24.1243 -0.0244942
    endloop
  endfacet
  facet normal -0.537789 -0.219808 -0.813921
    outer loop
      vertex 5.47721 23.9759 0
      vertex 5.55499 23.8763 -0.0244942
      vertex 5.52499 23.859 0
    endloop
  endfacet
  facet normal -0.537789 -0.219808 -0.813921
    outer loop
      vertex 5.55499 23.8763 -0.0244942
      vertex 5.47721 23.9759 0
      vertex 5.50721 23.9932 -0.0244942
    endloop
  endfacet
  facet normal -0.499993 -0.288671 -0.816502
    outer loop
      vertex 23.793 -7.7821 0
      vertex 5.55499 23.8763 -0.0244942
      vertex 23.823 -7.76478 -0.0244942
    endloop
  endfacet
  facet normal -0.500089 -0.288727 -0.816424
    outer loop
      vertex 5.55499 23.8763 -0.0244942
      vertex 23.793 -7.7821 0
      vertex 5.52499 23.859 0
    endloop
  endfacet
  facet normal -0.602919 0.774685 -0.190659
    outer loop
      vertex 22.7762 -8.57948 -0.0244942
      vertex 23.793 -7.7821 0
      vertex 23.823 -7.76478 -0.0244942
    endloop
  endfacet
  facet normal -0.602919 0.774685 -0.190659
    outer loop
      vertex 23.793 -7.7821 0
      vertex 22.7762 -8.57948 -0.0244942
      vertex 22.7462 -8.5968 0
    endloop
  endfacet
  facet normal -0.653262 0.689659 -0.312441
    outer loop
      vertex 21.5578 -9.73358 -0.0244942
      vertex 22.7462 -8.5968 0
      vertex 22.7762 -8.57948 -0.0244942
    endloop
  endfacet
  facet normal -0.653262 0.689659 -0.312441
    outer loop
      vertex 22.7462 -8.5968 0
      vertex 21.5578 -9.73358 -0.0244942
      vertex 21.5278 -9.7509 0
    endloop
  endfacet
  facet normal -0.687544 0.587645 -0.426563
    outer loop
      vertex 21.5578 -9.73358 -0.0244942
      vertex 21.4208 -9.87609 0
      vertex 21.5278 -9.7509 0
    endloop
  endfacet
  facet normal -0.68748 0.587541 -0.42681
    outer loop
      vertex 21.4208 -9.87609 0
      vertex 21.5578 -9.73358 -0.0244942
      vertex 21.415 -9.90067 -0.0244942
    endloop
  endfacet
  facet normal -0.537675 0.840708 -0.0641595
    outer loop
      vertex 31.5104 -11.5874 8.59153
      vertex 30.9044 -11.9486 8.93703
      vertex 30.9621 -11.9039 9.03921
    endloop
  endfacet
  facet normal -0.537616 0.840757 -0.0640053
    outer loop
      vertex 30.9044 -11.9486 8.93703
      vertex 31.5104 -11.5874 8.59153
      vertex 31.4381 -11.6405 8.50131
    endloop
  endfacet
  facet normal 0.459268 -0.885984 -0.0640772
    outer loop
      vertex 30.1044 -10.563 8.93703
      vertex 30.7202 -10.2188 8.59153
      vertex 30.1719 -10.5354 9.03921
    endloop
  endfacet
  facet normal 0.459473 -0.885909 -0.0636375
    outer loop
      vertex 30.7202 -10.2188 8.59153
      vertex 30.1044 -10.563 8.93703
      vertex 30.6381 -10.2549 8.50131
    endloop
  endfacet
  facet normal -0.537669 -0.219939 -0.813965
    outer loop
      vertex 30.9044 -11.0248 9.59023
      vertex 31.5882 -10.7745 9.07091
      vertex 30.9621 -11.1361 9.58219
    endloop
  endfacet
  facet normal -0.537703 -0.219849 -0.813967
    outer loop
      vertex 31.5882 -10.7745 9.07091
      vertex 30.9044 -11.0248 9.59023
      vertex 31.5317 -10.6626 9.07801
    endloop
  endfacet
  facet normal 0.537683 0.219837 0.813983
    outer loop
      vertex 30.0468 -11.3755 8.29188
      vertex 30.5444 -11.2327 7.92462
      vertex 30.4879 -11.1208 7.93172
    endloop
  endfacet
  facet normal 0.537753 0.219622 0.813995
    outer loop
      vertex 30.5444 -11.2327 7.92462
      vertex 30.0468 -11.3755 8.29188
      vertex 30.1044 -11.4867 8.28383
    endloop
  endfacet
  facet normal -0.704913 0.343047 -0.62082
    outer loop
      vertex 31.67 -11.236 8.9091
      vertex 31.0631 -11.4762 9.46548
      vertex 31.6726 -11.1243 8.96787
    endloop
  endfacet
  facet normal -0.704928 0.342772 -0.620954
    outer loop
      vertex 31.0631 -11.4762 9.46548
      vertex 31.67 -11.236 8.9091
      vertex 31.0701 -11.5824 9.39891
    endloop
  endfacet
  facet normal -0.0552877 -0.782034 -0.620779
    outer loop
      vertex 31.1043 -10.2562 8.9091
      vertex 30.5929 -10.6617 9.46548
      vertex 30.5044 -10.6026 9.39891
    endloop
  endfacet
  facet normal -0.0558835 -0.781732 -0.621106
    outer loop
      vertex 30.5929 -10.6617 9.46548
      vertex 31.1043 -10.2562 8.9091
      vertex 31.2023 -10.3099 8.96787
    endloop
  endfacet
  facet normal -0.36959 -0.482719 -0.793968
    outer loop
      vertex 30.8369 -10.9193 9.58219
      vertex 31.384 -10.4625 9.04979
      vertex 31.4631 -10.5578 9.07091
    endloop
  endfacet
  facet normal -0.369539 -0.482771 -0.79396
    outer loop
      vertex 31.384 -10.4625 9.04979
      vertex 30.8369 -10.9193 9.58219
      vertex 30.7612 -10.822 9.55826
    endloop
  endfacet
  facet normal 0.653204 -0.689701 0.312468
    outer loop
      vertex 29.9664 -10.7433 8.64049
      vertex 30.5051 -10.3769 8.3231
      vertex 30.0004 -10.6682 8.73518
    endloop
  endfacet
  facet normal 0.653158 -0.689868 0.312198
    outer loop
      vertex 30.5051 -10.3769 8.3231
      vertex 29.9664 -10.7433 8.64049
      vertex 30.4575 -10.4598 8.2395
    endloop
  endfacet
  facet normal -0.653214 0.689707 -0.312436
    outer loop
      vertex 31.6186 -11.4356 8.76313
      vertex 31.0084 -11.8433 9.13888
      vertex 31.0424 -11.7682 9.23358
    endloop
  endfacet
  facet normal -0.653162 0.689877 -0.312167
    outer loop
      vertex 31.0084 -11.8433 9.13888
      vertex 31.6186 -11.4356 8.76313
      vertex 31.571 -11.5185 8.67952
    endloop
  endfacet
  facet normal -0.602998 0.77458 -0.190837
    outer loop
      vertex 31.571 -11.5185 8.67952
      vertex 30.9621 -11.9039 9.03921
      vertex 31.0084 -11.8433 9.13888
    endloop
  endfacet
  facet normal -0.603072 0.77446 -0.191091
    outer loop
      vertex 30.9621 -11.9039 9.03921
      vertex 31.571 -11.5185 8.67952
      vertex 31.5104 -11.5874 8.59153
    endloop
  endfacet
  facet normal -0.653256 0.0645977 -0.754377
    outer loop
      vertex 31.0084 -11.2502 9.55826
      vertex 31.6595 -11.0082 9.01516
      vertex 31.0424 -11.3645 9.51903
    endloop
  endfacet
  facet normal -0.653318 0.0649553 -0.754292
    outer loop
      vertex 31.6595 -11.0082 9.01516
      vertex 31.0084 -11.2502 9.55826
      vertex 31.6312 -10.8907 9.04979
    endloop
  endfacet
  facet normal -0.603015 -0.0781933 -0.793888
    outer loop
      vertex 30.9621 -11.1361 9.58219
      vertex 31.6312 -10.8907 9.04979
      vertex 31.0084 -11.2502 9.55826
    endloop
  endfacet
  facet normal -0.602852 -0.0787808 -0.793954
    outer loop
      vertex 31.6312 -10.8907 9.04979
      vertex 30.9621 -11.1361 9.58219
      vertex 31.5882 -10.7745 9.07091
    endloop
  endfacet
  facet normal -0.687541 0.206355 -0.696208
    outer loop
      vertex 31.0424 -11.3645 9.51903
      vertex 31.6726 -11.1243 8.96787
      vertex 31.0631 -11.4762 9.46548
    endloop
  endfacet
  facet normal -0.687521 0.20605 -0.696318
    outer loop
      vertex 31.6726 -11.1243 8.96787
      vertex 31.0424 -11.3645 9.51903
      vertex 31.6595 -11.0082 9.01516
    endloop
  endfacet
  facet normal 0.165052 -0.889277 -0.42655
    outer loop
      vertex 30.9058 -10.201 8.76313
      vertex 30.4159 -10.5595 9.32097
      vertex 30.3296 -10.5336 9.23358
    endloop
  endfacet
  facet normal 0.165455 -0.889349 -0.426243
    outer loop
      vertex 30.4159 -10.5595 9.32097
      vertex 30.9058 -10.201 8.76313
      vertex 31.0046 -10.2196 8.84029
    endloop
  endfacet
  facet normal 0.0552407 -0.845888 -0.530492
    outer loop
      vertex 31.0046 -10.2196 8.84029
      vertex 30.5044 -10.6026 9.39891
      vertex 30.4159 -10.5595 9.32097
    endloop
  endfacet
  facet normal 0.0554702 -0.845967 -0.530341
    outer loop
      vertex 30.5044 -10.6026 9.39891
      vertex 31.0046 -10.2196 8.84029
      vertex 31.1043 -10.2562 8.9091
    endloop
  endfacet
  facet normal -0.459235 -0.355751 -0.813969
    outer loop
      vertex 30.9044 -11.0248 9.59023
      vertex 31.4631 -10.5578 9.07091
      vertex 31.5317 -10.6626 9.07801
    endloop
  endfacet
  facet normal -0.459179 -0.355819 -0.81397
    outer loop
      vertex 31.4631 -10.5578 9.07091
      vertex 30.9044 -11.0248 9.59023
      vertex 30.8369 -10.9193 9.58219
    endloop
  endfacet
  facet normal 0.270428 0.598283 0.754272
    outer loop
      vertex 30.6921 -11.4329 7.95284
      vertex 30.3296 -11.7761 8.35503
      vertex 30.7798 -11.5162 7.98747
    endloop
  endfacet
  facet normal 0.27072 0.598059 0.754345
    outer loop
      vertex 30.3296 -11.7761 8.35503
      vertex 30.6921 -11.4329 7.95284
      vertex 30.2476 -11.6895 8.3158
    endloop
  endfacet
  facet normal 0.459366 0.3555 0.814005
    outer loop
      vertex 30.5444 -11.2327 7.92462
      vertex 30.1719 -11.5923 8.29188
      vertex 30.613 -11.3376 7.93172
    endloop
  endfacet
  facet normal 0.459262 0.355615 0.814013
    outer loop
      vertex 30.1719 -11.5923 8.29188
      vertex 30.5444 -11.2327 7.92462
      vertex 30.1044 -11.4867 8.28383
    endloop
  endfacet
  facet normal 0.164952 0.698751 0.696087
    outer loop
      vertex 30.7798 -11.5162 7.98747
      vertex 30.4159 -11.8498 8.40858
      vertex 30.8738 -11.5855 8.03476
    endloop
  endfacet
  facet normal 0.164867 0.698803 0.696055
    outer loop
      vertex 30.4159 -11.8498 8.40858
      vertex 30.7798 -11.5162 7.98747
      vertex 30.3296 -11.7761 8.35503
    endloop
  endfacet
  facet normal -0.369351 0.909518 0.190674
    outer loop
      vertex 31.2659 -11.6947 8.3231
      vertex 30.8369 -11.9762 8.83485
      vertex 31.3559 -11.6766 8.4111
    endloop
  endfacet
  facet normal -0.369634 0.909459 0.190405
    outer loop
      vertex 30.8369 -11.9762 8.83485
      vertex 31.2659 -11.6947 8.3231
      vertex 30.7612 -11.9861 8.73518
    endloop
  endfacet
  facet normal 0.704944 -0.343033 0.620791
    outer loop
      vertex 29.9387 -10.9292 8.47515
      vertex 30.4035 -10.771 8.03476
      vertex 30.4061 -10.6593 8.09353
    endloop
  endfacet
  facet normal 0.704969 -0.342748 0.62092
    outer loop
      vertex 30.4035 -10.771 8.03476
      vertex 29.9387 -10.9292 8.47515
      vertex 29.9457 -11.0354 8.40858
    endloop
  endfacet
  facet normal 0.687566 -0.587524 0.426696
    outer loop
      vertex 29.9457 -10.831 8.55309
      vertex 30.4575 -10.4598 8.2395
      vertex 29.9664 -10.7433 8.64049
    endloop
  endfacet
  facet normal 0.687567 -0.587498 0.426728
    outer loop
      vertex 30.4575 -10.4598 8.2395
      vertex 29.9457 -10.831 8.55309
      vertex 30.4243 -10.5547 8.16234
    endloop
  endfacet
  facet normal 0.537583 -0.840782 0.0639471
    outer loop
      vertex 30.0468 -10.6076 8.83485
      vertex 30.6381 -10.2549 8.50131
      vertex 30.1044 -10.563 8.93703
    endloop
  endfacet
  facet normal 0.53761 -0.84076 0.0640188
    outer loop
      vertex 30.6381 -10.2549 8.50131
      vertex 30.0468 -10.6076 8.83485
      vertex 30.5658 -10.308 8.4111
    endloop
  endfacet
  facet normal -0.704916 0.471332 -0.530037
    outer loop
      vertex 31.0631 -11.6805 9.32097
      vertex 31.67 -11.236 8.9091
      vertex 31.6518 -11.3406 8.84029
    endloop
  endfacet
  facet normal -0.704919 0.471377 -0.529993
    outer loop
      vertex 31.67 -11.236 8.9091
      vertex 31.0631 -11.6805 9.32097
      vertex 31.0701 -11.5824 9.39891
    endloop
  endfacet
  facet normal -0.687628 0.587179 -0.427071
    outer loop
      vertex 31.0424 -11.7682 9.23358
      vertex 31.6518 -11.3406 8.84029
      vertex 31.6186 -11.4356 8.76313
    endloop
  endfacet
  facet normal -0.6876 0.587483 -0.426696
    outer loop
      vertex 31.6518 -11.3406 8.84029
      vertex 31.0424 -11.7682 9.23358
      vertex 31.0631 -11.6805 9.32097
    endloop
  endfacet
  facet normal 0.270716 -0.910595 -0.312297
    outer loop
      vertex 30.8102 -10.2007 8.67952
      vertex 30.3296 -10.5336 9.23358
      vertex 30.2476 -10.5255 9.13888
    endloop
  endfacet
  facet normal 0.270463 -0.910595 -0.312516
    outer loop
      vertex 30.3296 -10.5336 9.23358
      vertex 30.8102 -10.2007 8.67952
      vertex 30.9058 -10.201 8.76313
    endloop
  endfacet
  facet normal 0.369656 -0.909447 -0.190423
    outer loop
      vertex 30.7202 -10.2188 8.59153
      vertex 30.2476 -10.5255 9.13888
      vertex 30.1719 -10.5354 9.03921
    endloop
  endfacet
  facet normal 0.369362 -0.909506 -0.19071
    outer loop
      vertex 30.2476 -10.5255 9.13888
      vertex 30.7202 -10.2188 8.59153
      vertex 30.8102 -10.2007 8.67952
    endloop
  endfacet
  facet normal -0.270443 -0.598293 -0.754259
    outer loop
      vertex 30.7612 -10.822 9.55826
      vertex 31.2963 -10.3792 9.01516
      vertex 31.384 -10.4625 9.04979
    endloop
  endfacet
  facet normal -0.270361 -0.598361 -0.754234
    outer loop
      vertex 31.2963 -10.3792 9.01516
      vertex 30.7612 -10.822 9.55826
      vertex 30.6792 -10.7355 9.51903
    endloop
  endfacet
  facet normal -0.165295 -0.698502 -0.696256
    outer loop
      vertex 31.2023 -10.3099 8.96787
      vertex 30.6792 -10.7355 9.51903
      vertex 30.5929 -10.6617 9.46548
    endloop
  endfacet
  facet normal -0.164938 -0.698741 -0.696101
    outer loop
      vertex 30.6792 -10.7355 9.51903
      vertex 31.2023 -10.3099 8.96787
      vertex 31.2963 -10.3792 9.01516
    endloop
  endfacet
  facet normal -0.459212 0.886016 0.0640319
    outer loop
      vertex 31.4381 -11.6405 8.50131
      vertex 30.8369 -11.9762 8.83485
      vertex 30.9044 -11.9486 8.93703
    endloop
  endfacet
  facet normal -0.459261 0.885998 0.0639257
    outer loop
      vertex 30.8369 -11.9762 8.83485
      vertex 31.4381 -11.6405 8.50131
      vertex 31.3559 -11.6766 8.4111
    endloop
  endfacet
  facet normal 0.369623 0.48274 0.79394
    outer loop
      vertex 30.613 -11.3376 7.93172
      vertex 30.2476 -11.6895 8.3158
      vertex 30.6921 -11.4329 7.95284
    endloop
  endfacet
  facet normal 0.369331 0.483011 0.793911
    outer loop
      vertex 30.2476 -11.6895 8.3158
      vertex 30.613 -11.3376 7.93172
      vertex 30.1719 -11.5923 8.29188
    endloop
  endfacet
  facet normal 0.0553653 0.781968 0.620855
    outer loop
      vertex 30.8738 -11.5855 8.03476
      vertex 30.5044 -11.909 8.47515
      vertex 30.9718 -11.6391 8.09353
    endloop
  endfacet
  facet normal 0.0557832 0.781773 0.621063
    outer loop
      vertex 30.5044 -11.909 8.47515
      vertex 30.8738 -11.5855 8.03476
      vertex 30.4159 -11.8498 8.40858
    endloop
  endfacet
  facet normal -0.0554354 0.845993 0.530304
    outer loop
      vertex 30.9718 -11.6391 8.09353
      vertex 30.5929 -11.952 8.55309
      vertex 31.0715 -11.6757 8.16234
    endloop
  endfacet
  facet normal -0.0557576 0.846095 0.530108
    outer loop
      vertex 30.5929 -11.952 8.55309
      vertex 30.9718 -11.6391 8.09353
      vertex 30.5044 -11.909 8.47515
    endloop
  endfacet
  facet normal -0.270501 0.910557 0.312596
    outer loop
      vertex 31.1703 -11.6944 8.2395
      vertex 30.7612 -11.9861 8.73518
      vertex 31.2659 -11.6947 8.3231
    endloop
  endfacet
  facet normal -0.270202 0.91056 0.312844
    outer loop
      vertex 30.7612 -11.9861 8.73518
      vertex 31.1703 -11.6944 8.2395
      vertex 30.6792 -11.9779 8.64049
    endloop
  endfacet
  facet normal 0.687554 -0.206034 0.696289
    outer loop
      vertex 29.9457 -11.0354 8.40858
      vertex 30.4166 -10.8871 7.98747
      vertex 30.4035 -10.771 8.03476
    endloop
  endfacet
  facet normal 0.687567 -0.206502 0.696139
    outer loop
      vertex 30.4166 -10.8871 7.98747
      vertex 29.9457 -11.0354 8.40858
      vertex 29.9664 -11.147 8.35503
    endloop
  endfacet
  facet normal 0.65331 -0.064905 0.754303
    outer loop
      vertex 29.9664 -11.147 8.35503
      vertex 30.4449 -11.0047 7.95284
      vertex 30.4166 -10.8871 7.98747
    endloop
  endfacet
  facet normal 0.653269 -0.0645897 0.754366
    outer loop
      vertex 30.4449 -11.0047 7.95284
      vertex 29.9664 -11.147 8.35503
      vertex 30.0004 -11.2613 8.3158
    endloop
  endfacet
  facet normal 0.7049 -0.471107 0.530259
    outer loop
      vertex 29.9387 -10.9292 8.47515
      vertex 30.4243 -10.5547 8.16234
      vertex 29.9457 -10.831 8.55309
    endloop
  endfacet
  facet normal 0.704924 -0.471329 0.53003
    outer loop
      vertex 30.4243 -10.5547 8.16234
      vertex 29.9387 -10.9292 8.47515
      vertex 30.4061 -10.6593 8.09353
    endloop
  endfacet
  facet normal 0.602797 -0.774826 0.190475
    outer loop
      vertex 30.0004 -10.6682 8.73518
      vertex 30.5658 -10.308 8.4111
      vertex 30.0468 -10.6076 8.83485
    endloop
  endfacet
  facet normal 0.602866 -0.774711 0.190723
    outer loop
      vertex 30.5658 -10.308 8.4111
      vertex 30.0004 -10.6682 8.73518
      vertex 30.5051 -10.3769 8.3231
    endloop
  endfacet
  facet normal -0.16493 0.88923 0.426694
    outer loop
      vertex 31.0715 -11.6757 8.16234
      vertex 30.6792 -11.9779 8.64049
      vertex 31.1703 -11.6944 8.2395
    endloop
  endfacet
  facet normal -0.165116 0.88926 0.42656
    outer loop
      vertex 30.6792 -11.9779 8.64049
      vertex 31.0715 -11.6757 8.16234
      vertex 30.5929 -11.952 8.55309
    endloop
  endfacet
  facet normal 0.602818 0.0788323 0.793975
    outer loop
      vertex 30.0004 -11.2613 8.3158
      vertex 30.4879 -11.1208 7.93172
      vertex 30.4449 -11.0047 7.95284
    endloop
  endfacet
  facet normal 0.602861 0.0786447 0.793961
    outer loop
      vertex 30.4879 -11.1208 7.93172
      vertex 30.0004 -11.2613 8.3158
      vertex 30.0468 -11.3755 8.29188
    endloop
  endfacet
  facet normal -0.884542 0.266548 0.382802
    outer loop
      vertex 30.9036 -12.8131 9.53714
      vertex 30.9044 -11.9486 8.93703
      vertex 30.793 -12.8987 9.34118
    endloop
  endfacet
  facet normal -0.884509 0.266584 0.382853
    outer loop
      vertex 30.9036 -12.8131 9.53714
      vertex 30.9621 -11.9039 9.03921
      vertex 30.9044 -11.9486 8.93703
    endloop
  endfacet
  facet normal -0.891611 0.260284 0.370516
    outer loop
      vertex 30.9621 -11.9039 9.03921
      vertex 30.9036 -12.8131 9.53714
      vertex 30.9059 -12.8112 9.54134
    endloop
  endfacet
  facet normal -0.831659 0.297042 0.469159
    outer loop
      vertex 30.8369 -11.9762 8.83485
      vertex 30.6636 -12.9516 9.14521
      vertex 30.9044 -11.9486 8.93703
    endloop
  endfacet
  facet normal -0.831482 0.297099 0.469436
    outer loop
      vertex 30.6636 -12.9516 9.14521
      vertex 30.8369 -11.9762 8.83485
      vertex 30.6608 -12.9528 9.14101
    endloop
  endfacet
  facet normal -0.158461 -0.868753 0.469211
    outer loop
      vertex 30.0468 -10.6076 8.83485
      vertex 29.2259 -10.1844 9.34118
      vertex 29.1129 -10.2719 9.14101
    endloop
  endfacet
  facet normal -0.158806 -0.868917 0.46879
    outer loop
      vertex 29.2259 -10.1844 9.34118
      vertex 30.0468 -10.6076 8.83485
      vertex 30.1044 -10.563 8.93703
    endloop
  endfacet
  facet normal -0.211547 -0.0609314 0.975467
    outer loop
      vertex 29.3553 -12.1963 8.07705
      vertex 30.1044 -11.4867 8.28383
      vertex 29.2259 -11.9939 8.06163
    endloop
  endfacet
  facet normal -0.490477 -0.869183 0.0628712
    outer loop
      vertex 30.0058 -10.2602 10.2428
      vertex 30.5044 -10.6026 9.39891
      vertex 30.0094 -10.262 10.246
    endloop
  endfacet
  facet normal -0.484398 -0.872225 0.0676972
    outer loop
      vertex 30.5044 -10.6026 9.39891
      vertex 30.0058 -10.2602 10.2428
      vertex 30.4159 -10.5595 9.32097
    endloop
  endfacet
  facet normal -0.558864 0.269987 0.784078
    outer loop
      vertex 30.1792 -12.9037 8.58587
      vertex 30.5044 -11.909 8.47515
      vertex 30.0094 -12.8211 8.4364
    endloop
  endfacet
  facet normal -0.0456728 -0.532723 0.845057
    outer loop
      vertex 29.9387 -10.9292 8.47515
      vertex 28.9016 -10.9061 8.43366
      vertex 29.9457 -11.0354 8.40858
    endloop
  endfacet
  facet normal -0.0456528 -0.539086 0.841013
    outer loop
      vertex 28.9016 -10.9061 8.43366
      vertex 29.9387 -10.9292 8.47515
      vertex 28.9013 -10.9018 8.4364
    endloop
  endfacet
  facet normal -0.0573392 -0.69784 0.713955
    outer loop
      vertex 29.9664 -10.7433 8.64049
      vertex 28.9556 -10.5377 8.76027
      vertex 28.9158 -10.7059 8.59267
    endloop
  endfacet
  facet normal -0.410229 -0.901522 0.137736
    outer loop
      vertex 30.3296 -10.5336 9.23358
      vertex 29.8325 -10.1766 10.0897
      vertex 29.667 -10.1269 9.92208
    endloop
  endfacet
  facet normal -0.985861 -0.161667 -0.0440672
    outer loop
      vertex 31.1039 -11.9733 10.3764
      vertex 31.0642 -11.7592 10.4791
      vertex 31.0631 -11.4762 9.46548
    endloop
  endfacet
  facet normal -0.70424 0.313664 0.636915
    outer loop
      vertex 30.5125 -12.9721 8.94577
      vertex 30.7612 -11.9861 8.73518
      vertex 30.3552 -12.9565 8.76416
    endloop
  endfacet
  facet normal -0.83174 0.297033 0.469021
    outer loop
      vertex 30.793 -12.8987 9.34118
      vertex 30.9044 -11.9486 8.93703
      vertex 30.6636 -12.9516 9.14521
    endloop
  endfacet
  facet normal -0.410199 0.170622 0.895893
    outer loop
      vertex 29.8325 -12.7022 8.3038
      vertex 30.4159 -11.8498 8.40858
      vertex 30.3296 -11.7761 8.35503
    endloop
  endfacet
  facet normal -0.405424 0.167004 0.898744
    outer loop
      vertex 30.4159 -11.8498 8.40858
      vertex 29.8325 -12.7022 8.3038
      vertex 29.8361 -12.7053 8.306
    endloop
  endfacet
  facet normal -0.484044 0.226755 0.845153
    outer loop
      vertex 30.0058 -12.8187 8.43366
      vertex 30.5044 -11.909 8.47515
      vertex 30.4159 -11.8498 8.40858
    endloop
  endfacet
  facet normal -0.488177 0.229158 0.842122
    outer loop
      vertex 30.5044 -11.909 8.47515
      vertex 30.0058 -12.8187 8.43366
      vertex 30.0094 -12.8211 8.4364
    endloop
  endfacet
  facet normal -0.0804997 -0.76678 0.636842
    outer loop
      vertex 29.9664 -10.7433 8.64049
      vertex 29.0207 -10.3937 8.94188
      vertex 28.9556 -10.5377 8.76027
    endloop
  endfacet
  facet normal -0.0573386 -0.69791 0.713886
    outer loop
      vertex 28.9158 -10.7059 8.59267
      vertex 29.9457 -10.831 8.55309
      vertex 29.9664 -10.7433 8.64049
    endloop
  endfacet
  facet normal -0.0574372 -0.698528 0.713274
    outer loop
      vertex 29.9457 -10.831 8.55309
      vertex 28.9158 -10.7059 8.59267
      vertex 28.915 -10.7095 8.58908
    endloop
  endfacet
  facet normal -0.633206 -0.772718 -0.0442446
    outer loop
      vertex 30.5929 -10.6617 9.46548
      vertex 30.3483 -10.5193 10.4791
      vertex 30.1828 -10.3778 10.3764
    endloop
  endfacet
  facet normal -0.559073 -0.829092 0.0067003
    outer loop
      vertex 30.5929 -10.6617 9.46548
      vertex 30.1828 -10.3778 10.3764
      vertex 30.0131 -10.2644 10.2487
    endloop
  endfacet
  facet normal -0.625158 -0.779476 -0.0399366
    outer loop
      vertex 30.3483 -10.5193 10.4791
      vertex 30.6792 -10.7355 9.51903
      vertex 30.3519 -10.5223 10.4813
    endloop
  endfacet
  facet normal -0.633275 -0.77266 -0.0442694
    outer loop
      vertex 30.6792 -10.7355 9.51903
      vertex 30.3483 -10.5193 10.4791
      vertex 30.5929 -10.6617 9.46548
    endloop
  endfacet
  facet normal -0.704201 -0.705083 -0.0834169
    outer loop
      vertex 30.7612 -10.822 9.55826
      vertex 30.5125 -10.6919 10.5581
      vertex 30.3552 -10.5259 10.4829
    endloop
  endfacet
  facet normal -0.713643 -0.694584 -0.0909249
    outer loop
      vertex 30.3519 -10.5223 10.4813
      vertex 30.7612 -10.822 9.55826
      vertex 30.3552 -10.5259 10.4829
    endloop
  endfacet
  facet normal -0.704092 -0.705214 -0.0832383
    outer loop
      vertex 30.7612 -10.822 9.55826
      vertex 30.3519 -10.5223 10.4813
      vertex 30.6792 -10.7355 9.51903
    endloop
  endfacet
  facet normal -0.211435 -0.899292 0.382844
    outer loop
      vertex 30.1719 -10.5354 9.03921
      vertex 29.3581 -10.1303 9.54134
      vertex 29.2287 -10.1833 9.34538
    endloop
  endfacet
  facet normal -0.928622 -0.354295 -0.110169
    outer loop
      vertex 31.0084 -11.2502 9.55826
      vertex 30.9968 -11.5307 10.5581
      vertex 30.9078 -11.3117 10.604
    endloop
  endfacet
  facet normal -0.962626 0.164627 0.215056
    outer loop
      vertex 31.0619 -12.5485 9.91819
      vertex 31.0424 -11.7682 9.23358
      vertex 31.0084 -11.8433 9.13888
    endloop
  endfacet
  facet normal -0.962586 0.164722 0.215163
    outer loop
      vertex 31.0424 -11.7682 9.23358
      vertex 31.0619 -12.5485 9.91819
      vertex 31.0633 -12.5454 9.92208
    endloop
  endfacet
  facet normal -0.928577 0.222086 0.297358
    outer loop
      vertex 30.9949 -12.695 9.73248
      vertex 30.9621 -11.9039 9.03921
      vertex 30.9059 -12.8112 9.54134
    endloop
  endfacet
  facet normal -0.77107 0.312929 0.55455
    outer loop
      vertex 30.5125 -12.9721 8.94577
      vertex 30.8369 -11.9762 8.83485
      vertex 30.7612 -11.9861 8.73518
    endloop
  endfacet
  facet normal -0.772004 0.313079 0.553166
    outer loop
      vertex 30.8369 -11.9762 8.83485
      vertex 30.5125 -12.9721 8.94577
      vertex 30.5156 -12.9717 8.94987
    endloop
  endfacet
  facet normal -0.770955 0.312919 0.554716
    outer loop
      vertex 30.6608 -12.9528 9.14101
      vertex 30.8369 -11.9762 8.83485
      vertex 30.5156 -12.9717 8.94987
    endloop
  endfacet
  facet normal -0.704207 0.31359 0.636988
    outer loop
      vertex 30.3519 -12.9562 8.76027
      vertex 30.7612 -11.9861 8.73518
      vertex 30.6792 -11.9779 8.64049
    endloop
  endfacet
  facet normal -0.711239 0.316318 0.627759
    outer loop
      vertex 30.7612 -11.9861 8.73518
      vertex 30.3519 -12.9562 8.76027
      vertex 30.3552 -12.9565 8.76416
    endloop
  endfacet
  facet normal -0.338863 0.102668 0.935217
    outer loop
      vertex 29.667 -12.5608 8.20109
      vertex 30.3296 -11.7761 8.35503
      vertex 29.5097 -12.3947 8.12586
    endloop
  endfacet
  facet normal -0.41021 0.170628 0.895887
    outer loop
      vertex 29.8325 -12.7022 8.3038
      vertex 30.3296 -11.7761 8.35503
      vertex 29.667 -12.5608 8.20109
    endloop
  endfacet
  facet normal -0.484163 0.226803 0.845072
    outer loop
      vertex 30.0058 -12.8187 8.43366
      vertex 30.4159 -11.8498 8.40858
      vertex 29.8361 -12.7053 8.306
    endloop
  endfacet
  facet normal -0.338909 0.102738 0.935193
    outer loop
      vertex 30.2476 -11.6895 8.3158
      vertex 29.5097 -12.3947 8.12586
      vertex 30.3296 -11.7761 8.35503
    endloop
  endfacet
  facet normal -0.342272 0.106706 0.933522
    outer loop
      vertex 29.5097 -12.3947 8.12586
      vertex 30.2476 -11.6895 8.3158
      vertex 29.5064 -12.3912 8.12425
    endloop
  endfacet
  facet normal -0.0456353 -0.619309 0.78382
    outer loop
      vertex 29.9457 -10.831 8.55309
      vertex 28.915 -10.7095 8.58908
      vertex 28.9016 -10.8977 8.4396
    endloop
  endfacet
  facet normal -0.114234 -0.823798 0.555254
    outer loop
      vertex 30.0004 -10.6682 8.73518
      vertex 29.024 -10.3881 8.94987
      vertex 29.0221 -10.3906 8.94577
    endloop
  endfacet
  facet normal -0.11454 -0.824273 0.554486
    outer loop
      vertex 29.024 -10.3881 8.94987
      vertex 30.0004 -10.6682 8.73518
      vertex 30.0468 -10.6076 8.83485
    endloop
  endfacet
  facet normal -0.057341 -0.440526 0.895906
    outer loop
      vertex 29.9457 -11.0354 8.40858
      vertex 28.9556 -11.3285 8.20109
      vertex 29.9664 -11.147 8.35503
    endloop
  endfacet
  facet normal -0.0573765 -0.440436 0.895948
    outer loop
      vertex 28.9556 -11.3285 8.20109
      vertex 29.9457 -11.0354 8.40858
      vertex 28.915 -11.1098 8.306
    endloop
  endfacet
  facet normal -0.0456612 -0.532639 0.84511
    outer loop
      vertex 28.915 -11.1098 8.306
      vertex 29.9457 -11.0354 8.40858
      vertex 28.9016 -10.9061 8.43366
    endloop
  endfacet
  facet normal -0.114535 -0.248064 0.961949
    outer loop
      vertex 29.111 -11.7714 8.07836
      vertex 30.0004 -11.2613 8.3158
      vertex 29.0221 -11.5524 8.12425
    endloop
  endfacet
  facet normal -0.551643 -0.833951 0.0146653
    outer loop
      vertex 30.0094 -10.262 10.246
      vertex 30.5929 -10.6617 9.46548
      vertex 30.0131 -10.2644 10.2487
    endloop
  endfacet
  facet normal -0.558884 -0.829217 0.0068277
    outer loop
      vertex 30.5929 -10.6617 9.46548
      vertex 30.0094 -10.262 10.246
      vertex 30.5044 -10.6026 9.39891
    endloop
  endfacet
  facet normal -0.411695 -0.90106 0.136371
    outer loop
      vertex 29.8325 -10.1766 10.0897
      vertex 30.4159 -10.5595 9.32097
      vertex 29.8361 -10.1777 10.0933
    endloop
  endfacet
  facet normal -0.410124 -0.901558 0.137812
    outer loop
      vertex 30.4159 -10.5595 9.32097
      vertex 29.8325 -10.1766 10.0897
      vertex 30.3296 -10.5336 9.23358
    endloop
  endfacet
  facet normal -0.483991 -0.872431 0.067945
    outer loop
      vertex 30.4159 -10.5595 9.32097
      vertex 30.0058 -10.2602 10.2428
      vertex 29.8361 -10.1777 10.0933
    endloop
  endfacet
  facet normal -0.962724 -0.257321 -0.0833594
    outer loop
      vertex 31.0084 -11.2502 9.55826
      vertex 31.0619 -11.7499 10.4829
      vertex 30.9968 -11.5307 10.5581
    endloop
  endfacet
  facet normal -0.884594 -0.449654 -0.123712
    outer loop
      vertex 30.9621 -11.1361 9.58219
      vertex 30.9036 -11.3025 10.6053
      vertex 30.9044 -11.0248 9.59023
    endloop
  endfacet
  facet normal -0.886963 -0.445129 -0.123112
    outer loop
      vertex 30.9036 -11.3025 10.6053
      vertex 30.9621 -11.1361 9.58219
      vertex 30.9059 -11.307 10.605
    endloop
  endfacet
  facet normal -0.884555 -0.449725 -0.123732
    outer loop
      vertex 30.9044 -11.0248 9.59023
      vertex 30.9036 -11.3025 10.6053
      vertex 30.793 -11.0892 10.6207
    endloop
  endfacet
  facet normal -0.997542 0.0170224 0.0679715
    outer loop
      vertex 31.1042 -12.3696 10.0965
      vertex 31.1176 -12.1813 10.246
      vertex 31.0701 -11.5824 9.39891
    endloop
  endfacet
  facet normal -0.962733 0.164335 0.214799
    outer loop
      vertex 31.0619 -12.5485 9.91819
      vertex 31.0084 -11.8433 9.13888
      vertex 30.9968 -12.6925 9.73658
    endloop
  endfacet
  facet normal -0.928885 0.221569 0.296783
    outer loop
      vertex 30.9949 -12.695 9.73248
      vertex 31.0084 -11.8433 9.13888
      vertex 30.9621 -11.9039 9.03921
    endloop
  endfacet
  facet normal -0.929304 0.220971 0.295915
    outer loop
      vertex 31.0084 -11.8433 9.13888
      vertex 30.9949 -12.695 9.73248
      vertex 30.9968 -12.6925 9.73658
    endloop
  endfacet
  facet normal -0.633148 0.299228 0.713853
    outer loop
      vertex 30.5929 -11.952 8.55309
      vertex 30.3519 -12.9562 8.76027
      vertex 30.6792 -11.9779 8.64049
    endloop
  endfacet
  facet normal -0.63296 0.299218 0.714024
    outer loop
      vertex 30.3519 -12.9562 8.76027
      vertex 30.5929 -11.952 8.55309
      vertex 30.1828 -12.9054 8.58908
    endloop
  endfacet
  facet normal -0.559126 0.270049 0.783869
    outer loop
      vertex 30.1792 -12.9037 8.58587
      vertex 30.5929 -11.952 8.55309
      vertex 30.5044 -11.909 8.47515
    endloop
  endfacet
  facet normal -0.565407 0.272593 0.778465
    outer loop
      vertex 30.5929 -11.952 8.55309
      vertex 30.1792 -12.9037 8.58587
      vertex 30.1828 -12.9054 8.58908
    endloop
  endfacet
  facet normal -0.272114 0.0248402 0.961944
    outer loop
      vertex 29.5064 -12.3912 8.12425
      vertex 30.2476 -11.6895 8.3158
      vertex 29.3612 -12.2047 8.07836
    endloop
  endfacet
  facet normal -0.0456774 -0.619026 0.784041
    outer loop
      vertex 28.9016 -10.8977 8.4396
      vertex 29.9387 -10.9292 8.47515
      vertex 29.9457 -10.831 8.55309
    endloop
  endfacet
  facet normal -0.0456545 -0.612551 0.789111
    outer loop
      vertex 29.9387 -10.9292 8.47515
      vertex 28.9016 -10.8977 8.4396
      vertex 28.9013 -10.9018 8.4364
    endloop
  endfacet
  facet normal -0.114558 -0.82432 0.554412
    outer loop
      vertex 30.0468 -10.6076 8.83485
      vertex 29.1129 -10.2719 9.14101
      vertex 29.024 -10.3881 8.94987
    endloop
  endfacet
  facet normal -0.080479 -0.344911 0.935179
    outer loop
      vertex 29.0207 -11.5477 8.12586
      vertex 30.0004 -11.2613 8.3158
      vertex 29.9664 -11.147 8.35503
    endloop
  endfacet
  facet normal -0.0806518 -0.344428 0.935342
    outer loop
      vertex 30.0004 -11.2613 8.3158
      vertex 29.0207 -11.5477 8.12586
      vertex 29.0221 -11.5524 8.12425
    endloop
  endfacet
  facet normal -0.0805006 -0.344868 0.935193
    outer loop
      vertex 29.0207 -11.5477 8.12586
      vertex 29.9664 -11.147 8.35503
      vertex 28.9556 -11.3285 8.20109
    endloop
  endfacet
  facet normal -0.114555 -0.248032 0.961955
    outer loop
      vertex 29.111 -11.7714 8.07836
      vertex 30.0468 -11.3755 8.29188
      vertex 30.0004 -11.2613 8.3158
    endloop
  endfacet
  facet normal -0.114991 -0.247103 0.962142
    outer loop
      vertex 30.0468 -11.3755 8.29188
      vertex 29.111 -11.7714 8.07836
      vertex 29.1129 -11.7761 8.07738
    endloop
  endfacet
  facet normal -0.158542 -0.152739 0.975467
    outer loop
      vertex 30.0468 -11.3755 8.29188
      vertex 29.2259 -11.9939 8.06163
      vertex 30.1044 -11.4867 8.28383
    endloop
  endfacet
  facet normal -0.158511 -0.152779 0.975465
    outer loop
      vertex 29.2259 -11.9939 8.06163
      vertex 30.0468 -11.3755 8.29188
      vertex 29.1129 -11.7761 8.07738
    endloop
  endfacet
  facet normal -0.770935 -0.627319 -0.110135
    outer loop
      vertex 30.7612 -10.822 9.55826
      vertex 30.6577 -10.8784 10.604
      vertex 30.5125 -10.6919 10.5581
    endloop
  endfacet
  facet normal -0.337999 -0.916003 0.216092
    outer loop
      vertex 30.2476 -10.5255 9.13888
      vertex 29.5097 -10.1113 9.74047
      vertex 29.5064 -10.111 9.73658
    endloop
  endfacet
  facet normal -0.338824 -0.915945 0.215041
    outer loop
      vertex 29.5097 -10.1113 9.74047
      vertex 30.2476 -10.5255 9.13888
      vertex 30.3296 -10.5336 9.23358
    endloop
  endfacet
  facet normal -0.338925 -0.915946 0.214878
    outer loop
      vertex 30.3296 -10.5336 9.23358
      vertex 29.667 -10.1269 9.92208
      vertex 29.5097 -10.1113 9.74047
    endloop
  endfacet
  facet normal -0.272165 -0.915189 0.297245
    outer loop
      vertex 30.1719 -10.5354 9.03921
      vertex 29.5033 -10.1114 9.73248
      vertex 29.3581 -10.1303 9.54134
    endloop
  endfacet
  facet normal -0.27325 -0.915302 0.295901
    outer loop
      vertex 29.5033 -10.1114 9.73248
      vertex 30.2476 -10.5255 9.13888
      vertex 29.5064 -10.111 9.73658
    endloop
  endfacet
  facet normal -0.271949 -0.915187 0.297451
    outer loop
      vertex 30.2476 -10.5255 9.13888
      vertex 29.5033 -10.1114 9.73248
      vertex 30.1719 -10.5354 9.03921
    endloop
  endfacet
  facet normal -0.962615 -0.257665 -0.083552
    outer loop
      vertex 31.0424 -11.3645 9.51903
      vertex 31.0619 -11.7499 10.4829
      vertex 31.0084 -11.2502 9.55826
    endloop
  endfacet
  facet normal -0.96246 -0.258176 -0.0837594
    outer loop
      vertex 31.0619 -11.7499 10.4829
      vertex 31.0424 -11.3645 9.51903
      vertex 31.0633 -11.7546 10.4813
    endloop
  endfacet
  facet normal -0.985875 -0.161585 -0.0440442
    outer loop
      vertex 31.0642 -11.7592 10.4791
      vertex 31.0424 -11.3645 9.51903
      vertex 31.0631 -11.4762 9.46548
    endloop
  endfacet
  facet normal -0.984321 -0.169873 -0.047487
    outer loop
      vertex 31.0424 -11.3645 9.51903
      vertex 31.0642 -11.7592 10.4791
      vertex 31.0633 -11.7546 10.4813
    endloop
  endfacet
  facet normal -0.928813 -0.353795 -0.110158
    outer loop
      vertex 30.9078 -11.3117 10.604
      vertex 30.9621 -11.1361 9.58219
      vertex 31.0084 -11.2502 9.55826
    endloop
  endfacet
  facet normal -0.929399 -0.352324 -0.109937
    outer loop
      vertex 30.9621 -11.1361 9.58219
      vertex 30.9078 -11.3117 10.604
      vertex 30.9059 -11.307 10.605
    endloop
  endfacet
  facet normal -0.997536 -0.0698469 0.00653426
    outer loop
      vertex 31.0701 -11.5824 9.39891
      vertex 31.1173 -12.177 10.2487
      vertex 31.0631 -11.4762 9.46548
    endloop
  endfacet
  facet normal -0.997357 -0.0725098 0.00466108
    outer loop
      vertex 31.1173 -12.177 10.2487
      vertex 31.0701 -11.5824 9.39891
      vertex 31.1176 -12.1813 10.246
    endloop
  endfacet
  facet normal -0.997542 -0.0697642 0.00660859
    outer loop
      vertex 31.1173 -12.177 10.2487
      vertex 31.1039 -11.9733 10.3764
      vertex 31.0631 -11.4762 9.46548
    endloop
  endfacet
  facet normal -0.997534 0.017104 0.0680631
    outer loop
      vertex 31.0631 -11.6805 9.32097
      vertex 31.1042 -12.3696 10.0965
      vertex 31.0701 -11.5824 9.39891
    endloop
  endfacet
  facet normal -0.997384 0.0190069 0.069746
    outer loop
      vertex 31.1042 -12.3696 10.0965
      vertex 31.0631 -11.6805 9.32097
      vertex 31.1039 -12.3736 10.0933
    endloop
  endfacet
  facet normal -0.98586 0.0954462 0.137735
    outer loop
      vertex 31.0424 -11.7682 9.23358
      vertex 31.1039 -12.3736 10.0933
      vertex 31.0631 -11.6805 9.32097
    endloop
  endfacet
  facet normal -0.98583 0.0955982 0.13784
    outer loop
      vertex 31.1039 -12.3736 10.0933
      vertex 31.0424 -11.7682 9.23358
      vertex 31.0633 -12.5454 9.92208
    endloop
  endfacet
  facet normal -0.2721 0.0248136 0.961949
    outer loop
      vertex 30.1719 -11.5923 8.29188
      vertex 29.3612 -12.2047 8.07836
      vertex 30.2476 -11.6895 8.3158
    endloop
  endfacet
  facet normal -0.272094 0.0248052 0.961951
    outer loop
      vertex 29.3612 -12.2047 8.07836
      vertex 30.1719 -11.5923 8.29188
      vertex 29.3581 -12.2007 8.07738
    endloop
  endfacet
  facet normal -0.211587 -0.0608873 0.975461
    outer loop
      vertex 29.3553 -12.1963 8.07705
      vertex 30.1719 -11.5923 8.29188
      vertex 30.1044 -11.4867 8.28383
    endloop
  endfacet
  facet normal -0.211294 -0.0612974 0.975499
    outer loop
      vertex 30.1719 -11.5923 8.29188
      vertex 29.3553 -12.1963 8.07705
      vertex 29.3581 -12.2007 8.07738
    endloop
  endfacet
  facet normal -0.079449 -0.76544 0.638584
    outer loop
      vertex 29.9664 -10.7433 8.64049
      vertex 29.0221 -10.3906 8.94577
      vertex 29.0207 -10.3937 8.94188
    endloop
  endfacet
  facet normal -0.080442 -0.766691 0.636957
    outer loop
      vertex 29.0221 -10.3906 8.94577
      vertex 29.9664 -10.7433 8.64049
      vertex 30.0004 -10.6682 8.73518
    endloop
  endfacet
  facet normal -0.771153 -0.62705 -0.110142
    outer loop
      vertex 30.8369 -10.9193 9.58219
      vertex 30.6577 -10.8784 10.604
      vertex 30.7612 -10.822 9.55826
    endloop
  endfacet
  facet normal -0.772043 -0.625919 -0.110343
    outer loop
      vertex 30.6577 -10.8784 10.604
      vertex 30.8369 -10.9193 9.58219
      vertex 30.6608 -10.8824 10.605
    endloop
  endfacet
  facet normal -0.831576 -0.541474 -0.12364
    outer loop
      vertex 30.9044 -11.0248 9.59023
      vertex 30.6608 -10.8824 10.605
      vertex 30.8369 -10.9193 9.58219
    endloop
  endfacet
  facet normal -0.831787 -0.541127 -0.123739
    outer loop
      vertex 30.6608 -10.8824 10.605
      vertex 30.9044 -11.0248 9.59023
      vertex 30.793 -11.0892 10.6207
    endloop
  endfacet
  facet normal -0.213968 -0.900531 0.378499
    outer loop
      vertex 30.1044 -10.563 8.93703
      vertex 29.2287 -10.1833 9.34538
      vertex 29.2259 -10.1844 9.34118
    endloop
  endfacet
  facet normal -0.211519 -0.899353 0.382655
    outer loop
      vertex 29.2287 -10.1833 9.34538
      vertex 30.1044 -10.563 8.93703
      vertex 30.1719 -10.5354 9.03921
    endloop
  endfacet
  facet normal 0 -0.816811 -0.576905
    outer loop
      vertex 18.5224 -17.2699 -0.0244942
      vertex 18.5478 -17.2872 0
      vertex -30.5808 -17.2872 0
    endloop
  endfacet
  facet normal -0 -0.816811 -0.576905
    outer loop
      vertex 18.5224 -17.2699 -0.0244942
      vertex -30.5808 -17.2872 0
      vertex -30.6108 -17.2699 -0.0244942
    endloop
  endfacet
  facet normal 0.0969971 -0.762788 -0.639333
    outer loop
      vertex 18.5478 -17.2872 0
      vertex 18.5224 -17.2699 -0.0244942
      vertex 18.5472 -17.2866 -0.000806889
    endloop
  endfacet
  facet normal -5.35923e-05 0.816517 0.577321
    outer loop
      vertex 18.7 -16.6386 4.2789
      vertex 17.9 -17.1005 4.9321
      vertex 18.0252 -17.0948 4.92405
    endloop
  endfacet
  facet normal 3.31486e-05 0.81649 0.57736
    outer loop
      vertex -31.5 -19.0635 7.70818
      vertex -30.4361 -15.1473 2.16991
      vertex -31.5 -15.7615 3.03856
    endloop
  endfacet
  facet normal -2.11797e-05 0.816499 0.577347
    outer loop
      vertex -24.7548 -21.1118 10.605
      vertex -25 -22.8162 13.0154
      vertex -23.9832 -22.77 12.9501
    endloop
  endfacet
  facet normal 4.91481e-05 0.8165 0.577345
    outer loop
      vertex -24.2885 -21.0243 10.4813
      vertex -23.9832 -22.77 12.9501
      vertex -22.9914 -22.6326 12.7557
    endloop
  endfacet
  facet normal 5.06157e-06 0.816498 0.577348
    outer loop
      vertex -25 -22.8162 13.0154
      vertex -24.7548 -21.1118 10.605
      vertex -25 -21.1229 10.6207
    endloop
  endfacet
  facet normal 2.70873e-05 0.81649 0.57736
    outer loop
      vertex -23.8919 -20.8579 10.246
      vertex -22.9914 -22.6326 12.7557
      vertex -22.0491 -22.4072 12.4369
    endloop
  endfacet
  facet normal 3.60992e-05 0.816498 0.577348
    outer loop
      vertex -25.24 -21.112 10.6053
      vertex -25 -22.8162 13.0154
      vertex -25 -21.1229 10.6207
    endloop
  endfacet
  facet normal -2.04678e-05 0.816482 0.57737
    outer loop
      vertex -23.6037 -20.6289 9.92208
      vertex -22.0491 -22.4072 12.4369
      vertex -21.1794 -22.0995 12.0018
    endloop
  endfacet
  facet normal -0.00191578 0.816405 0.577477
    outer loop
      vertex -25.2452 -21.1118 10.605
      vertex -25 -22.8162 13.0154
      vertex -25.24 -21.112 10.6053
    endloop
  endfacet
  facet normal -5.62038e-06 0.816503 0.577342
    outer loop
      vertex -23.5096 -20.4978 9.73658
      vertex -21.1794 -22.0995 12.0018
      vertex -20.4038 -21.7171 11.461
    endloop
  endfacet
  facet normal 2.11797e-05 0.816499 0.577347
    outer loop
      vertex -25 -22.8162 13.0154
      vertex -25.2452 -21.1118 10.605
      vertex -26.0168 -22.77 12.9501
    endloop
  endfacet
  facet normal 4.50612e-06 0.816501 0.577344
    outer loop
      vertex -23.4522 -20.3597 9.54134
      vertex -20.4038 -21.7171 11.461
      vertex -19.7414 -21.2693 10.8277
    endloop
  endfacet
  facet normal -0.000181453 0.816532 0.577301
    outer loop
      vertex -25.4843 -21.0787 10.5581
      vertex -26.0168 -22.77 12.9501
      vertex -25.2502 -21.1111 10.604
    endloop
  endfacet
  facet normal 9.7976e-05 0.816502 0.577342
    outer loop
      vertex -25.7067 -21.0255 10.4829
      vertex -26.0168 -22.77 12.9501
      vertex -25.4843 -21.0787 10.5581
    endloop
  endfacet
  facet normal -0.00108675 0.816671 0.577103
    outer loop
      vertex -25.2502 -21.1111 10.604
      vertex -26.0168 -22.77 12.9501
      vertex -25.2452 -21.1118 10.605
    endloop
  endfacet
  facet normal 0.00108675 0.816671 0.577103
    outer loop
      vertex -23.9832 -22.77 12.9501
      vertex -24.7498 -21.1111 10.604
      vertex -24.7548 -21.1118 10.605
    endloop
  endfacet
  facet normal 0.000181453 0.816532 0.577301
    outer loop
      vertex -23.9832 -22.77 12.9501
      vertex -24.5157 -21.0787 10.5581
      vertex -24.7498 -21.1111 10.604
    endloop
  endfacet
  facet normal -9.7976e-05 0.816502 0.577342
    outer loop
      vertex -23.9832 -22.77 12.9501
      vertex -24.2933 -21.0255 10.4829
      vertex -24.5157 -21.0787 10.5581
    endloop
  endfacet
  facet normal -0.0112028 0.815793 0.578236
    outer loop
      vertex -23.9832 -22.77 12.9501
      vertex -24.2885 -21.0243 10.4813
      vertex -24.2933 -21.0255 10.4829
    endloop
  endfacet
  facet normal 0.00806211 0.818622 0.574276
    outer loop
      vertex -22.9914 -22.6326 12.7557
      vertex -24.2841 -21.0228 10.4791
      vertex -24.2885 -21.0243 10.4813
    endloop
  endfacet
  facet normal -0.000248174 0.81643 0.577444
    outer loop
      vertex -22.9914 -22.6326 12.7557
      vertex -24.0789 -20.9501 10.3764
      vertex -24.2841 -21.0228 10.4791
    endloop
  endfacet
  facet normal 0.000344504 0.816558 0.577264
    outer loop
      vertex -22.9914 -22.6326 12.7557
      vertex -23.8958 -20.8599 10.2487
      vertex -24.0789 -20.9501 10.3764
    endloop
  endfacet
  facet normal -0.0151659 0.813818 0.580922
    outer loop
      vertex -22.9914 -22.6326 12.7557
      vertex -23.8919 -20.8579 10.246
      vertex -23.8958 -20.8599 10.2487
    endloop
  endfacet
  facet normal 0.00846327 0.819792 0.572599
    outer loop
      vertex -22.0491 -22.4072 12.4369
      vertex -23.8885 -20.8557 10.2428
      vertex -23.8919 -20.8579 10.246
    endloop
  endfacet
  facet normal 1.05673e-06 0.816505 0.577338
    outer loop
      vertex -23.4329 -20.2182 9.34118
      vertex -19.7414 -21.2693 10.8277
      vertex -19.2084 -20.7672 10.1176
    endloop
  endfacet
  facet normal 4.34464e-05 0.816507 0.577335
    outer loop
      vertex -22.0491 -22.4072 12.4369
      vertex -23.7322 -20.75 10.0933
      vertex -23.8885 -20.8557 10.2428
    endloop
  endfacet
  facet normal -0.00837077 0.81362 0.581336
    outer loop
      vertex -22.0491 -22.4072 12.4369
      vertex -23.7295 -20.7474 10.0897
      vertex -23.7322 -20.75 10.0933
    endloop
  endfacet
  facet normal 0.000102571 0.816518 0.57732
    outer loop
      vertex -22.0491 -22.4072 12.4369
      vertex -23.6037 -20.6289 9.92208
      vertex -23.7295 -20.7474 10.0897
    endloop
  endfacet
  facet normal 5.11997e-05 0.816522 0.577315
    outer loop
      vertex -21.1794 -22.0995 12.0018
      vertex -23.5116 -20.5005 9.74047
      vertex -23.6037 -20.6289 9.92208
    endloop
  endfacet
  facet normal 0.0069059 0.819821 0.572578
    outer loop
      vertex -21.1794 -22.0995 12.0018
      vertex -23.5096 -20.4978 9.73658
      vertex -23.5116 -20.5005 9.74047
    endloop
  endfacet
  facet normal -9.30976e-05 0.816428 0.577447
    outer loop
      vertex -20.4038 -21.7171 11.461
      vertex -23.5084 -20.4949 9.73248
      vertex -23.5096 -20.4978 9.73658
    endloop
  endfacet
  facet normal -0.000100015 0.816423 0.577455
    outer loop
      vertex -20.4038 -21.7171 11.461
      vertex -23.4522 -20.3597 9.54134
      vertex -23.5084 -20.4949 9.73248
    endloop
  endfacet
  facet normal -3.35402e-06 0.816471 0.577386
    outer loop
      vertex -23.4522 -20.0766 9.14101
      vertex -19.2084 -20.7672 10.1176
      vertex -18.8181 -20.2231 9.3482
    endloop
  endfacet
  facet normal -4.8107e-05 0.816429 0.577445
    outer loop
      vertex -19.7414 -21.2693 10.8277
      vertex -23.4333 -20.2211 9.34538
      vertex -23.4522 -20.3597 9.54134
    endloop
  endfacet
  facet normal 0.00529965 0.822649 0.568524
    outer loop
      vertex -19.7414 -21.2693 10.8277
      vertex -23.4329 -20.2182 9.34118
      vertex -23.4333 -20.2211 9.34538
    endloop
  endfacet
  facet normal -4.69229e-05 0.816382 0.577512
    outer loop
      vertex -19.2084 -20.7672 10.1176
      vertex -23.4522 -20.0766 9.14101
      vertex -23.4329 -20.2182 9.34118
    endloop
  endfacet
  facet normal 9.94095e-06 0.816612 0.577188
    outer loop
      vertex -18.8181 -20.2231 9.3482
      vertex -23.5084 -19.9415 8.94987
      vertex -23.4522 -20.0766 9.14101
    endloop
  endfacet
  facet normal -2.59915e-05 0.816412 0.57747
    outer loop
      vertex -18.8181 -20.2231 9.3482
      vertex -23.5096 -19.9386 8.94577
      vertex -23.5084 -19.9415 8.94987
    endloop
  endfacet
  facet normal -9.67719e-06 0.816502 0.577343
    outer loop
      vertex -18.58 -19.6505 8.53841
      vertex -23.5096 -19.9386 8.94577
      vertex -18.8181 -20.2231 9.3482
    endloop
  endfacet
  facet normal -1.38651e-05 0.816526 0.577309
    outer loop
      vertex -18.5 -19.0635 7.70818
      vertex -23.5096 -19.9386 8.94577
      vertex -18.58 -19.6505 8.53841
    endloop
  endfacet
  facet normal 0.00225992 0.812162 0.583428
    outer loop
      vertex -23.5096 -19.9386 8.94577
      vertex -18.5 -19.0635 7.70818
      vertex -23.5116 -19.9358 8.94188
    endloop
  endfacet
  facet normal -9.03083e-06 0.816532 0.5773
    outer loop
      vertex -23.5116 -19.9358 8.94188
      vertex -18.5 -19.0635 7.70818
      vertex -23.6037 -19.8074 8.76027
    endloop
  endfacet
  facet normal -4.11264e-06 0.816521 0.577316
    outer loop
      vertex -23.6037 -19.8074 8.76027
      vertex -18.5 -19.0635 7.70818
      vertex -23.7295 -19.6889 8.59267
    endloop
  endfacet
  facet normal 0.00208726 0.810648 0.585529
    outer loop
      vertex -23.7295 -19.6889 8.59267
      vertex -18.5 -19.0635 7.70818
      vertex -23.7322 -19.6863 8.58908
    endloop
  endfacet
  facet normal 1.48445e-05 0.816495 0.577353
    outer loop
      vertex -18.5 -17.1005 4.9321
      vertex -23.7322 -19.6863 8.58908
      vertex -18.5 -19.0635 7.70818
    endloop
  endfacet
  facet normal -0.000210117 0.816646 0.577139
    outer loop
      vertex -23.7322 -19.6863 8.58908
      vertex -18.5 -17.1005 4.9321
      vertex -23.8885 -19.5807 8.4396
    endloop
  endfacet
  facet normal 0.00364417 0.813841 0.581076
    outer loop
      vertex -23.8885 -19.5807 8.4396
      vertex -18.5 -17.1005 4.9321
      vertex -23.8919 -19.5784 8.4364
    endloop
  endfacet
  facet normal -0.00378138 0.819226 0.573459
    outer loop
      vertex -23.8919 -19.5784 8.4364
      vertex -18.5 -17.1005 4.9321
      vertex -23.8958 -19.5765 8.43366
    endloop
  endfacet
  facet normal 6.42789e-05 0.816447 0.57742
    outer loop
      vertex -23.8958 -19.5765 8.43366
      vertex -18.5 -17.1005 4.9321
      vertex -24.0789 -19.4862 8.306
    endloop
  endfacet
  facet normal 3.76461e-05 0.816468 0.577391
    outer loop
      vertex -24.0789 -19.4862 8.306
      vertex -18.5 -17.1005 4.9321
      vertex -24.2885 -19.412 8.20109
    endloop
  endfacet
  facet normal 9.01091e-06 0.816492 0.577357
    outer loop
      vertex -18.85 -15.1473 2.16991
      vertex -24.2885 -19.412 8.20109
      vertex -18.5 -17.1005 4.9321
    endloop
  endfacet
  facet normal 1.18412e-05 0.816491 0.577358
    outer loop
      vertex -24.2885 -19.412 8.20109
      vertex -18.85 -15.1473 2.16991
      vertex -24.511 -19.3588 8.12586
    endloop
  endfacet
  facet normal 0.000148482 0.816427 0.577449
    outer loop
      vertex -24.5157 -19.3577 8.12425
      vertex -18.85 -15.1473 2.16991
      vertex -24.7498 -19.3252 8.07836
    endloop
  endfacet
  facet normal -0.00505206 0.818743 0.574138
    outer loop
      vertex -24.511 -19.3588 8.12586
      vertex -18.85 -15.1473 2.16991
      vertex -24.5157 -19.3577 8.12425
    endloop
  endfacet
  facet normal 0.0112028 0.815793 0.578236
    outer loop
      vertex -25.7115 -21.0243 10.4813
      vertex -26.0168 -22.77 12.9501
      vertex -25.7067 -21.0255 10.4829
    endloop
  endfacet
  facet normal -4.91481e-05 0.8165 0.577345
    outer loop
      vertex -26.0168 -22.77 12.9501
      vertex -25.7115 -21.0243 10.4813
      vertex -27.0086 -22.6326 12.7557
    endloop
  endfacet
  facet normal -0.00806211 0.818622 0.574276
    outer loop
      vertex -25.7159 -21.0228 10.4791
      vertex -27.0086 -22.6326 12.7557
      vertex -25.7115 -21.0243 10.4813
    endloop
  endfacet
  facet normal 0.000248174 0.81643 0.577444
    outer loop
      vertex -25.9211 -20.9501 10.3764
      vertex -27.0086 -22.6326 12.7557
      vertex -25.7159 -21.0228 10.4791
    endloop
  endfacet
  facet normal -0.000344504 0.816558 0.577264
    outer loop
      vertex -26.1042 -20.8599 10.2487
      vertex -27.0086 -22.6326 12.7557
      vertex -25.9211 -20.9501 10.3764
    endloop
  endfacet
  facet normal 0.0151659 0.813818 0.580922
    outer loop
      vertex -26.1081 -20.8579 10.246
      vertex -27.0086 -22.6326 12.7557
      vertex -26.1042 -20.8599 10.2487
    endloop
  endfacet
  facet normal -2.70873e-05 0.81649 0.57736
    outer loop
      vertex -27.0086 -22.6326 12.7557
      vertex -26.1081 -20.8579 10.246
      vertex -27.9509 -22.4072 12.4369
    endloop
  endfacet
  facet normal -5.5767e-05 0.816501 0.577344
    outer loop
      vertex -26.2645 -20.7522 10.0965
      vertex -27.9509 -22.4072 12.4369
      vertex -26.1081 -20.8579 10.246
    endloop
  endfacet
  facet normal -0.00919018 0.819558 0.572923
    outer loop
      vertex -26.2678 -20.75 10.0933
      vertex -27.9509 -22.4072 12.4369
      vertex -26.2645 -20.7522 10.0965
    endloop
  endfacet
  facet normal 8.89095e-05 0.816462 0.577399
    outer loop
      vertex -26.3963 -20.6289 9.92208
      vertex -27.9509 -22.4072 12.4369
      vertex -26.2678 -20.75 10.0933
    endloop
  endfacet
  facet normal 2.04678e-05 0.816482 0.57737
    outer loop
      vertex -27.9509 -22.4072 12.4369
      vertex -26.3963 -20.6289 9.92208
      vertex -28.8206 -22.0995 12.0018
    endloop
  endfacet
  facet normal -0.00635875 0.819956 0.572391
    outer loop
      vertex -26.3983 -20.6262 9.91819
      vertex -28.8206 -22.0995 12.0018
      vertex -26.3963 -20.6289 9.92208
    endloop
  endfacet
  facet normal -3.94024e-05 0.816525 0.577311
    outer loop
      vertex -26.4904 -20.4978 9.73658
      vertex -28.8206 -22.0995 12.0018
      vertex -26.3983 -20.6262 9.91819
    endloop
  endfacet
  facet normal 5.62038e-06 0.816503 0.577342
    outer loop
      vertex -28.8206 -22.0995 12.0018
      vertex -26.4904 -20.4978 9.73658
      vertex -29.5962 -21.7171 11.461
    endloop
  endfacet
  facet normal 9.30976e-05 0.816428 0.577447
    outer loop
      vertex -26.4916 -20.4949 9.73248
      vertex -29.5962 -21.7171 11.461
      vertex -26.4904 -20.4978 9.73658
    endloop
  endfacet
  facet normal 0.000100015 0.816423 0.577455
    outer loop
      vertex -26.5478 -20.3597 9.54134
      vertex -29.5962 -21.7171 11.461
      vertex -26.4916 -20.4949 9.73248
    endloop
  endfacet
  facet normal -4.50612e-06 0.816501 0.577344
    outer loop
      vertex -29.5962 -21.7171 11.461
      vertex -26.5478 -20.3597 9.54134
      vertex -30.2586 -21.2693 10.8277
    endloop
  endfacet
  facet normal 0.00195925 0.81382 0.581114
    outer loop
      vertex -26.5482 -20.3567 9.53714
      vertex -30.2586 -21.2693 10.8277
      vertex -26.5478 -20.3597 9.54134
    endloop
  endfacet
  facet normal -9.83836e-05 0.816619 0.577177
    outer loop
      vertex -26.5671 -20.2182 9.34118
      vertex -30.2586 -21.2693 10.8277
      vertex -26.5482 -20.3567 9.53714
    endloop
  endfacet
  facet normal -1.05678e-06 0.816505 0.577338
    outer loop
      vertex -30.2586 -21.2693 10.8277
      vertex -26.5671 -20.2182 9.34118
      vertex -30.7915 -20.7672 10.1176
    endloop
  endfacet
  facet normal 2.43793e-05 0.81644 0.57743
    outer loop
      vertex -26.5482 -20.0796 9.14521
      vertex -30.7915 -20.7672 10.1176
      vertex -26.5671 -20.2182 9.34118
    endloop
  endfacet
  facet normal 0.00136523 0.813671 0.581324
    outer loop
      vertex -26.5478 -20.0766 9.14101
      vertex -30.7915 -20.7672 10.1176
      vertex -26.5482 -20.0796 9.14521
    endloop
  endfacet
  facet normal 3.35401e-06 0.816471 0.577386
    outer loop
      vertex -30.7915 -20.7672 10.1176
      vertex -26.5478 -20.0766 9.14101
      vertex -31.1819 -20.2231 9.3482
    endloop
  endfacet
  facet normal -9.94095e-06 0.816612 0.577188
    outer loop
      vertex -26.4916 -19.9415 8.94987
      vertex -31.1819 -20.2231 9.3482
      vertex -26.5478 -20.0766 9.14101
    endloop
  endfacet
  facet normal 2.59915e-05 0.816412 0.57747
    outer loop
      vertex -26.4904 -19.9386 8.94577
      vertex -31.1819 -20.2231 9.3482
      vertex -26.4916 -19.9415 8.94987
    endloop
  endfacet
  facet normal 1.62345e-05 0.81653 0.577303
    outer loop
      vertex -31.5 -19.0635 7.70818
      vertex -26.4904 -19.9386 8.94577
      vertex -26.3983 -19.8102 8.76416
    endloop
  endfacet
  facet normal -0.00192617 0.812081 0.583541
    outer loop
      vertex -31.5 -19.0635 7.70818
      vertex -26.3983 -19.8102 8.76416
      vertex -26.3963 -19.8074 8.76027
    endloop
  endfacet
  facet normal -4.84372e-05 0.8164 0.577486
    outer loop
      vertex -31.5 -19.0635 7.70818
      vertex -26.3963 -19.8074 8.76027
      vertex -26.2678 -19.6863 8.58908
    endloop
  endfacet
  facet normal 0.00255873 0.823635 0.567115
    outer loop
      vertex -31.5 -19.0635 7.70818
      vertex -26.2678 -19.6863 8.58908
      vertex -26.2645 -19.6841 8.58587
    endloop
  endfacet
  facet normal 9.67719e-06 0.816502 0.577343
    outer loop
      vertex -26.4904 -19.9386 8.94577
      vertex -31.42 -19.6505 8.53841
      vertex -31.1819 -20.2231 9.3482
    endloop
  endfacet
  facet normal -9.54312e-06 0.816479 0.577375
    outer loop
      vertex -31.5 -19.0635 7.70818
      vertex -26.2645 -19.6841 8.58587
      vertex -26.1081 -19.5784 8.4364
    endloop
  endfacet
  facet normal 0.00529456 0.818204 0.574904
    outer loop
      vertex -30.4361 -15.1473 2.16991
      vertex -26.1081 -19.5784 8.4364
      vertex -26.1042 -19.5765 8.43366
    endloop
  endfacet
  facet normal -8.8833e-05 0.816464 0.577396
    outer loop
      vertex -30.4361 -15.1473 2.16991
      vertex -26.1042 -19.5765 8.43366
      vertex -25.9211 -19.4862 8.306
    endloop
  endfacet
  facet normal -0.00600156 0.814393 0.580283
    outer loop
      vertex -30.4361 -15.1473 2.16991
      vertex -25.9211 -19.4862 8.306
      vertex -25.9167 -19.4846 8.3038
    endloop
  endfacet
  facet normal 7.75685e-05 0.816524 0.577311
    outer loop
      vertex -30.4361 -15.1473 2.16991
      vertex -25.9167 -19.4846 8.3038
      vertex -25.7115 -19.412 8.20109
    endloop
  endfacet
  facet normal -1.22158e-05 0.816491 0.577358
    outer loop
      vertex -30.4361 -15.1473 2.16991
      vertex -25.7115 -19.412 8.20109
      vertex -25.489 -19.3588 8.12586
    endloop
  endfacet
  facet normal 0.00521213 0.818521 0.574453
    outer loop
      vertex -30.4361 -15.1473 2.16991
      vertex -25.489 -19.3588 8.12586
      vertex -25.4843 -19.3577 8.12425
    endloop
  endfacet
  facet normal -0.000151484 0.816434 0.577438
    outer loop
      vertex -30.4361 -15.1473 2.16991
      vertex -25.4843 -19.3577 8.12425
      vertex -25.2502 -19.3252 8.07836
    endloop
  endfacet
  facet normal -0.000979867 0.816091 0.577923
    outer loop
      vertex -30.4361 -15.1473 2.16991
      vertex -25.2502 -19.3252 8.07836
      vertex -25.2452 -19.3245 8.07738
    endloop
  endfacet
  facet normal 1.17277e-05 0.8165 0.577345
    outer loop
      vertex -30.4361 -15.1473 2.16991
      vertex -25.24 -19.3243 8.07705
      vertex -25 -19.3134 8.06163
    endloop
  endfacet
  facet normal 1.38651e-05 0.816526 0.577309
    outer loop
      vertex -26.4904 -19.9386 8.94577
      vertex -31.5 -19.0635 7.70818
      vertex -31.42 -19.6505 8.53841
    endloop
  endfacet
  facet normal 0.00497159 0.818541 0.574426
    outer loop
      vertex -30.4361 -15.1473 2.16991
      vertex -25.2452 -19.3245 8.07738
      vertex -25.24 -19.3243 8.07705
    endloop
  endfacet
  facet normal 0.000960405 0.816044 0.577989
    outer loop
      vertex -24.7498 -19.3252 8.07836
      vertex -18.85 -15.1473 2.16991
      vertex -24.7548 -19.3245 8.07738
    endloop
  endfacet
  facet normal -0.000115467 0.816552 0.577272
    outer loop
      vertex -24.7548 -19.3245 8.07738
      vertex -18.85 -15.1473 2.16991
      vertex -25 -19.3134 8.06163
    endloop
  endfacet
  facet normal 0.000240043 0.816372 0.577526
    outer loop
      vertex 18.7 -16.6386 4.2789
      vertex 18.0252 -17.0948 4.92405
      vertex 18.1472 -17.0779 4.90011
    endloop
  endfacet
  facet normal -0.000653209 0.816747 0.576996
    outer loop
      vertex 18.7 -16.6386 4.2789
      vertex 18.1472 -17.0779 4.90011
      vertex 18.2632 -17.0501 4.86089
    endloop
  endfacet
  facet normal -0.000367195 0.816646 0.577139
    outer loop
      vertex 18.7 -16.6386 4.2789
      vertex 18.2632 -17.0501 4.86089
      vertex 18.3702 -17.0122 4.80733
    endloop
  endfacet
  facet normal 0.000876181 0.81628 0.577656
    outer loop
      vertex 18.7 -16.6386 4.2789
      vertex 18.3702 -17.0122 4.80733
      vertex 18.4657 -16.9652 4.74077
    endloop
  endfacet
  facet normal 0.000122195 0.81646 0.577402
    outer loop
      vertex 18.7 -16.6386 4.2789
      vertex 18.4657 -16.9652 4.74077
      vertex 18.5472 -16.9101 4.66284
    endloop
  endfacet
  facet normal 0.000110962 0.816462 0.577399
    outer loop
      vertex 18.7 -16.6386 4.2789
      vertex 18.5472 -16.9101 4.66284
      vertex 18.6128 -16.8483 4.57544
    endloop
  endfacet
  facet normal -0.00131052 0.816659 0.57712
    outer loop
      vertex 18.7 -16.6386 4.2789
      vertex 18.6128 -16.8483 4.57544
      vertex 18.6608 -16.7813 4.48074
    endloop
  endfacet
  facet normal -0.00274448 0.816787 0.576932
    outer loop
      vertex 18.7 -16.6386 4.2789
      vertex 18.6608 -16.7813 4.48074
      vertex 18.6902 -16.7108 4.38107
    endloop
  endfacet
  facet normal -1.02118e-05 0.816492 0.577357
    outer loop
      vertex 17.9 -17.1005 4.9321
      vertex 18.7 -16.6386 4.2789
      vertex 18.7 -15.1086 2.11519
    endloop
  endfacet
  facet normal -5.32862e-06 0.816493 0.577355
    outer loop
      vertex -30.4361 -15.1473 2.16991
      vertex -31.5 -19.0635 7.70818
      vertex -26.1081 -19.5784 8.4364
    endloop
  endfacet
  facet normal 0 0.816498 0.577349
    outer loop
      vertex 17.9 -17.1005 4.9321
      vertex 18.6863 -15.0272 2
      vertex -18.85 -15.0272 2
    endloop
  endfacet
  facet normal -0 0.816495 0.577353
    outer loop
      vertex -30.4361 -15.1473 2.16991
      vertex -25 -19.3134 8.06163
      vertex -18.85 -15.1473 2.16991
    endloop
  endfacet
  facet normal -0.000939932 0.816616 0.577181
    outer loop
      vertex 17.9 -17.1005 4.9321
      vertex 18.7 -15.1086 2.11519
      vertex 18.6863 -15.0272 2
    endloop
  endfacet
  facet normal 0.00221224 0.816791 0.576929
    outer loop
      vertex 18.6863 -15.0272 2
      vertex 18.7 -15.1086 2.11519
      vertex 18.6902 -15.0364 2.01301
    endloop
  endfacet
  facet normal 0 0.816498 0.577349
    outer loop
      vertex 17.9 -17.1005 4.9321
      vertex -18.85 -15.0272 2
      vertex -18.5 -17.1005 4.9321
    endloop
  endfacet
  facet normal 0.00177402 0.816596 0.577207
    outer loop
      vertex -18.5 -17.1005 4.9321
      vertex -18.85 -15.0272 2
      vertex -18.85 -15.1473 2.16991
    endloop
  endfacet
  facet normal 0 0.81524 0.579124
    outer loop
      vertex -19.2818 -13.5956 -0.0244942
      vertex -28.4594 -13.613 0
      vertex -19.2634 -13.613 0
    endloop
  endfacet
  facet normal 0 0.81524 0.579124
    outer loop
      vertex -28.4594 -13.613 0
      vertex -19.2818 -13.5956 -0.0244942
      vertex -28.4894 -13.5956 -0.0244942
    endloop
  endfacet
  facet normal -1 0 0
    outer loop
      vertex -31.5 -18.1865 1.32383
      vertex -31.5 -19.0635 7.70818
      vertex -31.5 -15.7615 3.03856
    endloop
  endfacet
  facet normal -1 0 -0
    outer loop
      vertex -31.5 -19.0635 7.70818
      vertex -31.5 -18.1865 1.32383
      vertex -31.5 -21.4885 5.99345
    endloop
  endfacet
  facet normal -0.996919 -0.0452856 0.0640436
    outer loop
      vertex -31.5 -21.4885 5.99345
      vertex -31.42 -19.6505 8.53841
      vertex -31.5 -19.0635 7.70818
    endloop
  endfacet
  facet normal -0.996919 -0.0452856 0.0640436
    outer loop
      vertex -31.42 -19.6505 8.53841
      vertex -31.5 -21.4885 5.99345
      vertex -31.42 -22.0755 6.82368
    endloop
  endfacet
  facet normal -0.972371 -0.134776 0.190603
    outer loop
      vertex -31.42 -22.0755 6.82368
      vertex -31.1819 -20.2231 9.3482
      vertex -31.42 -19.6505 8.53841
    endloop
  endfacet
  facet normal -0.972371 -0.134776 0.190603
    outer loop
      vertex -31.1819 -20.2231 9.3482
      vertex -31.42 -22.0755 6.82368
      vertex -31.1819 -22.6481 7.63347
    endloop
  endfacet
  facet normal -0.923857 -0.220981 0.312501
    outer loop
      vertex -31.1819 -20.2231 9.3482
      vertex -31.15 -21.4669 8.56297
      vertex -30.7915 -20.7672 10.1176
    endloop
  endfacet
  facet normal -0.923802 -0.221051 0.312614
    outer loop
      vertex -31.1819 -22.6481 7.63347
      vertex -31.15 -21.4669 8.56297
      vertex -31.1819 -20.2231 9.3482
    endloop
  endfacet
  facet normal -0.923713 -0.221185 0.312782
    outer loop
      vertex -31.15 -21.4669 8.56297
      vertex -31.1819 -22.6481 7.63347
      vertex -31.15 -22.6925 7.69628
    endloop
  endfacet
  facet normal -0.923859 -0.220973 0.312498
    outer loop
      vertex -30.7915 -20.7672 10.1176
      vertex -31.15 -21.4669 8.56297
      vertex -30.7915 -22.0835 9.18682
    endloop
  endfacet
  facet normal -0.852658 -0.301651 0.426592
    outer loop
      vertex -30.7915 -22.0835 9.18682
      vertex -30.2586 -21.2693 10.8277
      vertex -30.7915 -20.7672 10.1176
    endloop
  endfacet
  facet normal -0.852652 -0.301664 0.426596
    outer loop
      vertex -30.2586 -21.2693 10.8277
      vertex -30.7915 -22.0835 9.18682
      vertex -30.2586 -22.7032 9.81373
    endloop
  endfacet
  facet normal -0.760428 -0.374956 0.530242
    outer loop
      vertex -30.2586 -22.7032 9.81373
      vertex -29.5962 -21.7171 11.461
      vertex -30.2586 -21.2693 10.8277
    endloop
  endfacet
  facet normal -0.760412 -0.374979 0.530249
    outer loop
      vertex -29.5962 -21.7171 11.461
      vertex -30.2586 -22.7032 9.81373
      vertex -29.5962 -23.2559 10.3728
    endloop
  endfacet
  facet normal -0.6494 -0.439072 0.620883
    outer loop
      vertex -29.5962 -23.2559 10.3728
      vertex -28.8206 -22.0995 12.0018
      vertex -29.5962 -21.7171 11.461
    endloop
  endfacet
  facet normal -0.649471 -0.438996 0.620862
    outer loop
      vertex -28.8206 -22.0995 12.0018
      vertex -29.5962 -23.2559 10.3728
      vertex -28.8206 -23.7279 10.8504
    endloop
  endfacet
  facet normal -0.522467 -0.492268 0.696204
    outer loop
      vertex -28.8206 -23.7279 10.8504
      vertex -27.9509 -22.4072 12.4369
      vertex -28.8206 -22.0995 12.0018
    endloop
  endfacet
  facet normal -0.522456 -0.492278 0.696206
    outer loop
      vertex -27.9509 -22.4072 12.4369
      vertex -28.8206 -23.7279 10.8504
      vertex -27.9509 -24.1077 11.2345
    endloop
  endfacet
  facet normal -0.382784 -0.533368 0.754318
    outer loop
      vertex -27.9509 -24.1077 11.2345
      vertex -27.0086 -22.6326 12.7557
      vertex -27.9509 -22.4072 12.4369
    endloop
  endfacet
  facet normal -0.382694 -0.533428 0.754321
    outer loop
      vertex -27.0086 -22.6326 12.7557
      vertex -27.9509 -24.1077 11.2345
      vertex -27.0086 -24.3858 11.5159
    endloop
  endfacet
  facet normal -0.233394 -0.561435 0.793925
    outer loop
      vertex -27.0086 -24.3858 11.5159
      vertex -26.0168 -22.77 12.9501
      vertex -27.0086 -22.6326 12.7557
    endloop
  endfacet
  facet normal -0.233425 -0.561419 0.793928
    outer loop
      vertex -26.0168 -22.77 12.9501
      vertex -27.0086 -24.3858 11.5159
      vertex -26.0168 -24.5555 11.6875
    endloop
  endfacet
  facet normal -0.0784269 -0.57559 0.813969
    outer loop
      vertex -26.0168 -24.5555 11.6875
      vertex -25 -22.8162 13.0154
      vertex -26.0168 -22.77 12.9501
    endloop
  endfacet
  facet normal -0.0784562 -0.575578 0.813975
    outer loop
      vertex -25 -22.8162 13.0154
      vertex -26.0168 -24.5555 11.6875
      vertex -25 -24.6125 11.7452
    endloop
  endfacet
  facet normal 0.0784269 -0.57559 0.813969
    outer loop
      vertex -25 -22.8162 13.0154
      vertex -23.9832 -24.5555 11.6875
      vertex -23.9832 -22.77 12.9501
    endloop
  endfacet
  facet normal 0.0784562 -0.575578 0.813975
    outer loop
      vertex -23.9832 -24.5555 11.6875
      vertex -25 -22.8162 13.0154
      vertex -25 -24.6125 11.7452
    endloop
  endfacet
  facet normal 0.233394 -0.561435 0.793925
    outer loop
      vertex -23.9832 -22.77 12.9501
      vertex -22.9914 -24.3858 11.5159
      vertex -22.9914 -22.6326 12.7557
    endloop
  endfacet
  facet normal 0.233425 -0.561419 0.793928
    outer loop
      vertex -22.9914 -24.3858 11.5159
      vertex -23.9832 -22.77 12.9501
      vertex -23.9832 -24.5555 11.6875
    endloop
  endfacet
  facet normal 0.382784 -0.533368 0.754318
    outer loop
      vertex -22.9914 -22.6326 12.7557
      vertex -22.0491 -24.1077 11.2345
      vertex -22.0491 -22.4072 12.4369
    endloop
  endfacet
  facet normal 0.382694 -0.533428 0.754321
    outer loop
      vertex -22.0491 -24.1077 11.2345
      vertex -22.9914 -22.6326 12.7557
      vertex -22.9914 -24.3858 11.5159
    endloop
  endfacet
  facet normal 0.522467 -0.492268 0.696204
    outer loop
      vertex -22.0491 -22.4072 12.4369
      vertex -21.1794 -23.7279 10.8504
      vertex -21.1794 -22.0995 12.0018
    endloop
  endfacet
  facet normal 0.522456 -0.492278 0.696206
    outer loop
      vertex -21.1794 -23.7279 10.8504
      vertex -22.0491 -22.4072 12.4369
      vertex -22.0491 -24.1077 11.2345
    endloop
  endfacet
  facet normal 0.6494 -0.439072 0.620883
    outer loop
      vertex -21.1794 -22.0995 12.0018
      vertex -20.4038 -23.2559 10.3728
      vertex -20.4038 -21.7171 11.461
    endloop
  endfacet
  facet normal 0.649471 -0.438996 0.620862
    outer loop
      vertex -20.4038 -23.2559 10.3728
      vertex -21.1794 -22.0995 12.0018
      vertex -21.1794 -23.7279 10.8504
    endloop
  endfacet
  facet normal 0.760428 -0.374956 0.530242
    outer loop
      vertex -20.4038 -21.7171 11.461
      vertex -19.7414 -22.7032 9.81373
      vertex -19.7414 -21.2693 10.8277
    endloop
  endfacet
  facet normal 0.760412 -0.374979 0.530249
    outer loop
      vertex -19.7414 -22.7032 9.81373
      vertex -20.4038 -21.7171 11.461
      vertex -20.4038 -23.2559 10.3728
    endloop
  endfacet
  facet normal 0.852615 -0.301692 0.42665
    outer loop
      vertex -19.7414 -21.2693 10.8277
      vertex -19.2084 -22.0835 9.18682
      vertex -19.2084 -20.7672 10.1176
    endloop
  endfacet
  facet normal 0.852608 -0.301705 0.426654
    outer loop
      vertex -19.2084 -22.0835 9.18682
      vertex -19.7414 -21.2693 10.8277
      vertex -19.7414 -22.7032 9.81373
    endloop
  endfacet
  facet normal 0.923896 -0.220922 0.312426
    outer loop
      vertex -19.2084 -20.7672 10.1176
      vertex -19.2084 -22.0835 9.18682
      vertex -18.85 -21.4669 8.56298
    endloop
  endfacet
  facet normal 0.923891 -0.220935 0.312431
    outer loop
      vertex -18.85 -21.4669 8.56298
      vertex -18.8181 -20.2231 9.3482
      vertex -19.2084 -20.7672 10.1176
    endloop
  endfacet
  facet normal 0.923816 -0.221031 0.312585
    outer loop
      vertex -18.85 -21.4669 8.56298
      vertex -18.8181 -22.6481 7.63347
      vertex -18.8181 -20.2231 9.3482
    endloop
  endfacet
  facet normal 0.923741 -0.221143 0.312726
    outer loop
      vertex -18.8181 -22.6481 7.63347
      vertex -18.85 -21.4669 8.56298
      vertex -18.85 -22.6925 7.6963
    endloop
  endfacet
  facet normal 0.972371 -0.134776 0.190603
    outer loop
      vertex -18.8181 -20.2231 9.3482
      vertex -18.58 -22.0755 6.82368
      vertex -18.58 -19.6505 8.53841
    endloop
  endfacet
  facet normal 0.972371 -0.134776 0.190603
    outer loop
      vertex -18.58 -22.0755 6.82368
      vertex -18.8181 -20.2231 9.3482
      vertex -18.8181 -22.6481 7.63347
    endloop
  endfacet
  facet normal 0.996919 -0.0452856 0.0640436
    outer loop
      vertex -18.58 -19.6505 8.53841
      vertex -18.5 -21.4885 5.99345
      vertex -18.5 -19.0635 7.70818
    endloop
  endfacet
  facet normal 0.996919 -0.0452856 0.0640436
    outer loop
      vertex -18.5 -21.4885 5.99345
      vertex -18.58 -19.6505 8.53841
      vertex -18.58 -22.0755 6.82368
    endloop
  endfacet
  facet normal 1 0 0
    outer loop
      vertex -18.5 -19.0635 7.70818
      vertex -18.5 -19.5255 3.21737
      vertex -18.5 -17.1005 4.9321
    endloop
  endfacet
  facet normal 1 0 -0
    outer loop
      vertex -18.5 -19.5255 3.21737
      vertex -18.5 -19.0635 7.70818
      vertex -18.5 -21.4885 5.99345
    endloop
  endfacet
  facet normal 0 -0.577349 0.816497
    outer loop
      vertex -18.5 -17.1005 4.9321
      vertex 17.9 -19.5255 3.21737
      vertex 17.9 -17.1005 4.9321
    endloop
  endfacet
  facet normal 0 -0.577349 0.816497
    outer loop
      vertex 17.9 -19.5255 3.21737
      vertex -18.5 -17.1005 4.9321
      vertex -18.5 -19.5255 3.21737
    endloop
  endfacet
  facet normal 0.0785401 -0.575566 0.813975
    outer loop
      vertex 17.9 -17.1005 4.9321
      vertex 18.0252 -19.5198 3.20932
      vertex 18.0252 -17.0948 4.92405
    endloop
  endfacet
  facet normal 0.0785401 -0.575566 0.813975
    outer loop
      vertex 18.0252 -19.5198 3.20932
      vertex 17.9 -17.1005 4.9321
      vertex 17.9 -19.5255 3.21737
    endloop
  endfacet
  facet normal 0.233555 -0.561397 0.793905
    outer loop
      vertex 18.0252 -17.0948 4.92405
      vertex 18.1472 -19.5028 3.18538
      vertex 18.1472 -17.0779 4.90011
    endloop
  endfacet
  facet normal 0.23399 -0.561322 0.79383
    outer loop
      vertex 18.1472 -19.5028 3.18538
      vertex 18.0252 -17.0948 4.92405
      vertex 18.0252 -19.5198 3.20932
    endloop
  endfacet
  facet normal 0.38285 -0.533361 0.754289
    outer loop
      vertex 18.1472 -17.0779 4.90011
      vertex 18.2632 -19.4751 3.14616
      vertex 18.2632 -17.0501 4.86089
    endloop
  endfacet
  facet normal 0.382458 -0.53347 0.754411
    outer loop
      vertex 18.2632 -19.4751 3.14616
      vertex 18.1472 -17.0779 4.90011
      vertex 18.1472 -19.5028 3.18538
    endloop
  endfacet
  facet normal 0.52275 -0.492182 0.696052
    outer loop
      vertex 18.2632 -17.0501 4.86089
      vertex 18.3702 -19.4372 3.0926
      vertex 18.3702 -17.0122 4.80733
    endloop
  endfacet
  facet normal 0.52275 -0.492182 0.696052
    outer loop
      vertex 18.3702 -19.4372 3.0926
      vertex 18.2632 -17.0501 4.86089
      vertex 18.2632 -19.4751 3.14616
    endloop
  endfacet
  facet normal 0.649065 -0.439209 0.621137
    outer loop
      vertex 18.3702 -17.0122 4.80733
      vertex 18.4657 -19.3902 3.02604
      vertex 18.4657 -16.9652 4.74077
    endloop
  endfacet
  facet normal 0.649065 -0.439209 0.621137
    outer loop
      vertex 18.4657 -19.3902 3.02604
      vertex 18.3702 -17.0122 4.80733
      vertex 18.3702 -19.4372 3.0926
    endloop
  endfacet
  facet normal 0.760464 -0.374919 0.530217
    outer loop
      vertex 18.4657 -16.9652 4.74077
      vertex 18.5472 -19.3351 2.94811
      vertex 18.5472 -16.9101 4.66284
    endloop
  endfacet
  facet normal 0.760464 -0.374919 0.530217
    outer loop
      vertex 18.5472 -19.3351 2.94811
      vertex 18.4657 -16.9652 4.74077
      vertex 18.4657 -19.3902 3.02604
    endloop
  endfacet
  facet normal 0.852624 -0.301679 0.42664
    outer loop
      vertex 18.5472 -16.9101 4.66284
      vertex 18.6128 -19.2733 2.86071
      vertex 18.6128 -16.8483 4.57544
    endloop
  endfacet
  facet normal 0.852624 -0.301679 0.42664
    outer loop
      vertex 18.6128 -19.2733 2.86071
      vertex 18.5472 -16.9101 4.66284
      vertex 18.5472 -19.3351 2.94811
    endloop
  endfacet
  facet normal 0.924022 -0.220743 0.312178
    outer loop
      vertex 18.6128 -16.8483 4.57544
      vertex 18.6608 -19.2063 2.76601
      vertex 18.6608 -16.7813 4.48074
    endloop
  endfacet
  facet normal 0.924022 -0.220743 0.312178
    outer loop
      vertex 18.6608 -19.2063 2.76601
      vertex 18.6128 -16.8483 4.57544
      vertex 18.6128 -19.2733 2.86071
    endloop
  endfacet
  facet normal 0.972206 -0.135172 0.191163
    outer loop
      vertex 18.6608 -16.7813 4.48074
      vertex 18.6902 -19.1358 2.66634
      vertex 18.6902 -16.7108 4.38107
    endloop
  endfacet
  facet normal 0.972206 -0.135172 0.191163
    outer loop
      vertex 18.6902 -19.1358 2.66634
      vertex 18.6608 -16.7813 4.48074
      vertex 18.6608 -19.2063 2.76601
    endloop
  endfacet
  facet normal 0.996946 -0.0450877 0.0637637
    outer loop
      vertex 18.6902 -16.7108 4.38107
      vertex 18.7 -19.0636 2.56417
      vertex 18.7 -16.6386 4.2789
    endloop
  endfacet
  facet normal 0.996946 -0.0450877 0.0637637
    outer loop
      vertex 18.7 -19.0636 2.56417
      vertex 18.6902 -16.7108 4.38107
      vertex 18.6902 -19.1358 2.66634
    endloop
  endfacet
  facet normal 1 0 0
    outer loop
      vertex 18.7 -16.6386 4.2789
      vertex 18.7 -15.2715 2
      vertex 18.7 -15.1086 2.11519
    endloop
  endfacet
  facet normal 1 0 0
    outer loop
      vertex 18.7 -16.6386 4.2789
      vertex 18.7 -18.6647 2
      vertex 18.7 -15.2715 2
    endloop
  endfacet
  facet normal 1 0 -0
    outer loop
      vertex 18.7 -18.6647 2
      vertex 18.7 -16.6386 4.2789
      vertex 18.7 -19.0636 2.56417
    endloop
  endfacet
  facet normal 0.996946 0.045083 -0.0637608
    outer loop
      vertex 18.7 -15.1086 2.11519
      vertex 18.6902 -15.0548 2
      vertex 18.6902 -15.0364 2.01301
    endloop
  endfacet
  facet normal 0.996946 0.0450857 -0.0637596
    outer loop
      vertex 18.6902 -15.0548 2
      vertex 18.7 -15.1086 2.11519
      vertex 18.7 -15.2715 2
    endloop
  endfacet
  facet normal 0.971329 0.137253 -0.194117
    outer loop
      vertex 18.6902 -15.0364 2.01301
      vertex 18.6902 -15.0548 2
      vertex 18.6863 -15.0272 2
    endloop
  endfacet
  facet normal 0.858733 0.303082 -0.41318
    outer loop
      vertex 18.5472 -17.2855 0
      vertex 18.5478 -17.2872 0
      vertex 18.5472 -17.2866 -0.000806889
    endloop
  endfacet
  facet normal 0.760693 0.375054 -0.529794
    outer loop
      vertex 18.5472 -17.2855 0
      vertex 18.4657 -17.1548 -0.0244942
      vertex 18.4657 -17.1202 0
    endloop
  endfacet
  facet normal 0.760085 0.374429 -0.531106
    outer loop
      vertex 18.4657 -17.1548 -0.0244942
      vertex 18.5472 -17.2855 0
      vertex 18.5224 -17.2699 -0.0244942
    endloop
  endfacet
  facet normal 0.759744 0.384587 -0.524292
    outer loop
      vertex 18.5224 -17.2699 -0.0244942
      vertex 18.5472 -17.2855 0
      vertex 18.5472 -17.2866 -0.000806889
    endloop
  endfacet
  facet normal 0.64954 0.439314 -0.620565
    outer loop
      vertex 18.4657 -17.1202 0
      vertex 18.3702 -17.0136 -0.0244942
      vertex 18.3702 -16.979 0
    endloop
  endfacet
  facet normal 0.64954 0.439314 -0.620565
    outer loop
      vertex 18.3702 -17.0136 -0.0244942
      vertex 18.4657 -17.1202 0
      vertex 18.4657 -17.1548 -0.0244942
    endloop
  endfacet
  facet normal 0.522892 0.492512 -0.695713
    outer loop
      vertex 18.2632 -16.9 -0.0244942
      vertex 18.3702 -16.979 0
      vertex 18.3702 -17.0136 -0.0244942
    endloop
  endfacet
  facet normal 0.522495 0.491706 -0.696581
    outer loop
      vertex 18.3702 -16.979 0
      vertex 18.2632 -16.9 -0.0244942
      vertex 18.2632 -16.8653 0
    endloop
  endfacet
  facet normal 0.382217 0.532898 -0.754937
    outer loop
      vertex 18.1472 -16.8168 -0.0244942
      vertex 18.2632 -16.8653 0
      vertex 18.2632 -16.9 -0.0244942
    endloop
  endfacet
  facet normal 0.382217 0.532898 -0.754937
    outer loop
      vertex 18.2632 -16.8653 0
      vertex 18.1472 -16.8168 -0.0244942
      vertex 18.1472 -16.7821 0
    endloop
  endfacet
  facet normal 0.23349 0.560744 -0.794385
    outer loop
      vertex 18.0252 -16.766 -0.0244942
      vertex 18.1472 -16.7821 0
      vertex 18.1472 -16.8168 -0.0244942
    endloop
  endfacet
  facet normal 0.23348 0.561826 -0.793624
    outer loop
      vertex 18.1472 -16.7821 0
      vertex 18.0252 -16.766 -0.0244942
      vertex 18.0252 -16.7314 0
    endloop
  endfacet
  facet normal 0.0786715 0.576004 -0.813652
    outer loop
      vertex 17.9 -16.7489 -0.0244942
      vertex 18.0252 -16.7314 0
      vertex 18.0252 -16.766 -0.0244942
    endloop
  endfacet
  facet normal 0.0786715 0.576004 -0.813652
    outer loop
      vertex 18.0252 -16.7314 0
      vertex 17.9 -16.7489 -0.0244942
      vertex 17.9 -16.7143 0
    endloop
  endfacet
  facet normal 0 0.577795 -0.816182
    outer loop
      vertex -18.636 -16.7489 -0.0244942
      vertex 17.9 -16.7143 0
      vertex 17.9 -16.7489 -0.0244942
    endloop
  endfacet
  facet normal 0 0.577795 -0.816182
    outer loop
      vertex 17.9 -16.7143 0
      vertex -18.636 -16.7489 -0.0244942
      vertex -18.636 -16.7143 0
    endloop
  endfacet
  facet normal 0.972318 0.134748 -0.190893
    outer loop
      vertex -18.636 -16.7143 0
      vertex -18.8181 -15.435 -0.0244942
      vertex -18.8181 -15.4003 0
    endloop
  endfacet
  facet normal 0.972416 0.134772 -0.190376
    outer loop
      vertex -18.8181 -15.435 -0.0244942
      vertex -18.636 -16.7143 0
      vertex -18.636 -16.7489 -0.0244942
    endloop
  endfacet
  facet normal 0.923987 0.220962 -0.312127
    outer loop
      vertex -18.8181 -15.4003 0
      vertex -19.2084 -13.8028 -0.0244942
      vertex -19.2084 -13.7682 0
    endloop
  endfacet
  facet normal 0.923735 0.220888 -0.312924
    outer loop
      vertex -19.2084 -13.8028 -0.0244942
      vertex -18.8181 -15.4003 0
      vertex -18.8181 -15.435 -0.0244942
    endloop
  endfacet
  facet normal 0.85279 0.302213 -0.425931
    outer loop
      vertex -19.2084 -13.7682 0
      vertex -19.2818 -13.5956 -0.0244942
      vertex -19.2634 -13.613 0
    endloop
  endfacet
  facet normal 0.852526 0.302005 -0.426606
    outer loop
      vertex -19.2818 -13.5956 -0.0244942
      vertex -19.2084 -13.7682 0
      vertex -19.2084 -13.8028 -0.0244942
    endloop
  endfacet
  facet normal 0.996887 0.0455212 -0.0643766
    outer loop
      vertex -25.7901 -20.862 9.03921
      vertex -25.8 -21.4059 8.50131
      vertex -25.8 -20.7897 8.93703
    endloop
  endfacet
  facet normal 0.996887 0.0455247 -0.0643801
    outer loop
      vertex -25.8 -21.4059 8.50131
      vertex -25.7901 -20.862 9.03921
      vertex -25.7901 -21.4951 8.59153
    endloop
  endfacet
  facet normal -0.996949 0.0450642 -0.0637303
    outer loop
      vertex -24.2 -21.4059 8.50131
      vertex -24.2098 -20.862 9.03921
      vertex -24.2 -20.7897 8.93703
    endloop
  endfacet
  facet normal -0.996949 0.0450677 -0.0637338
    outer loop
      vertex -24.2098 -20.862 9.03921
      vertex -24.2 -21.4059 8.50131
      vertex -24.2098 -21.4951 8.59153
    endloop
  endfacet
  facet normal 0.0784035 0.575567 -0.813987
    outer loop
      vertex -25.1251 -21.969 9.07091
      vertex -25 -21.2516 9.59023
      vertex -25 -21.976 9.07801
    endloop
  endfacet
  facet normal 0.0785379 0.575545 -0.81399
    outer loop
      vertex -25 -21.2516 9.59023
      vertex -25.1251 -21.969 9.07091
      vertex -25.1251 -21.2459 9.58219
    endloop
  endfacet
  facet normal -0.0786025 -0.575564 0.813971
    outer loop
      vertex -25 -20.8358 7.92462
      vertex -24.8749 -20.3335 8.29188
      vertex -25 -20.3278 8.28383
    endloop
  endfacet
  facet normal -0.0788601 -0.575509 0.813984
    outer loop
      vertex -24.8749 -20.3335 8.29188
      vertex -25 -20.8358 7.92462
      vertex -24.8749 -20.8429 7.93172
    endloop
  endfacet
  facet normal 0.649368 0.439058 -0.620926
    outer loop
      vertex -25.4702 -21.1634 9.46548
      vertex -25.5657 -21.809 8.9091
      vertex -25.5657 -21.1163 9.39891
    endloop
  endfacet
  facet normal 0.649287 0.439111 -0.620973
    outer loop
      vertex -25.5657 -21.809 8.9091
      vertex -25.4702 -21.1634 9.46548
      vertex -25.4702 -21.8671 8.96787
    endloop
  endfacet
  facet normal -0.649368 0.439058 -0.620926
    outer loop
      vertex -24.4343 -21.809 8.9091
      vertex -24.5298 -21.1634 9.46548
      vertex -24.4343 -21.1163 9.39891
    endloop
  endfacet
  facet normal -0.649287 0.439111 -0.620973
    outer loop
      vertex -24.5298 -21.1634 9.46548
      vertex -24.4343 -21.809 8.9091
      vertex -24.5298 -21.8671 8.96787
    endloop
  endfacet
  facet normal -0.233425 0.56138 -0.793956
    outer loop
      vertex -24.8749 -21.2459 9.58219
      vertex -24.7528 -21.9481 9.04979
      vertex -24.8749 -21.969 9.07091
    endloop
  endfacet
  facet normal -0.233313 0.561409 -0.793968
    outer loop
      vertex -24.7528 -21.9481 9.04979
      vertex -24.8749 -21.2459 9.58219
      vertex -24.7528 -21.229 9.55826
    endloop
  endfacet
  facet normal -0.924013 -0.220753 0.3122
    outer loop
      vertex -24.2872 -21.1471 8.2395
      vertex -24.2392 -20.647 8.73518
      vertex -24.2872 -20.58 8.64049
    endloop
  endfacet
  facet normal -0.923958 -0.220851 0.312293
    outer loop
      vertex -24.2392 -20.647 8.73518
      vertex -24.2872 -21.1471 8.2395
      vertex -24.2392 -21.2297 8.3231
    endloop
  endfacet
  facet normal 0.924022 0.220728 -0.312189
    outer loop
      vertex -25.7128 -20.9994 9.23358
      vertex -25.7608 -21.5821 8.67952
      vertex -25.7608 -20.9324 9.13888
    endloop
  endfacet
  facet normal 0.923966 0.220825 -0.312286
    outer loop
      vertex -25.7608 -21.5821 8.67952
      vertex -25.7128 -20.9994 9.23358
      vertex -25.7128 -21.6647 8.76313
    endloop
  endfacet
  facet normal 0.972362 0.1348 -0.190632
    outer loop
      vertex -25.7608 -20.9324 9.13888
      vertex -25.7901 -21.4951 8.59153
      vertex -25.7901 -20.862 9.03921
    endloop
  endfacet
  facet normal 0.972382 0.13474 -0.190571
    outer loop
      vertex -25.7901 -21.4951 8.59153
      vertex -25.7608 -20.9324 9.13888
      vertex -25.7608 -21.5821 8.67952
    endloop
  endfacet
  facet normal 0.382884 0.533347 -0.754282
    outer loop
      vertex -25.3632 -21.9138 9.01516
      vertex -25.2472 -21.229 9.55826
      vertex -25.2472 -21.9481 9.04979
    endloop
  endfacet
  facet normal 0.382906 0.533339 -0.754276
    outer loop
      vertex -25.2472 -21.229 9.55826
      vertex -25.3632 -21.9138 9.01516
      vertex -25.3632 -21.2012 9.51903
    endloop
  endfacet
  facet normal 0.233425 0.56138 -0.793956
    outer loop
      vertex -25.2472 -21.9481 9.04979
      vertex -25.1251 -21.2459 9.58219
      vertex -25.1251 -21.969 9.07091
    endloop
  endfacet
  facet normal 0.233313 0.561409 -0.793968
    outer loop
      vertex -25.1251 -21.2459 9.58219
      vertex -25.2472 -21.9481 9.04979
      vertex -25.2472 -21.229 9.55826
    endloop
  endfacet
  facet normal 0.522525 0.492253 -0.696171
    outer loop
      vertex -25.4702 -21.8671 8.96787
      vertex -25.3632 -21.2012 9.51903
      vertex -25.3632 -21.9138 9.01516
    endloop
  endfacet
  facet normal 0.522368 0.492331 -0.696234
    outer loop
      vertex -25.3632 -21.2012 9.51903
      vertex -25.4702 -21.8671 8.96787
      vertex -25.4702 -21.1634 9.46548
    endloop
  endfacet
  facet normal -0.852606 0.301702 -0.42666
    outer loop
      vertex -24.2872 -21.6647 8.76313
      vertex -24.3528 -21.0612 9.32097
      vertex -24.2872 -20.9994 9.23358
    endloop
  endfacet
  facet normal -0.852647 0.301654 -0.426613
    outer loop
      vertex -24.3528 -21.0612 9.32097
      vertex -24.2872 -21.6647 8.76313
      vertex -24.3528 -21.741 8.84029
    endloop
  endfacet
  facet normal -0.760492 0.374895 -0.530194
    outer loop
      vertex -24.3528 -21.741 8.84029
      vertex -24.4343 -21.1163 9.39891
      vertex -24.3528 -21.0612 9.32097
    endloop
  endfacet
  facet normal -0.760469 0.374915 -0.530213
    outer loop
      vertex -24.4343 -21.1163 9.39891
      vertex -24.3528 -21.741 8.84029
      vertex -24.4343 -21.809 8.9091
    endloop
  endfacet
  facet normal -0.0784035 0.575567 -0.813987
    outer loop
      vertex -25 -21.2516 9.59023
      vertex -24.8749 -21.969 9.07091
      vertex -25 -21.976 9.07801
    endloop
  endfacet
  facet normal -0.0785379 0.575545 -0.81399
    outer loop
      vertex -24.8749 -21.969 9.07091
      vertex -25 -21.2516 9.59023
      vertex -24.8749 -21.2459 9.58219
    endloop
  endfacet
  facet normal 0.382906 -0.533351 0.754268
    outer loop
      vertex -25.3632 -20.3782 8.35503
      vertex -25.2472 -20.8637 7.95284
      vertex -25.2472 -20.3504 8.3158
    endloop
  endfacet
  facet normal 0.382885 -0.53336 0.754272
    outer loop
      vertex -25.2472 -20.8637 7.95284
      vertex -25.3632 -20.3782 8.35503
      vertex -25.3632 -20.898 7.98747
    endloop
  endfacet
  facet normal 0.0786025 -0.575564 0.813971
    outer loop
      vertex -25.1251 -20.3335 8.29188
      vertex -25 -20.8358 7.92462
      vertex -25 -20.3278 8.28383
    endloop
  endfacet
  facet normal 0.0788601 -0.575509 0.813984
    outer loop
      vertex -25 -20.8358 7.92462
      vertex -25.1251 -20.3335 8.29188
      vertex -25.1251 -20.8429 7.93172
    endloop
  endfacet
  facet normal 0.522368 -0.492323 0.696239
    outer loop
      vertex -25.4702 -20.416 8.40858
      vertex -25.3632 -20.898 7.98747
      vertex -25.3632 -20.3782 8.35503
    endloop
  endfacet
  facet normal 0.522524 -0.492239 0.696182
    outer loop
      vertex -25.3632 -20.898 7.98747
      vertex -25.4702 -20.416 8.40858
      vertex -25.4702 -20.9447 8.03476
    endloop
  endfacet
  facet normal 0.972387 -0.134749 0.190541
    outer loop
      vertex -25.7901 -20.7175 8.83485
      vertex -25.7608 -21.2297 8.3231
      vertex -25.7608 -20.647 8.73518
    endloop
  endfacet
  facet normal 0.972387 -0.13475 0.190542
    outer loop
      vertex -25.7608 -21.2297 8.3231
      vertex -25.7901 -20.7175 8.83485
      vertex -25.7901 -21.3167 8.4111
    endloop
  endfacet
  facet normal -0.649368 -0.439039 0.62094
    outer loop
      vertex -24.5298 -20.9447 8.03476
      vertex -24.4343 -20.4631 8.47515
      vertex -24.5298 -20.416 8.40858
    endloop
  endfacet
  facet normal -0.649286 -0.439096 0.620985
    outer loop
      vertex -24.4343 -20.4631 8.47515
      vertex -24.5298 -20.9447 8.03476
      vertex -24.4343 -21.0028 8.09353
    endloop
  endfacet
  facet normal -0.852624 -0.301681 0.426639
    outer loop
      vertex -24.3528 -21.0708 8.16234
      vertex -24.2872 -20.58 8.64049
      vertex -24.3528 -20.5182 8.55309
    endloop
  endfacet
  facet normal -0.852647 -0.301653 0.426613
    outer loop
      vertex -24.2872 -20.58 8.64049
      vertex -24.3528 -21.0708 8.16234
      vertex -24.2872 -21.1471 8.2395
    endloop
  endfacet
  facet normal -0.996946 -0.0450885 0.063757
    outer loop
      vertex -24.2098 -21.3167 8.4111
      vertex -24.2 -20.7897 8.93703
      vertex -24.2098 -20.7175 8.83485
    endloop
  endfacet
  facet normal -0.996948 -0.04507 0.0637385
    outer loop
      vertex -24.2 -20.7897 8.93703
      vertex -24.2098 -21.3167 8.4111
      vertex -24.2 -21.4059 8.50131
    endloop
  endfacet
  facet normal 0.760492 0.374895 -0.530194
    outer loop
      vertex -25.5657 -21.1163 9.39891
      vertex -25.6472 -21.741 8.84029
      vertex -25.6472 -21.0612 9.32097
    endloop
  endfacet
  facet normal 0.760469 0.374915 -0.530213
    outer loop
      vertex -25.6472 -21.741 8.84029
      vertex -25.5657 -21.1163 9.39891
      vertex -25.5657 -21.809 8.9091
    endloop
  endfacet
  facet normal 0.852606 0.301702 -0.42666
    outer loop
      vertex -25.6472 -21.0612 9.32097
      vertex -25.7128 -21.6647 8.76313
      vertex -25.7128 -20.9994 9.23358
    endloop
  endfacet
  facet normal 0.852647 0.301654 -0.426613
    outer loop
      vertex -25.7128 -21.6647 8.76313
      vertex -25.6472 -21.0612 9.32097
      vertex -25.6472 -21.741 8.84029
    endloop
  endfacet
  facet normal -0.924022 0.220728 -0.312189
    outer loop
      vertex -24.2392 -21.5821 8.67952
      vertex -24.2872 -20.9994 9.23358
      vertex -24.2392 -20.9324 9.13888
    endloop
  endfacet
  facet normal -0.923966 0.220825 -0.312286
    outer loop
      vertex -24.2872 -20.9994 9.23358
      vertex -24.2392 -21.5821 8.67952
      vertex -24.2872 -21.6647 8.76313
    endloop
  endfacet
  facet normal -0.972181 0.135235 -0.191247
    outer loop
      vertex -24.2098 -21.4951 8.59153
      vertex -24.2392 -20.9324 9.13888
      vertex -24.2098 -20.862 9.03921
    endloop
  endfacet
  facet normal -0.972201 0.135175 -0.191186
    outer loop
      vertex -24.2392 -20.9324 9.13888
      vertex -24.2098 -21.4951 8.59153
      vertex -24.2392 -21.5821 8.67952
    endloop
  endfacet
  facet normal -0.382884 0.533347 -0.754282
    outer loop
      vertex -24.7528 -21.229 9.55826
      vertex -24.6368 -21.9138 9.01516
      vertex -24.7528 -21.9481 9.04979
    endloop
  endfacet
  facet normal -0.382906 0.533339 -0.754276
    outer loop
      vertex -24.6368 -21.9138 9.01516
      vertex -24.7528 -21.229 9.55826
      vertex -24.6368 -21.2012 9.51903
    endloop
  endfacet
  facet normal -0.522525 0.492253 -0.696171
    outer loop
      vertex -24.6368 -21.2012 9.51903
      vertex -24.5298 -21.8671 8.96787
      vertex -24.6368 -21.9138 9.01516
    endloop
  endfacet
  facet normal -0.522368 0.492331 -0.696234
    outer loop
      vertex -24.5298 -21.8671 8.96787
      vertex -24.6368 -21.2012 9.51903
      vertex -24.5298 -21.1634 9.46548
    endloop
  endfacet
  facet normal 0.996884 -0.0455457 0.0644035
    outer loop
      vertex -25.8 -20.7897 8.93703
      vertex -25.7901 -21.3167 8.4111
      vertex -25.7901 -20.7175 8.83485
    endloop
  endfacet
  facet normal 0.996886 -0.0455271 0.0643849
    outer loop
      vertex -25.7901 -21.3167 8.4111
      vertex -25.8 -20.7897 8.93703
      vertex -25.8 -21.4059 8.50131
    endloop
  endfacet
  facet normal 0.233251 -0.561383 0.794004
    outer loop
      vertex -25.2472 -20.3504 8.3158
      vertex -25.1251 -20.8429 7.93172
      vertex -25.1251 -20.3335 8.29188
    endloop
  endfacet
  facet normal 0.232991 -0.561463 0.794024
    outer loop
      vertex -25.1251 -20.8429 7.93172
      vertex -25.2472 -20.3504 8.3158
      vertex -25.2472 -20.8637 7.95284
    endloop
  endfacet
  facet normal 0.649368 -0.439039 0.62094
    outer loop
      vertex -25.5657 -20.4631 8.47515
      vertex -25.4702 -20.9447 8.03476
      vertex -25.4702 -20.416 8.40858
    endloop
  endfacet
  facet normal 0.649286 -0.439096 0.620985
    outer loop
      vertex -25.4702 -20.9447 8.03476
      vertex -25.5657 -20.4631 8.47515
      vertex -25.5657 -21.0028 8.09353
    endloop
  endfacet
  facet normal 0.760492 -0.374897 0.530193
    outer loop
      vertex -25.6472 -20.5182 8.55309
      vertex -25.5657 -21.0028 8.09353
      vertex -25.5657 -20.4631 8.47515
    endloop
  endfacet
  facet normal 0.760469 -0.374918 0.530211
    outer loop
      vertex -25.5657 -21.0028 8.09353
      vertex -25.6472 -20.5182 8.55309
      vertex -25.6472 -21.0708 8.16234
    endloop
  endfacet
  facet normal 0.924013 -0.220753 0.3122
    outer loop
      vertex -25.7608 -20.647 8.73518
      vertex -25.7128 -21.1471 8.2395
      vertex -25.7128 -20.58 8.64049
    endloop
  endfacet
  facet normal 0.923958 -0.220851 0.312293
    outer loop
      vertex -25.7128 -21.1471 8.2395
      vertex -25.7608 -20.647 8.73518
      vertex -25.7608 -21.2297 8.3231
    endloop
  endfacet
  facet normal -0.522368 -0.492323 0.696239
    outer loop
      vertex -24.6368 -20.898 7.98747
      vertex -24.5298 -20.416 8.40858
      vertex -24.6368 -20.3782 8.35503
    endloop
  endfacet
  facet normal -0.522524 -0.492239 0.696182
    outer loop
      vertex -24.5298 -20.416 8.40858
      vertex -24.6368 -20.898 7.98747
      vertex -24.5298 -20.9447 8.03476
    endloop
  endfacet
  facet normal -0.382906 -0.533351 0.754268
    outer loop
      vertex -24.7528 -20.8637 7.95284
      vertex -24.6368 -20.3782 8.35503
      vertex -24.7528 -20.3504 8.3158
    endloop
  endfacet
  facet normal -0.382885 -0.53336 0.754272
    outer loop
      vertex -24.6368 -20.3782 8.35503
      vertex -24.7528 -20.8637 7.95284
      vertex -24.6368 -20.898 7.98747
    endloop
  endfacet
  facet normal -0.760492 -0.374897 0.530193
    outer loop
      vertex -24.4343 -21.0028 8.09353
      vertex -24.3528 -20.5182 8.55309
      vertex -24.4343 -20.4631 8.47515
    endloop
  endfacet
  facet normal -0.760469 -0.374918 0.530211
    outer loop
      vertex -24.3528 -20.5182 8.55309
      vertex -24.4343 -21.0028 8.09353
      vertex -24.3528 -21.0708 8.16234
    endloop
  endfacet
  facet normal -0.972206 -0.135183 0.191155
    outer loop
      vertex -24.2392 -21.2297 8.3231
      vertex -24.2098 -20.7175 8.83485
      vertex -24.2392 -20.647 8.73518
    endloop
  endfacet
  facet normal -0.972206 -0.135185 0.191157
    outer loop
      vertex -24.2098 -20.7175 8.83485
      vertex -24.2392 -21.2297 8.3231
      vertex -24.2098 -21.3167 8.4111
    endloop
  endfacet
  facet normal 0.852624 -0.301681 0.426639
    outer loop
      vertex -25.7128 -20.58 8.64049
      vertex -25.6472 -21.0708 8.16234
      vertex -25.6472 -20.5182 8.55309
    endloop
  endfacet
  facet normal 0.852647 -0.301653 0.426613
    outer loop
      vertex -25.6472 -21.0708 8.16234
      vertex -25.7128 -20.58 8.64049
      vertex -25.7128 -21.1471 8.2395
    endloop
  endfacet
  facet normal -0.233251 -0.561383 0.794004
    outer loop
      vertex -24.8749 -20.8429 7.93172
      vertex -24.7528 -20.3504 8.3158
      vertex -24.8749 -20.3335 8.29188
    endloop
  endfacet
  facet normal -0.232991 -0.561463 0.794024
    outer loop
      vertex -24.7528 -20.3504 8.3158
      vertex -24.8749 -20.8429 7.93172
      vertex -24.7528 -20.8637 7.95284
    endloop
  endfacet
  facet normal 0.673088 0.632989 0.382464
    outer loop
      vertex -26.5482 -20.3567 9.53714
      vertex -25.8 -20.7897 8.93703
      vertex -26.5671 -20.2182 9.34118
    endloop
  endfacet
  facet normal 0.673627 0.630248 0.386023
    outer loop
      vertex -25.7901 -20.862 9.03921
      vertex -26.5482 -20.3567 9.53714
      vertex -26.5478 -20.3597 9.54134
    endloop
  endfacet
  facet normal 0.673123 0.632875 0.382589
    outer loop
      vertex -26.5482 -20.3567 9.53714
      vertex -25.7901 -20.862 9.03921
      vertex -25.8 -20.7897 8.93703
    endloop
  endfacet
  facet normal 0.672791 0.570224 0.471378
    outer loop
      vertex -26.5482 -20.0796 9.14521
      vertex -25.7901 -20.7175 8.83485
      vertex -26.5478 -20.0766 9.14101
    endloop
  endfacet
  facet normal 0.673107 0.571678 0.469161
    outer loop
      vertex -25.7901 -20.7175 8.83485
      vertex -26.5482 -20.0796 9.14521
      vertex -25.8 -20.7897 8.93703
    endloop
  endfacet
  facet normal -0.67315 0.571569 0.469231
    outer loop
      vertex -24.2098 -20.7175 8.83485
      vertex -23.4329 -20.2182 9.34118
      vertex -23.4522 -20.0766 9.14101
    endloop
  endfacet
  facet normal -0.673115 0.572013 0.46874
    outer loop
      vertex -23.4329 -20.2182 9.34118
      vertex -24.2098 -20.7175 8.83485
      vertex -24.2 -20.7897 8.93703
    endloop
  endfacet
  facet normal 0.0529696 0.213672 0.975468
    outer loop
      vertex -25 -20.3278 8.28383
      vertex -25 -19.3134 8.06163
      vertex -25.24 -19.3243 8.07705
    endloop
  endfacet
  facet normal -0.502711 0.862452 0.0588049
    outer loop
      vertex -23.8885 -20.8557 10.2428
      vertex -24.4343 -21.1163 9.39891
      vertex -23.8919 -20.8579 10.246
    endloop
  endfacet
  facet normal -0.513419 0.855448 0.0678929
    outer loop
      vertex -24.4343 -21.1163 9.39891
      vertex -23.8885 -20.8557 10.2428
      vertex -24.3528 -21.0612 9.32097
    endloop
  endfacet
  facet normal 0.513341 0.349063 0.783987
    outer loop
      vertex -25.5657 -20.4631 8.47515
      vertex -26.1081 -19.5784 8.4364
      vertex -26.2645 -19.6841 8.58587
    endloop
  endfacet
  facet normal -0.44196 0.307865 0.84255
    outer loop
      vertex -23.8958 -19.5765 8.43366
      vertex -24.4343 -20.4631 8.47515
      vertex -23.8919 -19.5784 8.4364
    endloop
  endfacet
  facet normal -0.438342 0.305791 0.845191
    outer loop
      vertex -24.4343 -20.4631 8.47515
      vertex -23.8958 -19.5765 8.43366
      vertex -24.5298 -20.416 8.40858
    endloop
  endfacet
  facet normal -0.575682 0.398606 0.713935
    outer loop
      vertex -23.6037 -19.8074 8.76027
      vertex -23.7295 -19.6889 8.59267
      vertex -24.2872 -20.58 8.64049
    endloop
  endfacet
  facet normal -0.575668 0.805995 0.13776
    outer loop
      vertex -23.7295 -20.7474 10.0897
      vertex -23.6037 -20.6289 9.92208
      vertex -24.2872 -20.9994 9.23358
    endloop
  endfacet
  facet normal 0.353133 0.934537 -0.0440314
    outer loop
      vertex -25.7159 -21.0228 10.4791
      vertex -25.4702 -21.1634 9.46548
      vertex -25.9211 -20.9501 10.3764
    endloop
  endfacet
  facet normal 0.623817 0.45319 0.636766
    outer loop
      vertex -25.7608 -20.647 8.73518
      vertex -26.3983 -19.8102 8.76416
      vertex -26.4904 -19.9386 8.94577
    endloop
  endfacet
  facet normal 0.673094 0.571649 0.469215
    outer loop
      vertex -25.8 -20.7897 8.93703
      vertex -26.5482 -20.0796 9.14521
      vertex -26.5671 -20.2182 9.34118
    endloop
  endfacet
  facet normal 0.352961 0.269984 0.895839
    outer loop
      vertex -25.9167 -19.4846 8.3038
      vertex -25.4702 -20.416 8.40858
      vertex -25.3632 -20.3782 8.35503
    endloop
  endfacet
  facet normal 0.350683 0.269025 0.897021
    outer loop
      vertex -25.4702 -20.416 8.40858
      vertex -25.9167 -19.4846 8.3038
      vertex -25.9211 -19.4862 8.306
    endloop
  endfacet
  facet normal 0.438342 0.305791 0.845191
    outer loop
      vertex -26.1042 -19.5765 8.43366
      vertex -25.5657 -20.4631 8.47515
      vertex -25.4702 -20.416 8.40858
    endloop
  endfacet
  facet normal 0.44196 0.307865 0.84255
    outer loop
      vertex -25.5657 -20.4631 8.47515
      vertex -26.1042 -19.5765 8.43366
      vertex -26.1081 -19.5784 8.4364
    endloop
  endfacet
  facet normal -0.623835 0.453171 0.636762
    outer loop
      vertex -23.5116 -19.9358 8.94188
      vertex -23.6037 -19.8074 8.76027
      vertex -24.2872 -20.58 8.64049
    endloop
  endfacet
  facet normal -0.572706 0.396193 0.717662
    outer loop
      vertex -24.3528 -20.5182 8.55309
      vertex -23.7295 -19.6889 8.59267
      vertex -23.7322 -19.6863 8.58908
    endloop
  endfacet
  facet normal -0.575678 0.398604 0.713939
    outer loop
      vertex -23.7295 -19.6889 8.59267
      vertex -24.3528 -20.5182 8.55309
      vertex -24.2872 -20.58 8.64049
    endloop
  endfacet
  facet normal -0.353133 0.934537 -0.0440314
    outer loop
      vertex -24.2841 -21.0228 10.4791
      vertex -24.0789 -20.9501 10.3764
      vertex -24.5298 -21.1634 9.46548
    endloop
  endfacet
  facet normal -0.438269 0.898821 0.00647347
    outer loop
      vertex -24.0789 -20.9501 10.3764
      vertex -23.8958 -20.8599 10.2487
      vertex -24.5298 -21.1634 9.46548
    endloop
  endfacet
  facet normal -0.343719 0.937845 -0.0479984
    outer loop
      vertex -24.2841 -21.0228 10.4791
      vertex -24.6368 -21.2012 9.51903
      vertex -24.2885 -21.0243 10.4813
    endloop
  endfacet
  facet normal -0.352386 0.934808 -0.04425
    outer loop
      vertex -24.6368 -21.2012 9.51903
      vertex -24.2841 -21.0228 10.4791
      vertex -24.5298 -21.1634 9.46548
    endloop
  endfacet
  facet normal -0.258419 0.962427 -0.0833949
    outer loop
      vertex -24.5157 -21.0787 10.5581
      vertex -24.2933 -21.0255 10.4829
      vertex -24.7528 -21.229 9.55826
    endloop
  endfacet
  facet normal -0.266775 0.960433 -0.0800012
    outer loop
      vertex -24.6368 -21.2012 9.51903
      vertex -24.2933 -21.0255 10.4829
      vertex -24.2885 -21.0243 10.4813
    endloop
  endfacet
  facet normal -0.25877 0.962349 -0.0832032
    outer loop
      vertex -24.2933 -21.0255 10.4829
      vertex -24.6368 -21.2012 9.51903
      vertex -24.7528 -21.229 9.55826
    endloop
  endfacet
  facet normal -0.673166 0.632797 0.382643
    outer loop
      vertex -23.4522 -20.3597 9.54134
      vertex -23.4333 -20.2211 9.34538
      vertex -24.2098 -20.862 9.03921
    endloop
  endfacet
  facet normal 0.157428 0.981364 -0.11019
    outer loop
      vertex -25.2502 -21.1111 10.604
      vertex -25.2472 -21.229 9.55826
      vertex -25.4843 -21.0787 10.5581
    endloop
  endfacet
  facet normal 0.619283 0.757322 0.20725
    outer loop
      vertex -25.7128 -20.9994 9.23358
      vertex -26.3983 -20.6262 9.91819
      vertex -26.3963 -20.6289 9.92208
    endloop
  endfacet
  facet normal 0.62395 0.751237 0.215241
    outer loop
      vertex -26.3983 -20.6262 9.91819
      vertex -25.7128 -20.9994 9.23358
      vertex -25.7608 -20.9324 9.13888
    endloop
  endfacet
  facet normal 0.656563 0.693213 0.297288
    outer loop
      vertex -26.4916 -20.4949 9.73248
      vertex -25.7901 -20.862 9.03921
      vertex -26.5478 -20.3597 9.54134
    endloop
  endfacet
  facet normal 0.656686 0.511623 0.554081
    outer loop
      vertex -26.4916 -19.9415 8.94987
      vertex -25.7608 -20.647 8.73518
      vertex -26.4904 -19.9386 8.94577
    endloop
  endfacet
  facet normal 0.656502 0.511266 0.554628
    outer loop
      vertex -25.7608 -20.647 8.73518
      vertex -26.4916 -19.9415 8.94987
      vertex -25.7901 -20.7175 8.83485
    endloop
  endfacet
  facet normal 0.656567 0.511348 0.554475
    outer loop
      vertex -25.7901 -20.7175 8.83485
      vertex -26.4916 -19.9415 8.94987
      vertex -26.5478 -20.0766 9.14101
    endloop
  endfacet
  facet normal 0.620602 0.449412 0.642559
    outer loop
      vertex -26.3983 -19.8102 8.76416
      vertex -25.7128 -20.58 8.64049
      vertex -26.3963 -19.8074 8.76027
    endloop
  endfacet
  facet normal 0.623771 0.453153 0.636838
    outer loop
      vertex -25.7128 -20.58 8.64049
      vertex -26.3983 -19.8102 8.76416
      vertex -25.7608 -20.647 8.73518
    endloop
  endfacet
  facet normal 0.258319 0.242125 0.935226
    outer loop
      vertex -25.3632 -20.3782 8.35503
      vertex -25.489 -19.3588 8.12586
      vertex -25.7115 -19.412 8.20109
    endloop
  endfacet
  facet normal 0.352906 0.269952 0.89587
    outer loop
      vertex -25.3632 -20.3782 8.35503
      vertex -25.7115 -19.412 8.20109
      vertex -25.9167 -19.4846 8.3038
    endloop
  endfacet
  facet normal 0.438409 0.305843 0.845138
    outer loop
      vertex -25.4702 -20.416 8.40858
      vertex -25.9211 -19.4862 8.306
      vertex -26.1042 -19.5765 8.43366
    endloop
  endfacet
  facet normal 0.262977 0.242977 0.933705
    outer loop
      vertex -25.489 -19.3588 8.12586
      vertex -25.2472 -20.3504 8.3158
      vertex -25.4843 -19.3577 8.12425
    endloop
  endfacet
  facet normal 0.258263 0.242122 0.935242
    outer loop
      vertex -25.2472 -20.3504 8.3158
      vertex -25.489 -19.3588 8.12586
      vertex -25.3632 -20.3782 8.35503
    endloop
  endfacet
  facet normal -0.513594 0.349236 0.783744
    outer loop
      vertex -23.7322 -19.6863 8.58908
      vertex -23.8885 -19.5807 8.4396
      vertex -24.3528 -20.5182 8.55309
    endloop
  endfacet
  facet normal -0.656686 0.511623 0.554081
    outer loop
      vertex -24.2392 -20.647 8.73518
      vertex -23.5084 -19.9415 8.94987
      vertex -23.5096 -19.9386 8.94577
    endloop
  endfacet
  facet normal -0.65636 0.510991 0.55505
    outer loop
      vertex -23.5084 -19.9415 8.94987
      vertex -24.2392 -20.647 8.73518
      vertex -24.2098 -20.7175 8.83485
    endloop
  endfacet
  facet normal -0.352851 0.269952 0.895892
    outer loop
      vertex -24.2885 -19.412 8.20109
      vertex -24.5298 -20.416 8.40858
      vertex -24.0789 -19.4862 8.306
    endloop
  endfacet
  facet normal -0.352967 0.269969 0.895841
    outer loop
      vertex -24.5298 -20.416 8.40858
      vertex -24.2885 -19.412 8.20109
      vertex -24.6368 -20.3782 8.35503
    endloop
  endfacet
  facet normal -0.438409 0.305843 0.845138
    outer loop
      vertex -23.8958 -19.5765 8.43366
      vertex -24.0789 -19.4862 8.306
      vertex -24.5298 -20.416 8.40858
    endloop
  endfacet
  facet normal -0.157573 0.22325 0.961941
    outer loop
      vertex -24.5157 -19.3577 8.12425
      vertex -24.7498 -19.3252 8.07836
      vertex -24.7528 -20.3504 8.3158
    endloop
  endfacet
  facet normal -0.448335 0.893749 0.0144405
    outer loop
      vertex -24.4343 -21.1163 9.39891
      vertex -23.8958 -20.8599 10.2487
      vertex -23.8919 -20.8579 10.246
    endloop
  endfacet
  facet normal -0.438532 0.89869 0.00673732
    outer loop
      vertex -23.8958 -20.8599 10.2487
      vertex -24.4343 -21.1163 9.39891
      vertex -24.5298 -21.1634 9.46548
    endloop
  endfacet
  facet normal -0.580501 0.801516 0.143497
    outer loop
      vertex -23.7295 -20.7474 10.0897
      vertex -24.3528 -21.0612 9.32097
      vertex -23.7322 -20.75 10.0933
    endloop
  endfacet
  facet normal -0.575707 0.805961 0.137796
    outer loop
      vertex -24.3528 -21.0612 9.32097
      vertex -23.7295 -20.7474 10.0897
      vertex -24.2872 -20.9994 9.23358
    endloop
  endfacet
  facet normal -0.513492 0.855401 0.0679403
    outer loop
      vertex -23.8885 -20.8557 10.2428
      vertex -23.7322 -20.75 10.0933
      vertex -24.3528 -21.0612 9.32097
    endloop
  endfacet
  facet normal 0.258419 0.962427 -0.0833949
    outer loop
      vertex -25.4843 -21.0787 10.5581
      vertex -25.2472 -21.229 9.55826
      vertex -25.7067 -21.0255 10.4829
    endloop
  endfacet
  facet normal 0.0531001 0.990895 -0.123721
    outer loop
      vertex -25.1251 -21.2459 9.58219
      vertex -25.24 -21.112 10.6053
      vertex -25 -21.2516 9.59023
    endloop
  endfacet
  facet normal 0.0453121 0.991168 -0.124631
    outer loop
      vertex -25.24 -21.112 10.6053
      vertex -25.1251 -21.2459 9.58219
      vertex -25.2452 -21.1118 10.605
    endloop
  endfacet
  facet normal 0.0529445 0.990899 -0.123758
    outer loop
      vertex -25 -21.1229 10.6207
      vertex -25 -21.2516 9.59023
      vertex -25.24 -21.112 10.6053
    endloop
  endfacet
  facet normal 0.513384 0.855479 0.0677655
    outer loop
      vertex -26.1081 -20.8579 10.246
      vertex -25.5657 -21.1163 9.39891
      vertex -26.2645 -20.7522 10.0965
    endloop
  endfacet
  facet normal 0.623749 0.751479 0.214981
    outer loop
      vertex -26.3983 -20.6262 9.91819
      vertex -25.7608 -20.9324 9.13888
      vertex -26.4904 -20.4978 9.73658
    endloop
  endfacet
  facet normal 0.656705 0.692838 0.29785
    outer loop
      vertex -25.7608 -20.9324 9.13888
      vertex -26.4916 -20.4949 9.73248
      vertex -26.4904 -20.4978 9.73658
    endloop
  endfacet
  facet normal 0.656376 0.693549 0.29692
    outer loop
      vertex -26.4916 -20.4949 9.73248
      vertex -25.7608 -20.9324 9.13888
      vertex -25.7901 -20.862 9.03921
    endloop
  endfacet
  facet normal 0.575635 0.398536 0.714012
    outer loop
      vertex -26.3963 -19.8074 8.76027
      vertex -25.6472 -20.5182 8.55309
      vertex -26.2678 -19.6863 8.58908
    endloop
  endfacet
  facet normal 0.575679 0.398604 0.713939
    outer loop
      vertex -25.6472 -20.5182 8.55309
      vertex -26.3963 -19.8074 8.76027
      vertex -25.7128 -20.58 8.64049
    endloop
  endfacet
  facet normal 0.513488 0.349217 0.783822
    outer loop
      vertex -26.2645 -19.6841 8.58587
      vertex -25.6472 -20.5182 8.55309
      vertex -25.5657 -20.4631 8.47515
    endloop
  endfacet
  facet normal 0.519931 0.354243 0.777292
    outer loop
      vertex -25.6472 -20.5182 8.55309
      vertex -26.2645 -19.6841 8.58587
      vertex -26.2678 -19.6863 8.58908
    endloop
  endfacet
  facet normal 0.157573 0.22325 0.961941
    outer loop
      vertex -25.2472 -20.3504 8.3158
      vertex -25.2502 -19.3252 8.07836
      vertex -25.4843 -19.3577 8.12425
    endloop
  endfacet
  facet normal -0.508157 0.346089 0.788669
    outer loop
      vertex -24.4343 -20.4631 8.47515
      vertex -23.8885 -19.5807 8.4396
      vertex -23.8919 -19.5784 8.4364
    endloop
  endfacet
  facet normal -0.5135 0.349199 0.783822
    outer loop
      vertex -23.8885 -19.5807 8.4396
      vertex -24.4343 -20.4631 8.47515
      vertex -24.3528 -20.5182 8.55309
    endloop
  endfacet
  facet normal -0.656613 0.511307 0.554459
    outer loop
      vertex -23.4522 -20.0766 9.14101
      vertex -23.5084 -19.9415 8.94987
      vertex -24.2098 -20.7175 8.83485
    endloop
  endfacet
  facet normal -0.262977 0.242977 0.933705
    outer loop
      vertex -24.7528 -20.3504 8.3158
      vertex -24.511 -19.3588 8.12586
      vertex -24.5157 -19.3577 8.12425
    endloop
  endfacet
  facet normal -0.258263 0.242122 0.935242
    outer loop
      vertex -24.511 -19.3588 8.12586
      vertex -24.7528 -20.3504 8.3158
      vertex -24.6368 -20.3782 8.35503
    endloop
  endfacet
  facet normal -0.258319 0.242125 0.935226
    outer loop
      vertex -24.2885 -19.412 8.20109
      vertex -24.511 -19.3588 8.12586
      vertex -24.6368 -20.3782 8.35503
    endloop
  endfacet
  facet normal -0.157298 0.223229 0.961991
    outer loop
      vertex -24.8749 -20.3335 8.29188
      vertex -24.7498 -19.3252 8.07836
      vertex -24.7548 -19.3245 8.07738
    endloop
  endfacet
  facet normal -0.157549 0.223251 0.961945
    outer loop
      vertex -24.7498 -19.3252 8.07836
      vertex -24.8749 -20.3335 8.29188
      vertex -24.7528 -20.3504 8.3158
    endloop
  endfacet
  facet normal -0.0529844 0.213678 0.975466
    outer loop
      vertex -25 -19.3134 8.06163
      vertex -24.8749 -20.3335 8.29188
      vertex -24.7548 -19.3245 8.07738
    endloop
  endfacet
  facet normal -0.0530341 0.213671 0.975465
    outer loop
      vertex -24.8749 -20.3335 8.29188
      vertex -25 -19.3134 8.06163
      vertex -25 -20.3278 8.28383
    endloop
  endfacet
  facet normal -0.157428 0.981364 -0.11019
    outer loop
      vertex -24.7498 -21.1111 10.604
      vertex -24.5157 -21.0787 10.5581
      vertex -24.7528 -21.229 9.55826
    endloop
  endfacet
  facet normal -0.620968 0.756359 0.205716
    outer loop
      vertex -23.5096 -20.4978 9.73658
      vertex -24.2872 -20.9994 9.23358
      vertex -23.5116 -20.5005 9.74047
    endloop
  endfacet
  facet normal -0.623886 0.751274 0.215299
    outer loop
      vertex -24.2872 -20.9994 9.23358
      vertex -23.5096 -20.4978 9.73658
      vertex -24.2392 -20.9324 9.13888
    endloop
  endfacet
  facet normal -0.623818 0.75144 0.214918
    outer loop
      vertex -23.6037 -20.6289 9.92208
      vertex -23.5116 -20.5005 9.74047
      vertex -24.2872 -20.9994 9.23358
    endloop
  endfacet
  facet normal -0.656609 0.693185 0.297254
    outer loop
      vertex -23.5084 -20.4949 9.73248
      vertex -23.4522 -20.3597 9.54134
      vertex -24.2098 -20.862 9.03921
    endloop
  endfacet
  facet normal -0.656705 0.692838 0.29785
    outer loop
      vertex -23.5084 -20.4949 9.73248
      vertex -24.2392 -20.9324 9.13888
      vertex -23.5096 -20.4978 9.73658
    endloop
  endfacet
  facet normal -0.656233 0.693854 0.296519
    outer loop
      vertex -24.2392 -20.9324 9.13888
      vertex -23.5084 -20.4949 9.73248
      vertex -24.2098 -20.862 9.03921
    endloop
  endfacet
  facet normal 0.25877 0.962349 -0.0832032
    outer loop
      vertex -25.3632 -21.2012 9.51903
      vertex -25.7067 -21.0255 10.4829
      vertex -25.2472 -21.229 9.55826
    endloop
  endfacet
  facet normal 0.266775 0.960433 -0.0800012
    outer loop
      vertex -25.7067 -21.0255 10.4829
      vertex -25.3632 -21.2012 9.51903
      vertex -25.7115 -21.0243 10.4813
    endloop
  endfacet
  facet normal 0.343719 0.937845 -0.0479984
    outer loop
      vertex -25.3632 -21.2012 9.51903
      vertex -25.7159 -21.0228 10.4791
      vertex -25.7115 -21.0243 10.4813
    endloop
  endfacet
  facet normal 0.352386 0.934808 -0.04425
    outer loop
      vertex -25.7159 -21.0228 10.4791
      vertex -25.3632 -21.2012 9.51903
      vertex -25.4702 -21.1634 9.46548
    endloop
  endfacet
  facet normal 0.159336 0.981086 -0.10992
    outer loop
      vertex -25.1251 -21.2459 9.58219
      vertex -25.2502 -21.1111 10.604
      vertex -25.2452 -21.1118 10.605
    endloop
  endfacet
  facet normal 0.157428 0.981364 -0.11019
    outer loop
      vertex -25.2502 -21.1111 10.604
      vertex -25.1251 -21.2459 9.58219
      vertex -25.2472 -21.229 9.55826
    endloop
  endfacet
  facet normal 0.438532 0.89869 0.00673732
    outer loop
      vertex -25.5657 -21.1163 9.39891
      vertex -26.1042 -20.8599 10.2487
      vertex -25.4702 -21.1634 9.46548
    endloop
  endfacet
  facet normal 0.448335 0.893749 0.0144405
    outer loop
      vertex -26.1042 -20.8599 10.2487
      vertex -25.5657 -21.1163 9.39891
      vertex -26.1081 -20.8579 10.246
    endloop
  endfacet
  facet normal 0.438269 0.898821 0.00647347
    outer loop
      vertex -25.9211 -20.9501 10.3764
      vertex -25.4702 -21.1634 9.46548
      vertex -26.1042 -20.8599 10.2487
    endloop
  endfacet
  facet normal 0.510244 0.857685 0.0634692
    outer loop
      vertex -25.5657 -21.1163 9.39891
      vertex -26.2678 -20.75 10.0933
      vertex -26.2645 -20.7522 10.0965
    endloop
  endfacet
  facet normal 0.513431 0.855442 0.0678752
    outer loop
      vertex -26.2678 -20.75 10.0933
      vertex -25.5657 -21.1163 9.39891
      vertex -25.6472 -21.0612 9.32097
    endloop
  endfacet
  facet normal 0.575748 0.805913 0.137907
    outer loop
      vertex -25.6472 -21.0612 9.32097
      vertex -26.3963 -20.6289 9.92208
      vertex -26.2678 -20.75 10.0933
    endloop
  endfacet
  facet normal 0.575698 0.805966 0.137806
    outer loop
      vertex -26.3963 -20.6289 9.92208
      vertex -25.6472 -21.0612 9.32097
      vertex -25.7128 -20.9994 9.23358
    endloop
  endfacet
  facet normal 0.157298 0.223229 0.961991
    outer loop
      vertex -25.2502 -19.3252 8.07836
      vertex -25.1251 -20.3335 8.29188
      vertex -25.2452 -19.3245 8.07738
    endloop
  endfacet
  facet normal 0.157549 0.223251 0.961945
    outer loop
      vertex -25.1251 -20.3335 8.29188
      vertex -25.2502 -19.3252 8.07836
      vertex -25.2472 -20.3504 8.3158
    endloop
  endfacet
  facet normal 0.0530332 0.213686 0.975462
    outer loop
      vertex -25.24 -19.3243 8.07705
      vertex -25.1251 -20.3335 8.29188
      vertex -25 -20.3278 8.28383
    endloop
  endfacet
  facet normal 0.0536801 0.213749 0.975413
    outer loop
      vertex -25.1251 -20.3335 8.29188
      vertex -25.24 -19.3243 8.07705
      vertex -25.2452 -19.3245 8.07738
    endloop
  endfacet
  facet normal -0.621808 0.448152 0.642273
    outer loop
      vertex -24.2872 -20.58 8.64049
      vertex -23.5096 -19.9386 8.94577
      vertex -23.5116 -19.9358 8.94188
    endloop
  endfacet
  facet normal -0.623785 0.453137 0.636835
    outer loop
      vertex -23.5096 -19.9386 8.94577
      vertex -24.2872 -20.58 8.64049
      vertex -24.2392 -20.647 8.73518
    endloop
  endfacet
  facet normal -0.159336 0.981086 -0.10992
    outer loop
      vertex -24.7498 -21.1111 10.604
      vertex -24.8749 -21.2459 9.58219
      vertex -24.7548 -21.1118 10.605
    endloop
  endfacet
  facet normal -0.157428 0.981364 -0.11019
    outer loop
      vertex -24.8749 -21.2459 9.58219
      vertex -24.7498 -21.1111 10.604
      vertex -24.7528 -21.229 9.55826
    endloop
  endfacet
  facet normal -0.0527818 0.990908 -0.123759
    outer loop
      vertex -24.7548 -21.1118 10.605
      vertex -25 -21.2516 9.59023
      vertex -25 -21.1229 10.6207
    endloop
  endfacet
  facet normal -0.0530978 0.9909 -0.123682
    outer loop
      vertex -25 -21.2516 9.59023
      vertex -24.7548 -21.1118 10.605
      vertex -24.8749 -21.2459 9.58219
    endloop
  endfacet
  facet normal -0.672787 0.63722 0.37591
    outer loop
      vertex -24.2 -20.7897 8.93703
      vertex -23.4333 -20.2211 9.34538
      vertex -23.4329 -20.2182 9.34118
    endloop
  endfacet
  facet normal -0.673144 0.632581 0.383038
    outer loop
      vertex -23.4333 -20.2211 9.34538
      vertex -24.2 -20.7897 8.93703
      vertex -24.2098 -20.862 9.03921
    endloop
  endfacet
  facet normal -0.707015 0.409168 -0.576811
    outer loop
      vertex 0.573258 35.8237 0.18129
      vertex 0.5 35.809 0.260657
      vertex 0.558585 35.8428 0.212824
    endloop
  endfacet
  facet normal -0.707214 0.408076 -0.57734
    outer loop
      vertex 0.517639 35.6905 0.155272
      vertex 0.573258 35.8237 0.18129
      vertex 0.607232 35.7486 0.0865912
    endloop
  endfacet
  facet normal -0.707194 0.408073 -0.577367
    outer loop
      vertex 0.43991 35.7049 0.260657
      vertex 0.573258 35.8237 0.18129
      vertex 0.517639 35.6905 0.155272
    endloop
  endfacet
  facet normal -0.707241 0.408243 -0.57719
    outer loop
      vertex 0.573258 35.8237 0.18129
      vertex 0.43991 35.7049 0.260657
      vertex 0.5 35.809 0.260657
    endloop
  endfacet
  facet normal -0.70722 0.408178 -0.577261
    outer loop
      vertex 0.627953 35.6609 -0.000806889
      vertex 0.517639 35.6905 0.155272
      vertex 0.607232 35.7486 0.0865912
    endloop
  endfacet
  facet normal -0.706853 0.408967 -0.577152
    outer loop
      vertex 0.627953 35.6609 -0.000806889
      vertex 0.622897 35.6533 0
      vertex 0.517639 35.6905 0.155272
    endloop
  endfacet
  facet normal -0.706123 0.40834 -0.578488
    outer loop
      vertex 0.630068 35.631 -0.0244942
      vertex 0.622897 35.6533 0
      vertex 0.627953 35.6609 -0.000806889
    endloop
  endfacet
  facet normal -0.707054 0.408219 -0.577436
    outer loop
      vertex -24.2451 -7.41929 0
      vertex 0.630068 35.631 -0.0244942
      vertex -24.2174 -7.40596 -0.0244942
    endloop
  endfacet
  facet normal -0.707601 0.399771 -0.582653
    outer loop
      vertex -24.2451 -7.41929 0
      vertex -24.2174 -7.40596 -0.0244942
      vertex -24.2443 -7.41905 -0.000806889
    endloop
  endfacet
  facet normal -0.706559 0.407932 -0.578244
    outer loop
      vertex 0.630068 35.631 -0.0244942
      vertex -24.2451 -7.41929 0
      vertex 0.622897 35.6533 0
    endloop
  endfacet
  facet normal 0.707117 -0.408265 0.577326
    outer loop
      vertex -16.7564 11.3953 9.32833
      vertex -14.1728 15.3209 8.93995
      vertex -14.8391 15.2549 9.70937
    endloop
  endfacet
  facet normal 0.707092 -0.408256 0.577363
    outer loop
      vertex -16.7564 11.3953 9.32833
      vertex -14.8391 15.2549 9.70937
      vertex -15.5404 15.0444 10.4194
    endloop
  endfacet
  facet normal 0.70705 -0.408211 0.577446
    outer loop
      vertex -14.1728 15.3209 8.93995
      vertex -16.7533 11.3949 9.32424
      vertex -16.6081 11.376 9.13309
    endloop
  endfacet
  facet normal 0.707128 -0.408251 0.577323
    outer loop
      vertex -16.917 11.3794 9.51383
      vertex -15.5404 15.0444 10.4194
      vertex -16.2594 14.6946 11.0527
    endloop
  endfacet
  facet normal 0.707108 -0.408256 0.577343
    outer loop
      vertex -16.917 11.3794 9.51383
      vertex -16.2594 14.6946 11.0527
      vertex -16.9784 14.2142 11.5936
    endloop
  endfacet
  facet normal 0.707659 -0.408719 0.57634
    outer loop
      vertex -14.1728 15.3209 8.93995
      vertex -16.7564 11.3953 9.32833
      vertex -16.7533 11.3949 9.32424
    endloop
  endfacet
  facet normal 0.707119 -0.408248 0.577335
    outer loop
      vertex -17.0861 11.3286 9.68503
      vertex -16.9784 14.2142 11.5936
      vertex -17.6797 13.6148 12.0287
    endloop
  endfacet
  facet normal 0.707091 -0.408288 0.577342
    outer loop
      vertex 0.608748 35.2101 4.90011
      vertex 1.12237 35.5066 4.48074
      vertex 1.04037 35.4985 4.57544
    endloop
  endfacet
  facet normal 0.707071 -0.408269 0.57738
    outer loop
      vertex 0.690756 35.2967 4.86089
      vertex 1.04037 35.4985 4.57544
      vertex 0.954046 35.4726 4.66284
    endloop
  endfacet
  facet normal 0.707091 -0.408572 0.577141
    outer loop
      vertex 1.12237 35.5066 4.48074
      vertex 0.608748 35.2101 4.90011
      vertex 1.19806 35.4968 4.38107
    endloop
  endfacet
  facet normal 0.70703 -0.407698 0.577833
    outer loop
      vertex 0.690756 35.2967 4.86089
      vertex 0.954046 35.4726 4.66284
      vertex 0.865561 35.4296 4.74077
    endloop
  endfacet
  facet normal 0.707349 -0.409848 0.575918
    outer loop
      vertex 0.690756 35.2967 4.86089
      vertex 0.865561 35.4296 4.74077
      vertex 0.777067 35.3704 4.80733
    endloop
  endfacet
  facet normal 0.707071 -0.408006 0.577566
    outer loop
      vertex 1.04037 35.4985 4.57544
      vertex 0.690756 35.2967 4.86089
      vertex 0.608748 35.2101 4.90011
    endloop
  endfacet
  facet normal 0.707128 -0.408002 0.577498
    outer loop
      vertex 0.533056 35.1128 4.92405
      vertex 1.19806 35.4968 4.38107
      vertex 0.608748 35.2101 4.90011
    endloop
  endfacet
  facet normal 0.707128 -0.408183 0.57737
    outer loop
      vertex 1.19806 35.4968 4.38107
      vertex 0.533056 35.1128 4.92405
      vertex 1.26555 35.4692 4.2789
    endloop
  endfacet
  facet normal 0.707117 -0.408353 0.577264
    outer loop
      vertex 0.465559 35.0073 4.9321
      vertex 1.26555 35.4692 4.2789
      vertex 0.533056 35.1128 4.92405
    endloop
  endfacet
  facet normal 0.707117 -0.408236 0.577347
    outer loop
      vertex 0.465559 35.0073 4.9321
      vertex 2.10011 34.9874 2.91608
      vertex 1.26555 35.4692 4.2789
    endloop
  endfacet
  facet normal 0.70712 -0.408226 0.577349
    outer loop
      vertex 0.465559 35.0073 4.9321
      vertex 2.10011 33.6918 2
      vertex 2.10011 34.9874 2.91608
    endloop
  endfacet
  facet normal 0.707107 -0.408247 0.577351
    outer loop
      vertex -11.5594 14.1794 4.9321
      vertex 2.10011 33.6918 2
      vertex 0.465559 35.0073 4.9321
    endloop
  endfacet
  facet normal 0.707072 -0.408281 0.57737
    outer loop
      vertex -17.2594 11.2443 9.83771
      vertex -17.6797 13.6148 12.0287
      vertex -18.3461 12.9114 12.3474
    endloop
  endfacet
  facet normal 0.707121 -0.408261 0.577323
    outer loop
      vertex -14.1728 15.3209 8.93995
      vertex -16.6081 11.376 9.13309
      vertex -13.5579 15.2408 8.13016
    endloop
  endfacet
  facet normal 0.707112 -0.408252 0.577341
    outer loop
      vertex -10.0386 12.8972 2.16279
      vertex 2.10011 33.6918 2
      vertex -11.5594 14.1794 4.9321
    endloop
  endfacet
  facet normal 0.707057 -0.40822 0.577431
    outer loop
      vertex 2.10011 33.6918 2
      vertex -10.0386 12.8972 2.16279
      vertex -9.93891 12.8396 2
    endloop
  endfacet
  facet normal 0.707275 -0.408251 0.577143
    outer loop
      vertex -15.5404 15.0444 10.4194
      vertex -16.9136 11.3797 9.50994
      vertex -16.7564 11.3953 9.32833
    endloop
  endfacet
  facet normal 0.702785 -0.407972 0.582796
    outer loop
      vertex -15.5404 15.0444 10.4194
      vertex -16.917 11.3794 9.51383
      vertex -16.9136 11.3797 9.50994
    endloop
  endfacet
  facet normal 0.707134 -0.408241 0.577323
    outer loop
      vertex -16.9784 14.2142 11.5936
      vertex -17.0861 11.3286 9.68503
      vertex -16.917 11.3794 9.51383
    endloop
  endfacet
  facet normal 0.70653 -0.408765 0.57769
    outer loop
      vertex -17.6797 13.6148 12.0287
      vertex -17.0897 11.3269 9.68823
      vertex -17.0861 11.3286 9.68503
    endloop
  endfacet
  facet normal 0.707141 -0.408208 0.577337
    outer loop
      vertex -17.6019 10.984 10.073
      vertex -18.961 12.1213 12.5418
      vertex -19.5094 11.2638 12.6072
    endloop
  endfacet
  facet normal 0.707189 -0.408188 0.577292
    outer loop
      vertex -17.6797 13.6148 12.0287
      vertex -17.2594 11.2443 9.83771
      vertex -17.0897 11.3269 9.68823
    endloop
  endfacet
  facet normal 0.699122 -0.417787 0.580243
    outer loop
      vertex -18.3461 12.9114 12.3474
      vertex -17.2631 11.2419 9.84044
      vertex -17.2594 11.2443 9.83771
    endloop
  endfacet
  facet normal 0.707135 -0.408223 0.577334
    outer loop
      vertex -18.3461 12.9114 12.3474
      vertex -17.4328 11.1285 9.96811
      vertex -17.2631 11.2419 9.84044
    endloop
  endfacet
  facet normal 0.707179 -0.408132 0.577344
    outer loop
      vertex -18.961 12.1213 12.5418
      vertex -17.5983 10.987 10.0708
      vertex -17.4328 11.1285 9.96811
    endloop
  endfacet
  facet normal 0.701099 -0.417304 0.578202
    outer loop
      vertex -18.961 12.1213 12.5418
      vertex -17.6019 10.984 10.073
      vertex -17.5983 10.987 10.0708
    endloop
  endfacet
  facet normal 0.712387 -0.395305 0.579861
    outer loop
      vertex -19.5094 11.2638 12.6072
      vertex -17.6052 10.9804 10.0746
      vertex -17.6019 10.984 10.073
    endloop
  endfacet
  facet normal 0.70714 -0.408181 0.577357
    outer loop
      vertex -19.5094 11.2638 12.6072
      vertex -17.7625 10.8144 10.1499
      vertex -17.6052 10.9804 10.0746
    endloop
  endfacet
  facet normal 0.706939 -0.408619 0.577294
    outer loop
      vertex -19.5094 11.2638 12.6072
      vertex -17.9077 10.6279 10.1957
      vertex -17.7625 10.8144 10.1499
    endloop
  endfacet
  facet normal 0.708822 -0.404943 0.577575
    outer loop
      vertex -19.5094 11.2638 12.6072
      vertex -17.9108 10.6239 10.1967
      vertex -17.9077 10.6279 10.1957
    endloop
  endfacet
  facet normal 0.707107 -0.408284 0.577325
    outer loop
      vertex -19.9778 10.3601 12.5418
      vertex -17.9108 10.6239 10.1967
      vertex -19.5094 11.2638 12.6072
    endloop
  endfacet
  facet normal 0.709726 -0.398853 0.580694
    outer loop
      vertex -17.9108 10.6239 10.1967
      vertex -19.9778 10.3601 12.5418
      vertex -17.9136 10.6195 10.1971
    endloop
  endfacet
  facet normal 0.707133 -0.408159 0.577382
    outer loop
      vertex -17.9136 10.6195 10.1971
      vertex -19.9778 10.3601 12.5418
      vertex -18.043 10.4171 10.2125
    endloop
  endfacet
  facet normal 0.707055 -0.408393 0.577311
    outer loop
      vertex -19.9778 10.3601 12.5418
      vertex -18.1559 10.1993 10.1967
      vertex -18.043 10.4171 10.2125
    endloop
  endfacet
  facet normal 0.707103 -0.408268 0.57734
    outer loop
      vertex -20.3547 9.43242 12.3474
      vertex -18.1559 10.1993 10.1967
      vertex -19.9778 10.3601 12.5418
    endloop
  endfacet
  facet normal 0.707047 -0.408627 0.577155
    outer loop
      vertex -18.1559 10.1993 10.1967
      vertex -20.3547 9.43242 12.3474
      vertex -18.1578 10.1946 10.1957
    endloop
  endfacet
  facet normal 0.707126 -0.408127 0.577413
    outer loop
      vertex -18.1578 10.1946 10.1957
      vertex -20.3547 9.43242 12.3474
      vertex -18.2468 9.9756 10.1499
    endloop
  endfacet
  facet normal 0.707092 -0.40829 0.577339
    outer loop
      vertex -18.2468 9.9756 10.1499
      vertex -20.3547 9.43242 12.3474
      vertex -18.3119 9.75638 10.0746
    endloop
  endfacet
  facet normal 0.707339 -0.407359 0.577694
    outer loop
      vertex -18.3119 9.75638 10.0746
      vertex -20.3547 9.43242 12.3474
      vertex -18.3133 9.75168 10.073
    endloop
  endfacet
  facet normal 0.707101 -0.408251 0.577356
    outer loop
      vertex -20.6307 8.50367 12.0287
      vertex -18.3133 9.75168 10.073
      vertex -20.3547 9.43242 12.3474
    endloop
  endfacet
  facet normal 0.706909 -0.414286 0.573277
    outer loop
      vertex -18.3133 9.75168 10.073
      vertex -20.6307 8.50367 12.0287
      vertex -18.3142 9.7471 10.0708
    endloop
  endfacet
  facet normal 0.707113 -0.408101 0.577446
    outer loop
      vertex -18.3142 9.7471 10.0708
      vertex -20.6307 8.50367 12.0287
      vertex -18.3539 9.53301 9.96811
    endloop
  endfacet
  facet normal 0.707089 -0.408371 0.577285
    outer loop
      vertex -18.3539 9.53301 9.96811
      vertex -20.6307 8.50367 12.0287
      vertex -18.3673 9.32933 9.84044
    endloop
  endfacet
  facet normal 0.706898 -0.409673 0.576596
    outer loop
      vertex -18.3673 9.32933 9.84044
      vertex -20.6307 8.50367 12.0287
      vertex -18.3676 9.32497 9.83771
    endloop
  endfacet
  facet normal 0.707467 -0.405793 0.578638
    outer loop
      vertex -18.3676 9.32497 9.83771
      vertex -20.6307 8.50367 12.0287
      vertex -18.3673 9.32093 9.83451
    endloop
  endfacet
  facet normal 0.707114 -0.408192 0.577381
    outer loop
      vertex -20.799 7.59668 11.5936
      vertex -18.3673 9.32093 9.83451
      vertex -20.6307 8.50367 12.0287
    endloop
  endfacet
  facet normal 0.707111 -0.408158 0.577409
    outer loop
      vertex -18.3673 9.32093 9.83451
      vertex -20.799 7.59668 11.5936
      vertex -18.3539 9.13268 9.68503
    endloop
  endfacet
  facet normal 0.707303 -0.413465 0.573384
    outer loop
      vertex -18.3539 9.13268 9.68503
      vertex -20.799 7.59668 11.5936
      vertex -18.3531 9.12907 9.68144
    endloop
  endfacet
  facet normal 0.707116 -0.408113 0.577434
    outer loop
      vertex -18.3531 9.12907 9.68144
      vertex -20.799 7.59668 11.5936
      vertex -18.3133 8.96088 9.51383
    endloop
  endfacet
  facet normal 0.707111 -0.408362 0.577265
    outer loop
      vertex -18.3133 8.96088 9.51383
      vertex -20.799 7.59668 11.5936
      vertex -18.2482 8.81688 9.33222
    endloop
  endfacet
  facet normal 0.707117 -0.40827 0.577322
    outer loop
      vertex -20.8556 6.73378 11.0527
      vertex -18.2482 8.81688 9.33222
      vertex -20.799 7.59668 11.5936
    endloop
  endfacet
  facet normal 0.706966 -0.407447 0.578088
    outer loop
      vertex -18.2482 8.81688 9.33222
      vertex -20.8556 6.73378 11.0527
      vertex -18.2468 8.81379 9.32833
    endloop
  endfacet
  facet normal 0.707147 -0.408442 0.577164
    outer loop
      vertex -18.2468 8.81379 9.32833
      vertex -20.8556 6.73378 11.0527
      vertex -18.2449 8.8113 9.32424
    endloop
  endfacet
  facet normal 0.707093 -0.408143 0.577441
    outer loop
      vertex -18.2449 8.8113 9.32424
      vertex -20.8556 6.73378 11.0527
      vertex -18.1559 8.69505 9.13309
    endloop
  endfacet
  facet normal 0.707053 -0.408166 0.577474
    outer loop
      vertex -20.6307 5.22362 9.70937
      vertex -17.7656 8.53461 8.54162
      vertex -17.9108 8.55351 8.73276
    endloop
  endfacet
  facet normal 0.707117 -0.408301 0.577301
    outer loop
      vertex -20.7991 5.9362 10.4194
      vertex -18.0454 8.60941 8.93713
      vertex -20.8556 6.73378 11.0527
    endloop
  endfacet
  facet normal 0.707124 -0.408399 0.577222
    outer loop
      vertex -18.1559 8.69505 9.13309
      vertex -20.8556 6.73378 11.0527
      vertex -18.0454 8.60941 8.93713
    endloop
  endfacet
  facet normal 0.707105 -0.408255 0.577348
    outer loop
      vertex -17.4328 11.1285 9.96811
      vertex -18.3461 12.9114 12.3474
      vertex -18.961 12.1213 12.5418
    endloop
  endfacet
  facet normal 0.703776 -0.403748 0.58454
    outer loop
      vertex -16.6053 11.3748 9.12889
      vertex -13.5579 15.2408 8.13016
      vertex -16.6081 11.376 9.13309
    endloop
  endfacet
  facet normal 0.70718 -0.408325 0.577207
    outer loop
      vertex -16.4759 11.3219 8.93293
      vertex -13.5579 15.2408 8.13016
      vertex -16.6053 11.3748 9.12889
    endloop
  endfacet
  facet normal 0.707092 -0.408223 0.577386
    outer loop
      vertex -13.5579 15.2408 8.13016
      vertex -16.4759 11.3219 8.93293
      vertex -13.0094 15.0166 7.29993
    endloop
  endfacet
  facet normal 0.707094 -0.408229 0.577379
    outer loop
      vertex -16.3653 11.2363 8.73696
      vertex -13.0094 15.0166 7.29993
      vertex -16.4759 11.3219 8.93293
    endloop
  endfacet
  facet normal 0.704183 -0.402882 0.584647
    outer loop
      vertex -16.3629 11.2344 8.73276
      vertex -13.0094 15.0166 7.29993
      vertex -16.3653 11.2363 8.73696
    endloop
  endfacet
  facet normal 0.707181 -0.40837 0.577174
    outer loop
      vertex -16.274 11.1182 8.54162
      vertex -13.0094 15.0166 7.29993
      vertex -16.3629 11.2344 8.73276
    endloop
  endfacet
  facet normal 0.706926 -0.407967 0.57777
    outer loop
      vertex -16.2721 11.1157 8.53753
      vertex -13.0094 15.0166 7.29993
      vertex -16.274 11.1182 8.54162
    endloop
  endfacet
  facet normal 0.707051 -0.408165 0.577477
    outer loop
      vertex -16.2069 10.9717 8.35592
      vertex -13.0094 15.0166 7.29993
      vertex -16.2721 11.1157 8.53753
    endloop
  endfacet
  facet normal 0.711806 -0.414687 0.566892
    outer loop
      vertex -16.2056 10.9686 8.35202
      vertex -13.0094 15.0166 7.29993
      vertex -16.2069 10.9717 8.35592
    endloop
  endfacet
  facet normal 0.7071 -0.408251 0.577357
    outer loop
      vertex -13.0094 15.0166 7.29993
      vertex -16.2056 10.9686 8.35202
      vertex -11.5594 14.1794 4.9321
    endloop
  endfacet
  facet normal 0.707097 -0.408226 0.577378
    outer loop
      vertex -16.165 10.7968 8.18083
      vertex -11.5594 14.1794 4.9321
      vertex -16.2056 10.9686 8.35202
    endloop
  endfacet
  facet normal 0.707252 -0.409452 0.576319
    outer loop
      vertex -16.1647 10.7928 8.17762
      vertex -11.5594 14.1794 4.9321
      vertex -16.165 10.7968 8.18083
    endloop
  endfacet
  facet normal 0.707079 -0.40809 0.577496
    outer loop
      vertex -16.1513 10.6045 8.02815
      vertex -11.5594 14.1794 4.9321
      vertex -16.1647 10.7928 8.17762
    endloop
  endfacet
  facet normal 0.70803 -0.413962 0.572127
    outer loop
      vertex -16.1516 10.6002 8.02541
      vertex -11.5594 14.1794 4.9321
      vertex -16.1513 10.6045 8.02815
    endloop
  endfacet
  facet normal 0.707111 -0.408313 0.577299
    outer loop
      vertex -16.165 10.3965 7.89775
      vertex -11.5594 14.1794 4.9321
      vertex -16.1516 10.6002 8.02541
    endloop
  endfacet
  facet normal 0.705754 -0.401803 0.583495
    outer loop
      vertex -16.1658 10.3919 7.89555
      vertex -11.5594 14.1794 4.9321
      vertex -16.165 10.3965 7.89775
    endloop
  endfacet
  facet normal 0.707128 -0.408369 0.577238
    outer loop
      vertex -16.2056 10.1778 7.79284
      vertex -11.5594 14.1794 4.9321
      vertex -16.1658 10.3919 7.89555
    endloop
  endfacet
  facet normal 0.707068 -0.408123 0.577486
    outer loop
      vertex -16.2707 9.95858 7.71762
      vertex -11.5594 14.1794 4.9321
      vertex -16.2056 10.1778 7.79284
    endloop
  endfacet
  facet normal 0.707107 -0.40826 0.577342
    outer loop
      vertex -11.5594 14.1794 4.9321
      vertex -16.2707 9.95858 7.71762
      vertex -10.0386 12.8972 2.16279
    endloop
  endfacet
  facet normal 0.707022 -0.409367 0.576662
    outer loop
      vertex -16.2721 9.95388 7.716
      vertex -10.0386 12.8972 2.16279
      vertex -16.2707 9.95858 7.71762
    endloop
  endfacet
  facet normal 0.707117 -0.408116 0.577431
    outer loop
      vertex -16.361 9.73492 7.67011
      vertex -10.0386 12.8972 2.16279
      vertex -16.2721 9.95388 7.716
    endloop
  endfacet
  facet normal 0.707165 -0.407256 0.57798
    outer loop
      vertex -16.3629 9.73023 7.66913
      vertex -10.0386 12.8972 2.16279
      vertex -16.361 9.73492 7.67011
    endloop
  endfacet
  facet normal 0.706852 -0.412698 0.574492
    outer loop
      vertex -16.3653 9.72566 7.6688
      vertex -10.0386 12.8972 2.16279
      vertex -16.3629 9.73023 7.66913
    endloop
  endfacet
  facet normal 0.707102 -0.408359 0.577277
    outer loop
      vertex -16.4759 9.51235 7.65338
      vertex -10.0386 12.8972 2.16279
      vertex -16.3653 9.72566 7.6688
    endloop
  endfacet
  facet normal 0.707109 -0.408173 0.5774
    outer loop
      vertex -16.6081 9.30561 7.66913
      vertex -10.0386 12.8972 2.16279
      vertex -16.4759 9.51235 7.65338
    endloop
  endfacet
  facet normal 0.707125 -0.407459 0.577885
    outer loop
      vertex -16.6112 9.30162 7.67011
      vertex -10.0386 12.8972 2.16279
      vertex -16.6081 9.30561 7.66913
    endloop
  endfacet
  facet normal 0.707103 -0.40847 0.577199
    outer loop
      vertex -16.7564 9.11511 7.716
      vertex -10.0386 12.8972 2.16279
      vertex -16.6112 9.30162 7.67011
    endloop
  endfacet
  facet normal 0.716384 -0.405791 0.567563
    outer loop
      vertex -18.0594 2.92107 4.9321
      vertex -16.7564 9.11511 7.716
      vertex -16.7597 9.11155 7.71762
    endloop
  endfacet
  facet normal 0.707041 -0.408265 0.577419
    outer loop
      vertex -18.0594 2.92107 4.9321
      vertex -16.7597 9.11155 7.71762
      vertex -16.917 8.94552 7.79284
    endloop
  endfacet
  facet normal 0.707062 -0.408259 0.577398
    outer loop
      vertex -18.0594 2.92107 4.9321
      vertex -16.917 8.94552 7.79284
      vertex -17.0861 8.80103 7.89775
    endloop
  endfacet
  facet normal 0.707131 -0.408249 0.577319
    outer loop
      vertex -19.5094 3.75822 7.29993
      vertex -17.0861 8.80103 7.89775
      vertex -17.2558 8.68762 8.02541
    endloop
  endfacet
  facet normal 0.711244 -0.409275 0.571511
    outer loop
      vertex -19.5094 3.75822 7.29993
      vertex -17.2558 8.68762 8.02541
      vertex -17.2594 8.68519 8.02815
    endloop
  endfacet
  facet normal 0.707138 -0.408258 0.577305
    outer loop
      vertex -19.9778 4.12105 8.13016
      vertex -17.2631 8.68342 8.03135
      vertex -17.4328 8.60086 8.18083
    endloop
  endfacet
  facet normal 0.705984 -0.405134 0.580907
    outer loop
      vertex -18.0454 8.60941 8.93713
      vertex -20.7991 5.9362 10.4194
      vertex -18.043 8.60757 8.93293
    endloop
  endfacet
  facet normal 0.707119 -0.408321 0.577284
    outer loop
      vertex -18.043 8.60757 8.93293
      vertex -20.7991 5.9362 10.4194
      vertex -17.9108 8.55351 8.73276
    endloop
  endfacet
  facet normal 0.70709 -0.408221 0.57739
    outer loop
      vertex -20.6307 5.22362 9.70937
      vertex -17.9108 8.55351 8.73276
      vertex -20.7991 5.9362 10.4194
    endloop
  endfacet
  facet normal 0.707245 -0.408498 0.577004
    outer loop
      vertex -17.7656 8.53461 8.54162
      vertex -20.6307 5.22362 9.70937
      vertex -17.7625 8.5342 8.53753
    endloop
  endfacet
  facet normal 0.705994 -0.406332 0.580058
    outer loop
      vertex -17.7625 8.5342 8.53753
      vertex -20.6307 5.22362 9.70937
      vertex -17.7591 8.53454 8.53363
    endloop
  endfacet
  facet normal 0.707201 -0.408427 0.577109
    outer loop
      vertex -17.7591 8.53454 8.53363
      vertex -20.6307 5.22362 9.70937
      vertex -17.6019 8.55012 8.35202
    endloop
  endfacet
  facet normal 0.707113 -0.408252 0.57734
    outer loop
      vertex -20.3547 4.61357 8.93995
      vertex -17.6019 8.55012 8.35202
      vertex -20.6307 5.22362 9.70937
    endloop
  endfacet
  facet normal 0.70699 -0.408131 0.577575
    outer loop
      vertex -17.6019 8.55012 8.35202
      vertex -20.3547 4.61357 8.93995
      vertex -17.4363 8.5998 8.18442
    endloop
  endfacet
  facet normal 0.710284 -0.411811 0.570884
    outer loop
      vertex -17.4363 8.5998 8.18442
      vertex -20.3547 4.61357 8.93995
      vertex -17.4328 8.60086 8.18083
    endloop
  endfacet
  facet normal 0.707087 -0.40823 0.577387
    outer loop
      vertex -19.9778 4.12105 8.13016
      vertex -17.4328 8.60086 8.18083
      vertex -20.3547 4.61357 8.93995
    endloop
  endfacet
  facet normal 0.701235 -0.404535 0.587045
    outer loop
      vertex -17.2631 8.68342 8.03135
      vertex -19.9778 4.12105 8.13016
      vertex -17.2594 8.68519 8.02815
    endloop
  endfacet
  facet normal 0.707107 -0.408248 0.57735
    outer loop
      vertex -19.5094 3.75822 7.29993
      vertex -17.2594 8.68519 8.02815
      vertex -19.9778 4.12105 8.13016
    endloop
  endfacet
  facet normal 0.707109 -0.408243 0.577351
    outer loop
      vertex -17.0861 8.80103 7.89775
      vertex -19.5094 3.75822 7.29993
      vertex -18.0594 2.92107 4.9321
    endloop
  endfacet
  facet normal 0.707105 -0.408241 0.577357
    outer loop
      vertex -16.7564 9.11511 7.716
      vertex -18.0594 2.92107 4.9321
      vertex -10.0386 12.8972 2.16279
    endloop
  endfacet
  facet normal 0.707114 -0.408254 0.577337
    outer loop
      vertex -18.0594 2.92107 4.9321
      vertex -16.0814 2.4308 2.16279
      vertex -10.0386 12.8972 2.16279
    endloop
  endfacet
  facet normal 0.70715 -0.408176 0.577349
    outer loop
      vertex -18.0594 2.92107 4.9321
      vertex -16.1886 2.24508 2.16279
      vertex -16.0814 2.4308 2.16279
    endloop
  endfacet
  facet normal 0.707112 -0.408251 0.577342
    outer loop
      vertex -23.7594 -6.95163 4.9321
      vertex -16.1886 2.24508 2.16279
      vertex -18.0594 2.92107 4.9321
    endloop
  endfacet
  facet normal 0.707014 -0.408102 0.577567
    outer loop
      vertex -16.1886 2.24508 2.16279
      vertex -23.7594 -6.95163 4.9321
      vertex -16.1587 2.22783 2.114
    endloop
  endfacet
  facet normal 0.707132 -0.408283 0.577295
    outer loop
      vertex -16.1587 2.22783 2.114
      vertex -23.7594 -6.95163 4.9321
      vertex -16.0889 2.18753 2
    endloop
  endfacet
  facet normal 0.706292 -0.408277 0.578326
    outer loop
      vertex -23.8635 -7.17703 4.90011
      vertex -23.7594 -6.95163 4.9321
      vertex -23.8171 -7.06285 4.92405
    endloop
  endfacet
  facet normal 0.705415 -0.408047 0.579558
    outer loop
      vertex -23.7594 -6.95163 4.9321
      vertex -23.8635 -7.17703 4.90011
      vertex -23.8974 -7.29134 4.86089
    endloop
  endfacet
  facet normal 0.707961 -0.408379 0.57621
    outer loop
      vertex -23.9182 -7.40297 4.80733
      vertex -23.7594 -6.95163 4.9321
      vertex -23.8974 -7.29134 4.86089
    endloop
  endfacet
  facet normal 0.706907 -0.408368 0.577511
    outer loop
      vertex -23.7594 -6.95163 4.9321
      vertex -23.9182 -7.40297 4.80733
      vertex -23.7594 -7.87538 4.2789
    endloop
  endfacet
  facet normal 0.707577 -0.407729 0.577141
    outer loop
      vertex -23.7594 -7.87538 4.2789
      vertex -23.9182 -7.40297 4.80733
      vertex -23.9251 -7.50916 4.74077
    endloop
  endfacet
  facet normal 0.706372 -0.409001 0.577717
    outer loop
      vertex -23.7594 -7.87538 4.2789
      vertex -23.9251 -7.50916 4.74077
      vertex -23.9182 -7.60732 4.66284
    endloop
  endfacet
  facet normal 0.707955 -0.407155 0.577083
    outer loop
      vertex -23.7594 -7.87538 4.2789
      vertex -23.9182 -7.60732 4.66284
      vertex -23.8974 -7.69503 4.57544
    endloop
  endfacet
  facet normal 0.705475 -0.410338 0.577865
    outer loop
      vertex -23.7594 -7.87538 4.2789
      vertex -23.8974 -7.69503 4.57544
      vertex -23.8635 -7.77011 4.48074
    endloop
  endfacet
  facet normal 0.706228 -0.409275 0.577699
    outer loop
      vertex -23.7594 -7.87538 4.2789
      vertex -23.8635 -7.77011 4.48074
      vertex -23.8171 -7.83073 4.38107
    endloop
  endfacet
  facet normal 0.707102 -0.408255 0.577351
    outer loop
      vertex -23.7594 -6.95163 4.9321
      vertex -23.7594 -7.87538 4.2789
      vertex -22.4344 -8.64037 2.11519
    endloop
  endfacet
  facet normal 0.707109 -0.408247 0.577349
    outer loop
      vertex -23.7594 -6.95163 4.9321
      vertex -22.4344 -8.64037 2.11519
      vertex -16.0889 2.18753 2
    endloop
  endfacet
  facet normal 0.703025 -0.41671 0.576288
    outer loop
      vertex -22.3571 -8.66926 2
      vertex -22.4344 -8.64037 2.11519
      vertex -22.367 -8.66797 2.01301
    endloop
  endfacet
  facet normal 0.707288 -0.408355 0.577053
    outer loop
      vertex -22.4344 -8.64037 2.11519
      vertex -22.3571 -8.66926 2
      vertex -16.0889 2.18753 2
    endloop
  endfacet
  facet normal 0.706947 -0.408159 0.577609
    outer loop
      vertex -14.6575 1.83841 0
      vertex -8.91505 11.7499 -0.0244942
      vertex -8.92086 11.7745 0
    endloop
  endfacet
  facet normal 0.707 -0.40819 0.577522
    outer loop
      vertex -8.91505 11.7499 -0.0244942
      vertex -14.6575 1.83841 0
      vertex -14.6333 1.84567 -0.0244942
    endloop
  endfacet
  facet normal 0.687434 0.587394 -0.427085
    outer loop
      vertex -8.92086 11.7745 0
      vertex -9.05784 11.917 -0.0244942
      vertex -9.02784 11.8997 0
    endloop
  endfacet
  facet normal 0.687475 0.58746 -0.426929
    outer loop
      vertex -9.05784 11.917 -0.0244942
      vertex -8.92086 11.7745 0
      vertex -8.91505 11.7499 -0.0244942
    endloop
  endfacet
  facet normal 0.653154 0.689522 -0.312968
    outer loop
      vertex -9.05784 11.917 -0.0244942
      vertex -10.2462 13.0538 0
      vertex -9.02784 11.8997 0
    endloop
  endfacet
  facet normal 0.653154 0.689522 -0.312968
    outer loop
      vertex -10.2462 13.0538 0
      vertex -9.05784 11.917 -0.0244942
      vertex -10.2762 13.0711 -0.0244942
    endloop
  endfacet
  facet normal 0.602847 0.774592 -0.191268
    outer loop
      vertex -10.2762 13.0711 -0.0244942
      vertex -11.293 13.8685 0
      vertex -10.2462 13.0538 0
    endloop
  endfacet
  facet normal 0.602847 0.774592 -0.191268
    outer loop
      vertex -11.293 13.8685 0
      vertex -10.2762 13.0711 -0.0244942
      vertex -11.323 13.8858 -0.0244942
    endloop
  endfacet
  facet normal 0.500098 -0.288731 -0.816417
    outer loop
      vertex -11.293 13.8685 0
      vertex 0.770001 34.8315 -0.0244942
      vertex 0.8 34.8142 0
    endloop
  endfacet
  facet normal 0.500089 -0.288727 -0.816424
    outer loop
      vertex 0.770001 34.8315 -0.0244942
      vertex -11.293 13.8685 0
      vertex -11.323 13.8858 -0.0244942
    endloop
  endfacet
  facet normal 0.537793 -0.219823 -0.813914
    outer loop
      vertex 0.770001 34.8315 -0.0244942
      vertex 0.847783 34.9311 0
      vertex 0.8 34.8142 0
    endloop
  endfacet
  facet normal 0.537793 -0.219823 -0.813914
    outer loop
      vertex 0.847783 34.9311 0
      vertex 0.770001 34.8315 -0.0244942
      vertex 0.817784 34.9484 -0.0244942
    endloop
  endfacet
  facet normal 0.602956 -0.0784946 -0.793904
    outer loop
      vertex 0.817784 34.9484 -0.0244942
      vertex 0.86485 35.0622 0
      vertex 0.847783 34.9311 0
    endloop
  endfacet
  facet normal 0.602826 -0.0784179 -0.79401
    outer loop
      vertex 0.86485 35.0622 0
      vertex 0.817784 34.9484 -0.0244942
      vertex 0.834851 35.0796 -0.0244942
    endloop
  endfacet
  facet normal 0.653366 0.0646515 -0.754276
    outer loop
      vertex 0.834851 35.0796 -0.0244942
      vertex 0.850789 35.2043 0
      vertex 0.86485 35.0622 0
    endloop
  endfacet
  facet normal 0.65325 0.0646856 -0.754374
    outer loop
      vertex 0.850789 35.2043 0
      vertex 0.834851 35.0796 -0.0244942
      vertex 0.82079 35.2216 -0.0244942
    endloop
  endfacet
  facet normal 0.687504 0.206407 -0.696229
    outer loop
      vertex 0.82079 35.2216 -0.0244942
      vertex 0.805905 35.3538 0
      vertex 0.850789 35.2043 0
    endloop
  endfacet
  facet normal 0.687504 0.206407 -0.696229
    outer loop
      vertex 0.805905 35.3538 0
      vertex 0.82079 35.2216 -0.0244942
      vertex 0.775906 35.3711 -0.0244942
    endloop
  endfacet
  facet normal 0.705414 0.343099 -0.62022
    outer loop
      vertex 0.731343 35.507 0
      vertex 0.775906 35.3711 -0.0244942
      vertex 0.701344 35.5244 -0.0244942
    endloop
  endfacet
  facet normal 0.704817 0.343032 -0.620936
    outer loop
      vertex 0.775906 35.3711 -0.0244942
      vertex 0.731343 35.507 0
      vertex 0.805905 35.3538 0
    endloop
  endfacet
  facet normal 0.70528 0.471433 -0.529463
    outer loop
      vertex 0.627953 35.6609 -0.000806889
      vertex 0.670092 35.6365 0.0335994
      vertex 0.636981 35.6483 0
    endloop
  endfacet
  facet normal 0.704418 0.4707 -0.531259
    outer loop
      vertex 0.636981 35.6483 0
      vertex 0.630068 35.631 -0.0244942
      vertex 0.627953 35.6609 -0.000806889
    endloop
  endfacet
  facet normal 0.704242 0.470878 -0.531335
    outer loop
      vertex 0.636981 35.6483 0
      vertex 0.701344 35.5244 -0.0244942
      vertex 0.630068 35.631 -0.0244942
    endloop
  endfacet
  facet normal 0.705523 0.471158 -0.529384
    outer loop
      vertex 0.701344 35.5244 -0.0244942
      vertex 0.636981 35.6483 0
      vertex 0.731343 35.507 0
    endloop
  endfacet
  facet normal 0.687689 0.587348 -0.426739
    outer loop
      vertex 0.670092 35.6365 0.0335994
      vertex 0.607232 35.7486 0.0865912
      vertex 0.713187 35.6874 0.173104
    endloop
  endfacet
  facet normal 0.688061 0.587303 -0.426201
    outer loop
      vertex 0.607232 35.7486 0.0865912
      vertex 0.670092 35.6365 0.0335994
      vertex 0.627953 35.6609 -0.000806889
    endloop
  endfacet
  facet normal 0.687574 0.587476 -0.426749
    outer loop
      vertex 0.670092 35.6365 0.0335994
      vertex 0.713187 35.6874 0.173104
      vertex 0.784226 35.5961 0.161875
    endloop
  endfacet
  facet normal 0.653284 0.68977 -0.312148
    outer loop
      vertex 0.607232 35.7486 0.0865912
      vertex 0.597205 35.8098 0.200843
      vertex 0.713187 35.6874 0.173104
    endloop
  endfacet
  facet normal 0.654366 0.688979 -0.311629
    outer loop
      vertex 0.597205 35.8098 0.200843
      vertex 0.607232 35.7486 0.0865912
      vertex 0.573258 35.8237 0.18129
    endloop
  endfacet
  facet normal 0.603548 0.774743 -0.188423
    outer loop
      vertex 0.597205 35.8098 0.200843
      vertex 0.573258 35.8237 0.18129
      vertex 0.558585 35.8428 0.212824
    endloop
  endfacet
  facet normal 0.499992 0.86603 1.51005e-05
    outer loop
      vertex 2.10011 34.9874 2.91608
      vertex -0.834552 36.6817 2.56417
      vertex 1.26555 35.4692 4.2789
    endloop
  endfacet
  facet normal 0.499998 0.866027 -4.67545e-05
    outer loop
      vertex -0.834552 36.6817 2.56417
      vertex 2.10011 34.9874 2.91608
      vertex 2.30535e-07 36.1998 1.20135
    endloop
  endfacet
  facet normal 0.459254 0.885995 0.0640266
    outer loop
      vertex 1.26555 35.4692 4.2789
      vertex -0.902042 36.7093 2.66634
      vertex 1.19806 35.4968 4.38107
    endloop
  endfacet
  facet normal 0.459254 0.885995 0.0640266
    outer loop
      vertex -0.902042 36.7093 2.66634
      vertex 1.26555 35.4692 4.2789
      vertex -0.834552 36.6817 2.56417
    endloop
  endfacet
  facet normal 0.369205 0.90952 0.190948
    outer loop
      vertex 1.19806 35.4968 4.38107
      vertex -0.977733 36.7191 2.76601
      vertex 1.12237 35.5066 4.48074
    endloop
  endfacet
  facet normal 0.369203 0.90952 0.190951
    outer loop
      vertex -0.977733 36.7191 2.76601
      vertex 1.19806 35.4968 4.38107
      vertex -0.902042 36.7093 2.66634
    endloop
  endfacet
  facet normal 0.27073 0.910587 0.312309
    outer loop
      vertex -0.977733 36.7191 2.76601
      vertex 1.04037 35.4985 4.57544
      vertex 1.12237 35.5066 4.48074
    endloop
  endfacet
  facet normal 0.27072 0.910586 0.31232
    outer loop
      vertex 1.04037 35.4985 4.57544
      vertex -0.977733 36.7191 2.76601
      vertex -1.05974 36.711 2.86071
    endloop
  endfacet
  facet normal 0.165102 0.889249 0.426588
    outer loop
      vertex -1.05974 36.711 2.86071
      vertex 0.954046 35.4726 4.66284
      vertex 1.04037 35.4985 4.57544
    endloop
  endfacet
  facet normal 0.165105 0.88925 0.426584
    outer loop
      vertex 0.954046 35.4726 4.66284
      vertex -1.05974 36.711 2.86071
      vertex -1.14606 36.6851 2.94811
    endloop
  endfacet
  facet normal 0.0556851 0.84611 0.530091
    outer loop
      vertex -1.14606 36.6851 2.94811
      vertex 0.865561 35.4296 4.74077
      vertex 0.954046 35.4726 4.66284
    endloop
  endfacet
  facet normal 0.0556835 0.846109 0.530093
    outer loop
      vertex 0.865561 35.4296 4.74077
      vertex -1.14606 36.6851 2.94811
      vertex -1.23455 36.6421 3.02604
    endloop
  endfacet
  facet normal -0.0557972 0.781735 0.621109
    outer loop
      vertex -1.23455 36.6421 3.02604
      vertex 0.777067 35.3704 4.80733
      vertex 0.865561 35.4296 4.74077
    endloop
  endfacet
  facet normal -0.0557985 0.781735 0.62111
    outer loop
      vertex 0.777067 35.3704 4.80733
      vertex -1.23455 36.6421 3.02604
      vertex -1.32304 36.5829 3.0926
    endloop
  endfacet
  facet normal -0.164821 0.698846 0.696024
    outer loop
      vertex -1.32304 36.5829 3.0926
      vertex 0.690756 35.2967 4.86089
      vertex 0.777067 35.3704 4.80733
    endloop
  endfacet
  facet normal -0.164822 0.698845 0.696024
    outer loop
      vertex 0.690756 35.2967 4.86089
      vertex -1.32304 36.5829 3.0926
      vertex -1.40935 36.5092 3.14616
    endloop
  endfacet
  facet normal -0.270702 0.598004 0.754395
    outer loop
      vertex -1.40935 36.5092 3.14616
      vertex 0.608748 35.2101 4.90011
      vertex 0.690756 35.2967 4.86089
    endloop
  endfacet
  facet normal -0.2707 0.598007 0.754394
    outer loop
      vertex 0.608748 35.2101 4.90011
      vertex -1.40935 36.5092 3.14616
      vertex -1.49136 36.4226 3.18538
    endloop
  endfacet
  facet normal -0.369514 0.482801 0.793954
    outer loop
      vertex -1.49136 36.4226 3.18538
      vertex 0.533056 35.1128 4.92405
      vertex 0.608748 35.2101 4.90011
    endloop
  endfacet
  facet normal -0.369518 0.482796 0.793955
    outer loop
      vertex 0.533056 35.1128 4.92405
      vertex -1.49136 36.4226 3.18538
      vertex -1.56705 36.3253 3.20932
    endloop
  endfacet
  facet normal -0.459146 0.355862 0.81397
    outer loop
      vertex -1.56705 36.3253 3.20932
      vertex 0.465559 35.0073 4.9321
      vertex 0.533056 35.1128 4.92405
    endloop
  endfacet
  facet normal -0.45914 0.355871 0.813969
    outer loop
      vertex 0.465559 35.0073 4.9321
      vertex -1.56705 36.3253 3.20932
      vertex -1.63455 36.2198 3.21737
    endloop
  endfacet
  facet normal -0.5 0.288674 0.816497
    outer loop
      vertex -1.63455 36.2198 3.21737
      vertex -11.5594 14.1794 4.9321
      vertex 0.465559 35.0073 4.9321
    endloop
  endfacet
  facet normal -0.500001 0.288675 0.816496
    outer loop
      vertex -11.5594 14.1794 4.9321
      vertex -1.63455 36.2198 3.21737
      vertex -13.6595 15.3919 3.21737
    endloop
  endfacet
  facet normal 0.499987 0.866033 -2.5975e-05
    outer loop
      vertex -11.5594 14.1794 4.9321
      vertex -15.1095 16.229 5.5852
      vertex -13.0094 15.0166 7.29993
    endloop
  endfacet
  facet normal 0.499993 0.86603 1.52434e-05
    outer loop
      vertex -15.1095 16.229 5.5852
      vertex -11.5594 14.1794 4.9321
      vertex -13.6595 15.3919 3.21737
    endloop
  endfacet
  facet normal 0.459199 0.886017 0.0641098
    outer loop
      vertex -13.0094 15.0166 7.29993
      vertex -15.658 16.4533 6.41543
      vertex -13.5579 15.2408 8.13016
    endloop
  endfacet
  facet normal 0.459225 0.88601 0.0640218
    outer loop
      vertex -15.658 16.4533 6.41543
      vertex -13.0094 15.0166 7.29993
      vertex -15.1095 16.229 5.5852
    endloop
  endfacet
  facet normal 0.369475 0.909485 0.190593
    outer loop
      vertex -13.5579 15.2408 8.13016
      vertex -16.2729 16.5334 7.22522
      vertex -14.1728 15.3209 8.93995
    endloop
  endfacet
  facet normal 0.369475 0.909485 0.190593
    outer loop
      vertex -16.2729 16.5334 7.22522
      vertex -13.5579 15.2408 8.13016
      vertex -15.658 16.4533 6.41543
    endloop
  endfacet
  facet normal 0.270603 0.910578 0.312445
    outer loop
      vertex -15.246 15.9037 8.17094
      vertex -14.8391 15.2549 9.70937
      vertex -14.1728 15.3209 8.93995
    endloop
  endfacet
  facet normal 0.270535 0.91059 0.312468
    outer loop
      vertex -14.8391 15.2549 9.70937
      vertex -15.246 15.9037 8.17094
      vertex -15.9632 15.9038 8.7916
    endloop
  endfacet
  facet normal 0.267501 0.910119 0.316427
    outer loop
      vertex -14.1728 15.3209 8.93995
      vertex -15.3294 15.9519 8.10281
      vertex -15.246 15.9037 8.17094
    endloop
  endfacet
  facet normal 0.270786 0.910592 0.312244
    outer loop
      vertex -16.2729 16.5334 7.22522
      vertex -15.3294 15.9519 8.10281
      vertex -14.1728 15.3209 8.93995
    endloop
  endfacet
  facet normal 0.27017 0.910556 0.312883
    outer loop
      vertex -15.3294 15.9519 8.10281
      vertex -16.2729 16.5334 7.22522
      vertex -15.9842 16.3299 7.56816
    endloop
  endfacet
  facet normal 0.270523 0.910554 0.312585
    outer loop
      vertex -15.9842 16.3299 7.56816
      vertex -16.2729 16.5334 7.22522
      vertex -16.3273 16.528 7.28803
    endloop
  endfacet
  facet normal 0.165016 0.88925 0.42662
    outer loop
      vertex -15.9632 15.9038 8.7916
      vertex -15.5404 15.0444 10.4194
      vertex -14.8391 15.2549 9.70937
    endloop
  endfacet
  facet normal 0.165087 0.889246 0.4266
    outer loop
      vertex -15.5404 15.0444 10.4194
      vertex -15.9632 15.9038 8.7916
      vertex -16.7702 15.7544 9.41532
    endloop
  endfacet
  facet normal 0.0554788 0.846009 0.530275
    outer loop
      vertex -16.7702 15.7544 9.41532
      vertex -16.2594 14.6946 11.0527
      vertex -15.5404 15.0444 10.4194
    endloop
  endfacet
  facet normal 0.0555027 0.846011 0.530269
    outer loop
      vertex -16.2594 14.6946 11.0527
      vertex -16.7702 15.7544 9.41532
      vertex -17.5835 15.4591 9.97158
    endloop
  endfacet
  facet normal -0.0554214 0.781975 0.620841
    outer loop
      vertex -17.5835 15.4591 9.97158
      vertex -16.9784 14.2142 11.5936
      vertex -16.2594 14.6946 11.0527
    endloop
  endfacet
  facet normal -0.0555371 0.781937 0.620879
    outer loop
      vertex -16.9784 14.2142 11.5936
      vertex -17.7233 15.3833 10.0546
      vertex -18.3831 15.0251 10.4467
    endloop
  endfacet
  facet normal -0.0553268 0.781997 0.620822
    outer loop
      vertex -16.9784 14.2142 11.5936
      vertex -17.5835 15.4591 9.97158
      vertex -17.7233 15.3833 10.0546
    endloop
  endfacet
  facet normal -0.165149 0.698592 0.696201
    outer loop
      vertex -18.3831 15.0251 10.4467
      vertex -17.6797 13.6148 12.0287
      vertex -16.9784 14.2142 11.5936
    endloop
  endfacet
  facet normal -0.16508 0.698616 0.696192
    outer loop
      vertex -17.6797 13.6148 12.0287
      vertex -18.3831 15.0251 10.4467
      vertex -19.1492 14.4632 10.8289
    endloop
  endfacet
  facet normal -0.270576 0.598125 0.754344
    outer loop
      vertex -19.1492 14.4632 10.8289
      vertex -18.3461 12.9114 12.3474
      vertex -17.6797 13.6148 12.0287
    endloop
  endfacet
  facet normal -0.270571 0.598128 0.754344
    outer loop
      vertex -18.3461 12.9114 12.3474
      vertex -19.1492 14.4632 10.8289
      vertex -19.863 13.7873 11.1088
    endloop
  endfacet
  facet normal -0.369453 0.482873 0.793938
    outer loop
      vertex -19.863 13.7873 11.1088
      vertex -18.961 12.1213 12.5418
      vertex -18.3461 12.9114 12.3474
    endloop
  endfacet
  facet normal -0.369459 0.482869 0.793938
    outer loop
      vertex -18.961 12.1213 12.5418
      vertex -19.863 13.7873 11.1088
      vertex -20.5069 13.0138 11.2796
    endloop
  endfacet
  facet normal -0.459208 0.35576 0.81398
    outer loop
      vertex -20.5069 13.0138 11.2796
      vertex -19.5094 11.2638 12.6072
      vertex -18.961 12.1213 12.5418
    endloop
  endfacet
  facet normal -0.459224 0.355747 0.813976
    outer loop
      vertex -19.5094 11.2638 12.6072
      vertex -20.5069 13.0138 11.2796
      vertex -21.0651 12.1619 11.337
    endloop
  endfacet
  facet normal -0.537705 0.219805 0.813978
    outer loop
      vertex -21.5237 11.2526 11.2796
      vertex -19.5094 11.2638 12.6072
      vertex -21.0651 12.1619 11.337
    endloop
  endfacet
  facet normal -0.537706 0.219793 0.81398
    outer loop
      vertex -19.5094 11.2638 12.6072
      vertex -21.5237 11.2526 11.2796
      vertex -19.9778 10.3601 12.5418
    endloop
  endfacet
  facet normal -0.602908 0.0785125 0.793938
    outer loop
      vertex -21.8716 10.3082 11.1088
      vertex -19.9778 10.3601 12.5418
      vertex -21.5237 11.2526 11.2796
    endloop
  endfacet
  facet normal -0.602906 0.0785776 0.793933
    outer loop
      vertex -19.9778 10.3601 12.5418
      vertex -21.8716 10.3082 11.1088
      vertex -20.3547 9.43242 12.3474
    endloop
  endfacet
  facet normal -0.653276 -0.0646407 0.754355
    outer loop
      vertex -22.1002 9.35207 10.8289
      vertex -20.3547 9.43242 12.3474
      vertex -21.8716 10.3082 11.1088
    endloop
  endfacet
  facet normal -0.653271 -0.0647208 0.754353
    outer loop
      vertex -20.3547 9.43242 12.3474
      vertex -22.1002 9.35207 10.8289
      vertex -20.6307 8.50367 12.0287
    endloop
  endfacet
  facet normal -0.687562 -0.206389 0.696176
    outer loop
      vertex -22.2037 8.40766 10.4467
      vertex -20.6307 8.50367 12.0287
      vertex -22.1002 9.35207 10.8289
    endloop
  endfacet
  facet normal -0.687563 -0.206386 0.696177
    outer loop
      vertex -20.6307 8.50367 12.0287
      vertex -22.2037 8.40766 10.4467
      vertex -20.799 7.59668 11.5936
    endloop
  endfacet
  facet normal -0.704919 -0.342968 0.620856
    outer loop
      vertex -22.1797 7.49825 9.97158
      vertex -20.799 7.59668 11.5936
      vertex -22.2037 8.40766 10.4467
    endloop
  endfacet
  facet normal -0.704927 -0.342942 0.620861
    outer loop
      vertex -20.799 7.59668 11.5936
      vertex -22.1797 7.49825 9.97158
      vertex -20.8556 6.73378 11.0527
    endloop
  endfacet
  facet normal -0.704945 -0.471038 0.53026
    outer loop
      vertex -20.7991 5.9362 10.4194
      vertex -22.1797 7.49825 9.97158
      vertex -22.0288 6.64622 9.41532
    endloop
  endfacet
  facet normal -0.704929 -0.471012 0.530304
    outer loop
      vertex -22.1797 7.49825 9.97158
      vertex -20.7991 5.9362 10.4194
      vertex -20.8556 6.73378 11.0527
    endloop
  endfacet
  facet normal -0.687582 -0.587558 0.426622
    outer loop
      vertex -20.6307 5.22362 9.70937
      vertex -22.0288 6.64622 9.41532
      vertex -21.7547 5.87258 8.7916
    endloop
  endfacet
  facet normal -0.687587 -0.587568 0.426601
    outer loop
      vertex -22.0288 6.64622 9.41532
      vertex -20.6307 5.22362 9.70937
      vertex -20.7991 5.9362 10.4194
    endloop
  endfacet
  facet normal -0.653289 -0.689631 0.312446
    outer loop
      vertex -21.7547 5.87258 8.7916
      vertex -20.3547 4.61357 8.93995
      vertex -20.6307 5.22362 9.70937
    endloop
  endfacet
  facet normal -0.653287 -0.689629 0.312455
    outer loop
      vertex -21.396 5.25158 8.17095
      vertex -20.3547 4.61357 8.93995
      vertex -21.7547 5.87258 8.7916
    endloop
  endfacet
  facet normal -0.653103 -0.689982 0.31206
    outer loop
      vertex -22.4548 5.82606 7.22522
      vertex -21.396 5.25158 8.17095
      vertex -21.7699 5.46743 7.86568
    endloop
  endfacet
  facet normal -0.653393 -0.689425 0.312682
    outer loop
      vertex -22.4548 5.82606 7.22522
      vertex -21.7699 5.46743 7.86568
      vertex -22.4773 5.87588 7.28805
    endloop
  endfacet
  facet normal -0.65332 -0.689547 0.312567
    outer loop
      vertex -21.396 5.25158 8.17095
      vertex -22.4548 5.82606 7.22522
      vertex -20.3547 4.61357 8.93995
    endloop
  endfacet
  facet normal -0.602897 -0.774721 0.190585
    outer loop
      vertex -22.4548 5.82606 7.22522
      vertex -19.9778 4.12105 8.13016
      vertex -20.3547 4.61357 8.93995
    endloop
  endfacet
  facet normal -0.602896 -0.774724 0.190578
    outer loop
      vertex -19.9778 4.12105 8.13016
      vertex -22.4548 5.82606 7.22522
      vertex -22.0779 5.33355 6.41543
    endloop
  endfacet
  facet normal -0.537687 -0.840708 0.0640561
    outer loop
      vertex -22.0779 5.33355 6.41543
      vertex -19.5094 3.75822 7.29993
      vertex -19.9778 4.12105 8.13016
    endloop
  endfacet
  facet normal -0.537687 -0.840708 0.0640561
    outer loop
      vertex -19.5094 3.75822 7.29993
      vertex -22.0779 5.33355 6.41543
      vertex -21.6095 4.97072 5.5852
    endloop
  endfacet
  facet normal -0.5 -0.866025 -3.0518e-06
    outer loop
      vertex -21.6095 4.97072 5.5852
      vertex -18.0594 2.92107 4.9321
      vertex -19.5094 3.75822 7.29993
    endloop
  endfacet
  facet normal -0.5 -0.866026 1.07002e-06
    outer loop
      vertex -18.0594 2.92107 4.9321
      vertex -21.6095 4.97072 5.5852
      vertex -20.1595 4.13356 3.21737
    endloop
  endfacet
  facet normal -0.500001 0.288676 0.816496
    outer loop
      vertex -20.1595 4.13356 3.21737
      vertex -23.7594 -6.95163 4.9321
      vertex -18.0594 2.92107 4.9321
    endloop
  endfacet
  facet normal -0.499987 0.288672 0.816506
    outer loop
      vertex -23.7594 -6.95163 4.9321
      vertex -20.1595 4.13356 3.21737
      vertex -25.8596 -5.73913 3.21737
    endloop
  endfacet
  facet normal -0.537793 0.219605 0.813973
    outer loop
      vertex -25.9172 -5.85035 3.20932
      vertex -23.7594 -6.95163 4.9321
      vertex -25.8596 -5.73913 3.21737
    endloop
  endfacet
  facet normal -0.537609 0.219991 0.81399
    outer loop
      vertex -23.7594 -6.95163 4.9321
      vertex -25.9172 -5.85035 3.20932
      vertex -23.8171 -7.06285 4.92405
    endloop
  endfacet
  facet normal -0.602904 0.0785414 0.793938
    outer loop
      vertex -25.9636 -5.96453 3.18538
      vertex -23.8171 -7.06285 4.92405
      vertex -25.9172 -5.85035 3.20932
    endloop
  endfacet
  facet normal -0.602904 0.0785414 0.793938
    outer loop
      vertex -23.8171 -7.06285 4.92405
      vertex -25.9636 -5.96453 3.18538
      vertex -23.8635 -7.17703 4.90011
    endloop
  endfacet
  facet normal -0.653373 -0.0650156 0.754239
    outer loop
      vertex -25.9975 -6.07884 3.14616
      vertex -23.8635 -7.17703 4.90011
      vertex -25.9636 -5.96453 3.18538
    endloop
  endfacet
  facet normal -0.653373 -0.0650156 0.754239
    outer loop
      vertex -23.8635 -7.17703 4.90011
      vertex -25.9975 -6.07884 3.14616
      vertex -23.8974 -7.29134 4.86089
    endloop
  endfacet
  facet normal -0.687504 -0.206004 0.696347
    outer loop
      vertex -26.0183 -6.19047 3.0926
      vertex -23.8974 -7.29134 4.86089
      vertex -25.9975 -6.07884 3.14616
    endloop
  endfacet
  facet normal -0.687504 -0.206004 0.696347
    outer loop
      vertex -23.8974 -7.29134 4.86089
      vertex -26.0183 -6.19047 3.0926
      vertex -23.9182 -7.40297 4.80733
    endloop
  endfacet
  facet normal -0.704947 -0.343211 0.62069
    outer loop
      vertex -26.0252 -6.29667 3.02604
      vertex -23.9182 -7.40297 4.80733
      vertex -26.0183 -6.19047 3.0926
    endloop
  endfacet
  facet normal -0.704948 -0.343234 0.620676
    outer loop
      vertex -23.9182 -7.40297 4.80733
      vertex -26.0252 -6.29667 3.02604
      vertex -23.9251 -7.50916 4.74077
    endloop
  endfacet
  facet normal -0.704949 -0.470766 0.530496
    outer loop
      vertex -23.9182 -7.60732 4.66284
      vertex -26.0252 -6.29667 3.02604
      vertex -26.0183 -6.39482 2.94811
    endloop
  endfacet
  facet normal -0.70495 -0.470738 0.530521
    outer loop
      vertex -26.0252 -6.29667 3.02604
      vertex -23.9182 -7.60732 4.66284
      vertex -23.9251 -7.50916 4.74077
    endloop
  endfacet
  facet normal -0.687503 -0.587862 0.426331
    outer loop
      vertex -23.8974 -7.69503 4.57544
      vertex -26.0183 -6.39482 2.94811
      vertex -25.9975 -6.48253 2.86071
    endloop
  endfacet
  facet normal -0.687503 -0.587862 0.426331
    outer loop
      vertex -26.0183 -6.39482 2.94811
      vertex -23.8974 -7.69503 4.57544
      vertex -23.9182 -7.60732 4.66284
    endloop
  endfacet
  facet normal -0.653372 -0.689434 0.312707
    outer loop
      vertex -25.9975 -6.48253 2.86071
      vertex -23.8635 -7.77011 4.48074
      vertex -23.8974 -7.69503 4.57544
    endloop
  endfacet
  facet normal -0.653372 -0.689434 0.312707
    outer loop
      vertex -23.8635 -7.77011 4.48074
      vertex -25.9975 -6.48253 2.86071
      vertex -25.9636 -6.55761 2.76601
    endloop
  endfacet
  facet normal -0.60288 -0.774745 0.190543
    outer loop
      vertex -25.9636 -6.55761 2.76601
      vertex -23.8171 -7.83073 4.38107
      vertex -23.8635 -7.77011 4.48074
    endloop
  endfacet
  facet normal -0.602901 -0.774716 0.190593
    outer loop
      vertex -23.8171 -7.83073 4.38107
      vertex -25.9636 -6.55761 2.76601
      vertex -25.9172 -6.61824 2.66634
    endloop
  endfacet
  facet normal -0.53757 -0.840798 0.0638531
    outer loop
      vertex -25.9172 -6.61824 2.66634
      vertex -23.7594 -7.87538 4.2789
      vertex -23.8171 -7.83073 4.38107
    endloop
  endfacet
  facet normal -0.537541 -0.840821 0.0637969
    outer loop
      vertex -23.7594 -7.87538 4.2789
      vertex -25.9172 -6.61824 2.66634
      vertex -25.8595 -6.66288 2.56417
    endloop
  endfacet
  facet normal -0.500035 -0.866005 5.33356e-05
    outer loop
      vertex -25.5141 -6.86235 2
      vertex -23.7594 -7.87538 4.2789
      vertex -25.8595 -6.66288 2.56417
    endloop
  endfacet
  facet normal -0.499993 -0.866029 1.05294e-05
    outer loop
      vertex -23.7594 -7.87538 4.2789
      vertex -25.5141 -6.86235 2
      vertex -22.5755 -8.55892 2
    endloop
  endfacet
  facet normal -0.499957 -0.86605 3.56292e-05
    outer loop
      vertex -23.7594 -7.87538 4.2789
      vertex -22.5755 -8.55892 2
      vertex -22.4344 -8.64037 2.11519
    endloop
  endfacet
  facet normal -0.459318 -0.885975 -0.063833
    outer loop
      vertex -22.3829 -8.65877 2
      vertex -22.4344 -8.64037 2.11519
      vertex -22.5755 -8.55892 2
    endloop
  endfacet
  facet normal -0.459937 -0.88563 -0.0641652
    outer loop
      vertex -22.4344 -8.64037 2.11519
      vertex -22.3829 -8.65877 2
      vertex -22.367 -8.66797 2.01301
    endloop
  endfacet
  facet normal -0.3697 -0.909273 -0.191166
    outer loop
      vertex -22.3571 -8.66926 2
      vertex -22.367 -8.66797 2.01301
      vertex -22.3829 -8.65877 2
    endloop
  endfacet
  facet normal -0.163116 -0.889724 -0.426362
    outer loop
      vertex -24.2443 -7.41905 -0.000806889
      vertex -24.2433 -7.41962 0
      vertex -24.2451 -7.41929 0
    endloop
  endfacet
  facet normal -0.0548046 -0.846283 -0.529908
    outer loop
      vertex -24.2174 -7.40596 -0.0244942
      vertex -24.2433 -7.41962 0
      vertex -24.2443 -7.41905 -0.000806889
    endloop
  endfacet
  facet normal -0.0554066 -0.845958 -0.530363
    outer loop
      vertex -24.2433 -7.41962 0
      vertex -24.2174 -7.40596 -0.0244942
      vertex -24.0893 -7.41435 -0.0244942
    endloop
  endfacet
  facet normal -0.0554021 -0.845974 -0.530338
    outer loop
      vertex -24.2433 -7.41962 0
      vertex -24.0893 -7.41435 -0.0244942
      vertex -24.0593 -7.43167 0
    endloop
  endfacet
  facet normal 0.0554287 -0.781982 -0.620832
    outer loop
      vertex -23.9193 -7.4023 -0.0244942
      vertex -24.0593 -7.43167 0
      vertex -24.0893 -7.41435 -0.0244942
    endloop
  endfacet
  facet normal 0.0554287 -0.781982 -0.620832
    outer loop
      vertex -24.0593 -7.43167 0
      vertex -23.9193 -7.4023 -0.0244942
      vertex -23.8893 -7.41962 0
    endloop
  endfacet
  facet normal 0.165068 -0.698632 -0.696179
    outer loop
      vertex -23.7674 -7.36641 -0.0244942
      vertex -23.8893 -7.41962 0
      vertex -23.9193 -7.4023 -0.0244942
    endloop
  endfacet
  facet normal 0.165068 -0.698632 -0.696179
    outer loop
      vertex -23.8893 -7.41962 0
      vertex -23.7674 -7.36641 -0.0244942
      vertex -23.7374 -7.38373 0
    endloop
  endfacet
  facet normal 0.270676 -0.598026 -0.754387
    outer loop
      vertex -23.7374 -7.38373 0
      vertex -23.6374 -7.30757 -0.0244942
      vertex -23.6074 -7.32489 0
    endloop
  endfacet
  facet normal 0.270676 -0.598026 -0.754387
    outer loop
      vertex -23.6374 -7.30757 -0.0244942
      vertex -23.7374 -7.38373 0
      vertex -23.7674 -7.36641 -0.0244942
    endloop
  endfacet
  facet normal 0.369436 -0.482893 -0.793934
    outer loop
      vertex -23.6074 -7.32489 0
      vertex -23.5324 -7.22724 -0.0244942
      vertex -23.5024 -7.24456 0
    endloop
  endfacet
  facet normal 0.369436 -0.482893 -0.793934
    outer loop
      vertex -23.5324 -7.22724 -0.0244942
      vertex -23.6074 -7.32489 0
      vertex -23.6374 -7.30757 -0.0244942
    endloop
  endfacet
  facet normal 0.459103 -0.355916 -0.813971
    outer loop
      vertex -23.5024 -7.24456 0
      vertex -23.455 -7.1274 -0.0244942
      vertex -23.425 -7.14472 0
    endloop
  endfacet
  facet normal 0.459103 -0.355916 -0.813971
    outer loop
      vertex -23.455 -7.1274 -0.0244942
      vertex -23.5024 -7.24456 0
      vertex -23.5324 -7.22724 -0.0244942
    endloop
  endfacet
  facet normal 0.499993 -0.288671 -0.816502
    outer loop
      vertex -23.425 -7.14472 0
      vertex -17.687 2.86308 -0.0244942
      vertex -17.657 2.84576 0
    endloop
  endfacet
  facet normal 0.499993 -0.288671 -0.816502
    outer loop
      vertex -17.687 2.86308 -0.0244942
      vertex -23.425 -7.14472 0
      vertex -23.455 -7.1274 -0.0244942
    endloop
  endfacet
  facet normal -0.369457 -0.90949 -0.190602
    outer loop
      vertex -16.458 2.36383 -0.0244942
      vertex -17.657 2.84576 0
      vertex -17.687 2.86308 -0.0244942
    endloop
  endfacet
  facet normal -0.369457 -0.90949 -0.190602
    outer loop
      vertex -17.657 2.84576 0
      vertex -16.458 2.36383 -0.0244942
      vertex -16.428 2.34651 0
    endloop
  endfacet
  facet normal -0.270603 -0.910578 -0.312446
    outer loop
      vertex -14.8494 1.88579 -0.0244942
      vertex -16.428 2.34651 0
      vertex -16.458 2.36383 -0.0244942
    endloop
  endfacet
  facet normal -0.270603 -0.910578 -0.312446
    outer loop
      vertex -16.428 2.34651 0
      vertex -14.8494 1.88579 -0.0244942
      vertex -14.8194 1.86847 0
    endloop
  endfacet
  facet normal -0.165093 -0.889249 -0.426591
    outer loop
      vertex -14.6333 1.84567 -0.0244942
      vertex -14.8194 1.86847 0
      vertex -14.8494 1.88579 -0.0244942
    endloop
  endfacet
  facet normal -0.165099 -0.889208 -0.426675
    outer loop
      vertex -14.8194 1.86847 0
      vertex -14.6333 1.84567 -0.0244942
      vertex -14.6575 1.83841 0
    endloop
  endfacet
  facet normal -0.459248 -0.885996 -0.0640548
    outer loop
      vertex -17.9505 11.2761 8.19935
      vertex -17.3544 10.9433 8.52878
      vertex -17.4219 10.9709 8.63097
    endloop
  endfacet
  facet normal -0.459317 -0.885971 -0.0639055
    outer loop
      vertex -17.3544 10.9433 8.52878
      vertex -17.9505 11.2761 8.19935
      vertex -17.8678 11.2397 8.10959
    endloop
  endfacet
  facet normal 0.537577 0.840795 -0.0638351
    outer loop
      vertex -18.1544 9.5577 8.52878
      vertex -18.7407 9.90755 8.19935
      vertex -18.2121 9.60235 8.63097
    endloop
  endfacet
  facet normal 0.537613 0.840765 -0.0639314
    outer loop
      vertex -18.7407 9.90755 8.19935
      vertex -18.1544 9.5577 8.52878
      vertex -18.6678 9.85411 8.10959
    endloop
  endfacet
  facet normal 0.459171 -0.355814 -0.813977
    outer loop
      vertex -18.1544 10.4815 9.18198
      vertex -18.6964 10.9389 8.67629
      vertex -18.0869 10.587 9.17394
    endloop
  endfacet
  facet normal 0.45934 -0.355608 -0.813972
    outer loop
      vertex -18.6964 10.9389 8.67629
      vertex -18.1544 10.4815 9.18198
      vertex -18.7651 10.834 8.68335
    endloop
  endfacet
  facet normal 0.055484 -0.781994 -0.620812
    outer loop
      vertex -18.3366 11.2398 8.5153
      vertex -17.8429 10.8446 9.05723
      vertex -18.435 11.1864 8.57377
    endloop
  endfacet
  facet normal 0.0553421 -0.782065 -0.620734
    outer loop
      vertex -17.8429 10.8446 9.05723
      vertex -18.3366 11.2398 8.5153
      vertex -17.7544 10.9037 8.99066
    endloop
  endfacet
  facet normal 0.704921 0.342505 -0.621109
    outer loop
      vertex -18.3131 10.0301 9.05723
      vertex -18.9023 10.26 8.5153
      vertex -18.9052 10.372 8.57377
    endloop
  endfacet
  facet normal 0.704902 0.342835 -0.620948
    outer loop
      vertex -18.9023 10.26 8.5153
      vertex -18.3131 10.0301 9.05723
      vertex -18.3201 9.92392 8.99066
    endloop
  endfacet
  facet normal 0.603006 -0.0781881 -0.793896
    outer loop
      vertex -18.8644 10.6059 8.65527
      vertex -18.2121 10.3702 9.17394
      vertex -18.2584 10.2561 9.15001
    endloop
  endfacet
  facet normal 0.602931 -0.0784608 -0.793925
    outer loop
      vertex -18.2121 10.3702 9.17394
      vertex -18.8644 10.6059 8.65527
      vertex -18.8216 10.7221 8.67629
    endloop
  endfacet
  facet normal -0.270508 -0.910579 -0.312525
    outer loop
      vertex -18.0411 11.2946 8.28689
      vertex -17.5796 10.9727 8.82533
      vertex -18.1372 11.2946 8.37007
    endloop
  endfacet
  facet normal -0.270745 -0.910578 -0.312321
    outer loop
      vertex -17.5796 10.9727 8.82533
      vertex -18.0411 11.2946 8.28689
      vertex -17.4976 10.9808 8.73063
    endloop
  endfacet
  facet normal -0.369656 -0.909456 -0.19038
    outer loop
      vertex -17.9505 11.2761 8.19935
      vertex -17.4976 10.9808 8.73063
      vertex -18.0411 11.2946 8.28689
    endloop
  endfacet
  facet normal -0.369621 -0.909463 -0.190414
    outer loop
      vertex -17.4976 10.9808 8.73063
      vertex -17.9505 11.2761 8.19935
      vertex -17.4219 10.9709 8.63097
    endloop
  endfacet
  facet normal 0.270692 -0.597979 -0.754418
    outer loop
      vertex -18.0112 10.6842 9.15001
      vertex -18.5293 11.1173 8.62082
      vertex -17.9292 10.7708 9.11079
    endloop
  endfacet
  facet normal 0.270503 -0.598136 -0.754361
    outer loop
      vertex -18.5293 11.1173 8.62082
      vertex -18.0112 10.6842 9.15001
      vertex -18.6172 11.0341 8.65527
    endloop
  endfacet
  facet normal 0.369259 -0.483041 -0.793926
    outer loop
      vertex -18.0869 10.587 9.17394
      vertex -18.6172 11.0341 8.65527
      vertex -18.0112 10.6842 9.15001
    endloop
  endfacet
  facet normal 0.369549 -0.482747 -0.79397
    outer loop
      vertex -18.6172 11.0341 8.65527
      vertex -18.0869 10.587 9.17394
      vertex -18.6964 10.9389 8.67629
    endloop
  endfacet
  facet normal 0.164798 -0.698832 -0.696043
    outer loop
      vertex -18.435 11.1864 8.57377
      vertex -17.9292 10.7708 9.11079
      vertex -18.5293 11.1173 8.62082
    endloop
  endfacet
  facet normal 0.165251 -0.698531 -0.696237
    outer loop
      vertex -17.9292 10.7708 9.11079
      vertex -18.435 11.1864 8.57377
      vertex -17.8429 10.8446 9.05723
    endloop
  endfacet
  facet normal 0.687595 0.587458 -0.426739
    outer loop
      vertex -18.2924 9.73805 8.82533
      vertex -18.8837 10.1552 8.44684
      vertex -18.3131 9.82576 8.91272
    endloop
  endfacet
  facet normal 0.687592 0.587493 -0.426696
    outer loop
      vertex -18.8837 10.1552 8.44684
      vertex -18.2924 9.73805 8.82533
      vertex -18.85 10.06 8.37007
    endloop
  endfacet
  facet normal 0.704892 0.471224 -0.530165
    outer loop
      vertex -18.3131 9.82576 8.91272
      vertex -18.9023 10.26 8.5153
      vertex -18.3201 9.92392 8.99066
    endloop
  endfacet
  facet normal 0.704901 0.471352 -0.530039
    outer loop
      vertex -18.9023 10.26 8.5153
      vertex -18.3131 9.82576 8.91272
      vertex -18.8837 10.1552 8.44684
    endloop
  endfacet
  facet normal 0.537639 -0.219922 -0.813989
    outer loop
      vertex -18.8216 10.7221 8.67629
      vertex -18.1544 10.4815 9.18198
      vertex -18.2121 10.3702 9.17394
    endloop
  endfacet
  facet normal 0.537581 -0.220077 -0.813986
    outer loop
      vertex -18.1544 10.4815 9.18198
      vertex -18.8216 10.7221 8.67629
      vertex -18.7651 10.834 8.68335
    endloop
  endfacet
  facet normal -0.653205 -0.0644339 0.754434
    outer loop
      vertex -17.6713 10.488 7.56391
      vertex -17.2164 10.3593 7.94678
      vertex -17.6431 10.6056 7.59837
    endloop
  endfacet
  facet normal -0.65322 -0.0645542 0.754412
    outer loop
      vertex -17.2164 10.3593 7.94678
      vertex -17.6713 10.488 7.56391
      vertex -17.2504 10.245 7.90756
    endloop
  endfacet
  facet normal -0.537808 0.21964 0.813954
    outer loop
      vertex -17.7705 10.2598 7.53583
      vertex -17.2968 10.1308 7.88363
      vertex -17.7141 10.3717 7.5429
    endloop
  endfacet
  facet normal -0.537784 0.219714 0.813949
    outer loop
      vertex -17.2968 10.1308 7.88363
      vertex -17.7705 10.2598 7.53583
      vertex -17.3544 10.0196 7.87559
    endloop
  endfacet
  facet normal -0.687596 -0.206474 0.696118
    outer loop
      vertex -17.6431 10.6056 7.59837
      vertex -17.1957 10.4709 8.00034
      vertex -17.6304 10.7219 7.64541
    endloop
  endfacet
  facet normal -0.687597 -0.206539 0.696097
    outer loop
      vertex -17.1957 10.4709 8.00034
      vertex -17.6431 10.6056 7.59837
      vertex -17.2164 10.3593 7.94678
    endloop
  endfacet
  facet normal -0.602862 -0.774788 0.190422
    outer loop
      vertex -17.7949 11.1863 8.01984
      vertex -17.2504 10.8381 8.32693
      vertex -17.2968 10.8987 8.4266
    endloop
  endfacet
  facet normal -0.602959 -0.774624 0.190781
    outer loop
      vertex -17.2504 10.8381 8.32693
      vertex -17.7949 11.1863 8.01984
      vertex -17.7337 11.1171 7.93229
    endloop
  endfacet
  facet normal -0.0554916 0.781944 0.620874
    outer loop
      vertex -18.1006 9.90742 7.64541
      vertex -17.7544 9.59732 8.0669
      vertex -17.6659 9.65645 8.00034
    endloop
  endfacet
  facet normal -0.0554967 0.781942 0.620876
    outer loop
      vertex -17.7544 9.59732 8.0669
      vertex -18.1006 9.90742 7.64541
      vertex -18.199 9.85401 7.70388
    endloop
  endfacet
  facet normal 0.165085 0.889235 0.426623
    outer loop
      vertex -18.2991 9.81767 7.77235
      vertex -17.9292 9.52836 8.23224
      vertex -17.8429 9.55427 8.14484
    endloop
  endfacet
  facet normal 0.16499 0.889221 0.426691
    outer loop
      vertex -17.9292 9.52836 8.23224
      vertex -18.2991 9.81767 7.77235
      vertex -18.3985 9.79928 7.84911
    endloop
  endfacet
  facet normal 0.459234 0.886003 0.0640501
    outer loop
      vertex -18.0869 9.5301 8.4266
      vertex -18.6678 9.85411 8.10959
      vertex -18.1544 9.5577 8.52878
    endloop
  endfacet
  facet normal 0.459274 0.885989 0.0639642
    outer loop
      vertex -18.6678 9.85411 8.10959
      vertex -18.0869 9.5301 8.4266
      vertex -18.5851 9.81772 8.01984
    endloop
  endfacet
  facet normal -0.0552025 -0.8459 -0.530478
    outer loop
      vertex -18.2365 11.2762 8.44684
      vertex -17.7544 10.9037 8.99066
      vertex -18.3366 11.2398 8.5153
    endloop
  endfacet
  facet normal -0.0552139 -0.845903 -0.53047
    outer loop
      vertex -17.7544 10.9037 8.99066
      vertex -18.2365 11.2762 8.44684
      vertex -17.6659 10.9468 8.91272
    endloop
  endfacet
  facet normal -0.16504 -0.889251 -0.426607
    outer loop
      vertex -18.1372 11.2946 8.37007
      vertex -17.6659 10.9468 8.91272
      vertex -18.2365 11.2762 8.44684
    endloop
  endfacet
  facet normal -0.165082 -0.889259 -0.426575
    outer loop
      vertex -17.6659 10.9468 8.91272
      vertex -18.1372 11.2946 8.37007
      vertex -17.5796 10.9727 8.82533
    endloop
  endfacet
  facet normal 0.653237 0.689742 -0.31231
    outer loop
      vertex -18.2584 9.66297 8.73063
      vertex -18.85 10.06 8.37007
      vertex -18.2924 9.73805 8.82533
    endloop
  endfacet
  facet normal 0.653275 0.689615 -0.312513
    outer loop
      vertex -18.85 10.06 8.37007
      vertex -18.2584 9.66297 8.73063
      vertex -18.8019 9.97674 8.28689
    endloop
  endfacet
  facet normal 0.603043 0.774517 -0.190953
    outer loop
      vertex -18.2121 9.60235 8.63097
      vertex -18.8019 9.97674 8.28689
      vertex -18.2584 9.66297 8.73063
    endloop
  endfacet
  facet normal 0.602973 0.774631 -0.19071
    outer loop
      vertex -18.8019 9.97674 8.28689
      vertex -18.2121 9.60235 8.63097
      vertex -18.7407 9.90755 8.19935
    endloop
  endfacet
  facet normal 0.653223 0.0645526 -0.754409
    outer loop
      vertex -18.8925 10.4882 8.62082
      vertex -18.2584 10.2561 9.15001
      vertex -18.2924 10.1418 9.11079
    endloop
  endfacet
  facet normal 0.65327 0.0648283 -0.754345
    outer loop
      vertex -18.2584 10.2561 9.15001
      vertex -18.8925 10.4882 8.62082
      vertex -18.8644 10.6059 8.65527
    endloop
  endfacet
  facet normal 0.687591 0.206381 -0.696151
    outer loop
      vertex -18.9052 10.372 8.57377
      vertex -18.2924 10.1418 9.11079
      vertex -18.3131 10.0301 9.05723
    endloop
  endfacet
  facet normal 0.687609 0.20668 -0.696044
    outer loop
      vertex -18.2924 10.1418 9.11079
      vertex -18.9052 10.372 8.57377
      vertex -18.8925 10.4882 8.62082
    endloop
  endfacet
  facet normal -0.537601 -0.840772 0.0639322
    outer loop
      vertex -17.8678 11.2397 8.10959
      vertex -17.2968 10.8987 8.4266
      vertex -17.3544 10.9433 8.52878
    endloop
  endfacet
  facet normal -0.537513 -0.840846 0.0636934
    outer loop
      vertex -17.2968 10.8987 8.4266
      vertex -17.8678 11.2397 8.10959
      vertex -17.7949 11.1863 8.01984
    endloop
  endfacet
  facet normal -0.602922 0.078457 0.793933
    outer loop
      vertex -17.7141 10.3717 7.5429
      vertex -17.2504 10.245 7.90756
      vertex -17.6713 10.488 7.56391
    endloop
  endfacet
  facet normal -0.602893 0.0785918 0.793942
    outer loop
      vertex -17.2504 10.245 7.90756
      vertex -17.7141 10.3717 7.5429
      vertex -17.2968 10.1308 7.88363
    endloop
  endfacet
  facet normal -0.704923 -0.342742 0.620977
    outer loop
      vertex -17.6304 10.7219 7.64541
      vertex -17.1887 10.5771 8.0669
      vertex -17.6333 10.8338 7.70388
    endloop
  endfacet
  facet normal -0.704924 -0.342731 0.620981
    outer loop
      vertex -17.1887 10.5771 8.0669
      vertex -17.6304 10.7219 7.64541
      vertex -17.1957 10.4709 8.00034
    endloop
  endfacet
  facet normal -0.704933 -0.471086 0.530234
    outer loop
      vertex -17.1887 10.5771 8.0669
      vertex -17.6519 10.9387 7.77235
      vertex -17.6333 10.8338 7.70388
    endloop
  endfacet
  facet normal -0.704933 -0.471088 0.530232
    outer loop
      vertex -17.6519 10.9387 7.77235
      vertex -17.1887 10.5771 8.0669
      vertex -17.1957 10.6753 8.14484
    endloop
  endfacet
  facet normal -0.653251 -0.689674 0.31243
    outer loop
      vertex -17.7337 11.1171 7.93229
      vertex -17.2164 10.763 8.23224
      vertex -17.2504 10.8381 8.32693
    endloop
  endfacet
  facet normal -0.653218 -0.689796 0.312229
    outer loop
      vertex -17.2164 10.763 8.23224
      vertex -17.7337 11.1171 7.93229
      vertex -17.6856 11.0339 7.84911
    endloop
  endfacet
  facet normal -0.165058 0.698639 0.696174
    outer loop
      vertex -18.0063 9.97658 7.59837
      vertex -17.6659 9.65645 8.00034
      vertex -17.5796 9.73021 7.94678
    endloop
  endfacet
  facet normal -0.16509 0.69862 0.696186
    outer loop
      vertex -17.6659 9.65645 8.00034
      vertex -18.0063 9.97658 7.59837
      vertex -18.1006 9.90742 7.64541
    endloop
  endfacet
  facet normal -0.270637 0.59805 0.754382
    outer loop
      vertex -17.9185 10.0598 7.56391
      vertex -17.5796 9.73021 7.94678
      vertex -17.4976 9.81679 7.90756
    endloop
  endfacet
  facet normal -0.270711 0.597994 0.754399
    outer loop
      vertex -17.5796 9.73021 7.94678
      vertex -17.9185 10.0598 7.56391
      vertex -18.0063 9.97658 7.59837
    endloop
  endfacet
  facet normal -0.459297 0.355692 0.813959
    outer loop
      vertex -17.7705 10.2598 7.53583
      vertex -17.4219 9.91404 7.88363
      vertex -17.3544 10.0196 7.87559
    endloop
  endfacet
  facet normal -0.459123 0.355883 0.813974
    outer loop
      vertex -17.4219 9.91404 7.88363
      vertex -17.7705 10.2598 7.53583
      vertex -17.8392 10.155 7.5429
    endloop
  endfacet
  facet normal 0.0554688 0.846009 0.530275
    outer loop
      vertex -18.199 9.85401 7.70388
      vertex -17.8429 9.55427 8.14484
      vertex -17.7544 9.59732 8.0669
    endloop
  endfacet
  facet normal 0.0555448 0.846032 0.53023
    outer loop
      vertex -17.8429 9.55427 8.14484
      vertex -18.199 9.85401 7.70388
      vertex -18.2991 9.81767 7.77235
    endloop
  endfacet
  facet normal 0.36943 0.909499 0.190611
    outer loop
      vertex -18.4946 9.7993 7.93229
      vertex -18.0869 9.5301 8.4266
      vertex -18.0112 9.52024 8.32693
    endloop
  endfacet
  facet normal 0.369473 0.90949 0.19057
    outer loop
      vertex -18.0869 9.5301 8.4266
      vertex -18.4946 9.7993 7.93229
      vertex -18.5851 9.81772 8.01984
    endloop
  endfacet
  facet normal -0.687604 -0.587466 0.426713
    outer loop
      vertex -17.1957 10.6753 8.14484
      vertex -17.6856 11.0339 7.84911
      vertex -17.6519 10.9387 7.77235
    endloop
  endfacet
  facet normal -0.687602 -0.587503 0.426666
    outer loop
      vertex -17.6856 11.0339 7.84911
      vertex -17.1957 10.6753 8.14484
      vertex -17.2164 10.763 8.23224
    endloop
  endfacet
  facet normal -0.36941 0.482912 0.793935
    outer loop
      vertex -17.8392 10.155 7.5429
      vertex -17.4976 9.81679 7.90756
      vertex -17.4219 9.91404 7.88363
    endloop
  endfacet
  facet normal -0.369401 0.482921 0.793934
    outer loop
      vertex -17.4976 9.81679 7.90756
      vertex -17.8392 10.155 7.5429
      vertex -17.9185 10.0598 7.56391
    endloop
  endfacet
  facet normal 0.270606 0.910583 0.312426
    outer loop
      vertex -18.3985 9.79928 7.84911
      vertex -18.0112 9.52024 8.32693
      vertex -17.9292 9.52836 8.23224
    endloop
  endfacet
  facet normal 0.27061 0.910583 0.312423
    outer loop
      vertex -18.0112 9.52024 8.32693
      vertex -18.3985 9.79928 7.84911
      vertex -18.4946 9.7993 7.93229
    endloop
  endfacet
  facet normal 0.211618 -0.899382 0.382531
    outer loop
      vertex -16.4759 11.3219 8.93293
      vertex -16.6053 11.3748 9.12889
      vertex -17.3544 10.9433 8.52878
    endloop
  endfacet
  facet normal 0.204292 -0.896809 0.392426
    outer loop
      vertex -17.4219 10.9709 8.63097
      vertex -16.6053 11.3748 9.12889
      vertex -16.6081 11.376 9.13309
    endloop
  endfacet
  facet normal 0.211529 -0.899362 0.382627
    outer loop
      vertex -16.6053 11.3748 9.12889
      vertex -17.4219 10.9709 8.63097
      vertex -17.3544 10.9433 8.52878
    endloop
  endfacet
  facet normal 0.0456528 -0.539086 0.841013
    outer loop
      vertex -17.1887 10.5771 8.0669
      vertex -16.1516 10.6002 8.02541
      vertex -16.1513 10.6045 8.02815
    endloop
  endfacet
  facet normal 0.045673 -0.532665 0.845093
    outer loop
      vertex -16.1516 10.6002 8.02541
      vertex -17.1887 10.5771 8.0669
      vertex -17.1957 10.4709 8.00034
    endloop
  endfacet
  facet normal 0.704457 0.313655 0.63668
    outer loop
      vertex -17.7591 8.53454 8.53363
      vertex -17.6019 8.55012 8.35202
      vertex -17.9292 9.52836 8.23224
    endloop
  endfacet
  facet normal 0.559072 -0.829092 0.00670093
    outer loop
      vertex -17.2631 11.2419 9.84044
      vertex -17.4328 11.1285 9.96811
      vertex -17.8429 10.8446 9.05723
    endloop
  endfacet
  facet normal 0.0461893 -0.623106 0.780773
    outer loop
      vertex -17.1957 10.6753 8.14484
      vertex -16.1647 10.7928 8.17762
      vertex -16.165 10.7968 8.18083
    endloop
  endfacet
  facet normal 0.045621 -0.61903 0.784041
    outer loop
      vertex -16.1647 10.7928 8.17762
      vertex -17.1957 10.6753 8.14484
      vertex -17.1887 10.5771 8.0669
    endloop
  endfacet
  facet normal 0.0805151 -0.344806 0.935215
    outer loop
      vertex -16.2707 9.95858 7.71762
      vertex -16.2056 10.1778 7.79284
      vertex -17.2164 10.3593 7.94678
    endloop
  endfacet
  facet normal 0.338857 0.102663 0.93522
    outer loop
      vertex -16.917 8.94552 7.79284
      vertex -16.7597 9.11155 7.71762
      vertex -17.5796 9.73021 7.94678
    endloop
  endfacet
  facet normal 0.770954 0.312922 0.554715
    outer loop
      vertex -17.9108 8.55351 8.73276
      vertex -17.7656 8.53461 8.54162
      vertex -18.0869 9.5301 8.4266
    endloop
  endfacet
  facet normal 0.962733 0.164374 0.214768
    outer loop
      vertex -18.2482 8.81688 9.33222
      vertex -18.2924 9.73805 8.82533
      vertex -18.3133 8.96088 9.51383
    endloop
  endfacet
  facet normal 0.984205 -0.170472 -0.0477385
    outer loop
      vertex -18.3142 9.7471 10.0708
      vertex -18.2924 10.1418 9.11079
      vertex -18.3133 9.75168 10.073
    endloop
  endfacet
  facet normal 0.985876 -0.161581 -0.0440452
    outer loop
      vertex -18.2924 10.1418 9.11079
      vertex -18.3142 9.7471 10.0708
      vertex -18.3131 10.0301 9.05723
    endloop
  endfacet
  facet normal 0.770976 -0.627278 -0.110082
    outer loop
      vertex -17.7625 10.8144 10.1499
      vertex -17.9077 10.6279 10.1957
      vertex -18.0112 10.6842 9.15001
    endloop
  endfacet
  facet normal 0.551697 -0.833917 0.0146079
    outer loop
      vertex -17.8429 10.8446 9.05723
      vertex -17.2594 11.2443 9.83771
      vertex -17.2631 11.2419 9.84044
    endloop
  endfacet
  facet normal 0.558885 -0.829217 0.00682792
    outer loop
      vertex -17.2594 11.2443 9.83771
      vertex -17.8429 10.8446 9.05723
      vertex -17.7544 10.9037 8.99066
    endloop
  endfacet
  facet normal 0.158648 -0.868813 0.469035
    outer loop
      vertex -16.3653 11.2363 8.73696
      vertex -16.4759 11.3219 8.93293
      vertex -17.3544 10.9433 8.52878
    endloop
  endfacet
  facet normal 0.045636 -0.619081 0.784
    outer loop
      vertex -16.1513 10.6045 8.02815
      vertex -16.1647 10.7928 8.17762
      vertex -17.1887 10.5771 8.0669
    endloop
  endfacet
  facet normal 0.0573346 -0.697856 0.71394
    outer loop
      vertex -16.2056 10.9686 8.35202
      vertex -17.1957 10.6753 8.14484
      vertex -16.165 10.7968 8.18083
    endloop
  endfacet
  facet normal 0.0573607 -0.697907 0.713888
    outer loop
      vertex -17.1957 10.6753 8.14484
      vertex -16.2056 10.9686 8.35202
      vertex -17.2164 10.763 8.23224
    endloop
  endfacet
  facet normal 0.11454 -0.824273 0.554486
    outer loop
      vertex -17.2504 10.8381 8.32693
      vertex -16.274 11.1182 8.54162
      vertex -17.2968 10.8987 8.4266
    endloop
  endfacet
  facet normal 0.113889 -0.82326 0.556122
    outer loop
      vertex -16.274 11.1182 8.54162
      vertex -17.2504 10.8381 8.32693
      vertex -16.2721 11.1157 8.53753
    endloop
  endfacet
  facet normal 0.0804762 -0.766764 0.636865
    outer loop
      vertex -16.2069 10.9717 8.35592
      vertex -16.2721 11.1157 8.53753
      vertex -17.2504 10.8381 8.32693
    endloop
  endfacet
  facet normal 0.0456694 -0.532639 0.845109
    outer loop
      vertex -16.165 10.3965 7.89775
      vertex -16.1516 10.6002 8.02541
      vertex -17.1957 10.4709 8.00034
    endloop
  endfacet
  facet normal 0.114526 -0.248104 0.96194
    outer loop
      vertex -16.361 9.73492 7.67011
      vertex -16.2721 9.95388 7.716
      vertex -17.2504 10.245 7.90756
    endloop
  endfacet
  facet normal 0.554067 0.267189 0.788429
    outer loop
      vertex -17.7544 9.59732 8.0669
      vertex -17.2631 8.68342 8.03135
      vertex -17.2594 8.68519 8.02815
    endloop
  endfacet
  facet normal 0.559038 0.270037 0.783936
    outer loop
      vertex -17.2631 8.68342 8.03135
      vertex -17.7544 9.59732 8.0669
      vertex -17.8429 9.55427 8.14484
    endloop
  endfacet
  facet normal 0.632927 0.299198 0.714062
    outer loop
      vertex -17.6019 8.55012 8.35202
      vertex -17.4363 8.5998 8.18442
      vertex -17.9292 9.52836 8.23224
    endloop
  endfacet
  facet normal 0.410194 0.170615 0.895897
    outer loop
      vertex -17.6659 9.65645 8.00034
      vertex -16.917 8.94552 7.79284
      vertex -17.5796 9.73021 7.94678
    endloop
  endfacet
  facet normal 0.410129 0.170534 0.895942
    outer loop
      vertex -16.917 8.94552 7.79284
      vertex -17.6659 9.65645 8.00034
      vertex -17.0861 8.80103 7.89775
    endloop
  endfacet
  facet normal 0.928605 -0.354337 -0.110175
    outer loop
      vertex -18.1578 10.1946 10.1957
      vertex -18.2468 9.9756 10.1499
      vertex -18.2584 10.2561 9.15001
    endloop
  endfacet
  facet normal 0.997536 -0.0698564 0.00652849
    outer loop
      vertex -18.3673 9.32933 9.84044
      vertex -18.3201 9.92392 8.99066
      vertex -18.3131 10.0301 9.05723
    endloop
  endfacet
  facet normal 0.997403 -0.0718419 0.00513183
    outer loop
      vertex -18.3201 9.92392 8.99066
      vertex -18.3673 9.32933 9.84044
      vertex -18.3676 9.32497 9.83771
    endloop
  endfacet
  facet normal 0.985793 0.0957477 0.138003
    outer loop
      vertex -18.3133 8.96088 9.51383
      vertex -18.2924 9.73805 8.82533
      vertex -18.3531 9.12907 9.68144
    endloop
  endfacet
  facet normal 0.272174 -0.91519 0.297236
    outer loop
      vertex -16.6081 11.376 9.13309
      vertex -16.7533 11.3949 9.32424
      vertex -17.4219 10.9709 8.63097
    endloop
  endfacet
  facet normal 0.339021 -0.915934 0.214777
    outer loop
      vertex -16.7564 11.3953 9.32833
      vertex -16.9136 11.3797 9.50994
      vertex -17.4976 10.9808 8.73063
    endloop
  endfacet
  facet normal 0.272878 -0.915271 0.29634
    outer loop
      vertex -17.4976 10.9808 8.73063
      vertex -16.7533 11.3949 9.32424
      vertex -16.7564 11.3953 9.32833
    endloop
  endfacet
  facet normal 0.271932 -0.915186 0.297467
    outer loop
      vertex -16.7533 11.3949 9.32424
      vertex -17.4976 10.9808 8.73063
      vertex -17.4219 10.9709 8.63097
    endloop
  endfacet
  facet normal 0.158743 -0.868942 0.468765
    outer loop
      vertex -17.2968 10.8987 8.4266
      vertex -16.3653 11.2363 8.73696
      vertex -17.3544 10.9433 8.52878
    endloop
  endfacet
  facet normal 0.153715 -0.864337 0.478846
    outer loop
      vertex -16.3653 11.2363 8.73696
      vertex -17.2968 10.8987 8.4266
      vertex -16.3629 11.2344 8.73276
    endloop
  endfacet
  facet normal 0.114558 -0.82432 0.554412
    outer loop
      vertex -16.274 11.1182 8.54162
      vertex -16.3629 11.2344 8.73276
      vertex -17.2968 10.8987 8.4266
    endloop
  endfacet
  facet normal 0.158553 -0.152725 0.975467
    outer loop
      vertex -16.4759 9.51235 7.65338
      vertex -16.3653 9.72566 7.6688
      vertex -17.3544 10.0196 7.87559
    endloop
  endfacet
  facet normal 0.831709 0.297041 0.469071
    outer loop
      vertex -17.9108 8.55351 8.73276
      vertex -18.1544 9.5577 8.52878
      vertex -18.043 8.60757 8.93293
    endloop
  endfacet
  facet normal 0.831658 0.297046 0.469157
    outer loop
      vertex -18.1544 9.5577 8.52878
      vertex -17.9108 8.55351 8.73276
      vertex -18.0869 9.5301 8.4266
    endloop
  endfacet
  facet normal 0.63696 0.300776 0.7098
    outer loop
      vertex -17.8429 9.55427 8.14484
      vertex -17.4363 8.5998 8.18442
      vertex -17.4328 8.60086 8.18083
    endloop
  endfacet
  facet normal 0.633102 0.299301 0.713863
    outer loop
      vertex -17.4363 8.5998 8.18442
      vertex -17.8429 9.55427 8.14484
      vertex -17.9292 9.52836 8.23224
    endloop
  endfacet
  facet normal 0.55909 0.270078 0.783885
    outer loop
      vertex -17.4328 8.60086 8.18083
      vertex -17.2631 8.68342 8.03135
      vertex -17.8429 9.55427 8.14484
    endloop
  endfacet
  facet normal 0.211534 -0.060968 0.975467
    outer loop
      vertex -17.4219 9.91404 7.88363
      vertex -16.4759 9.51235 7.65338
      vertex -17.3544 10.0196 7.87559
    endloop
  endfacet
  facet normal 0.211539 -0.0609552 0.975467
    outer loop
      vertex -16.4759 9.51235 7.65338
      vertex -17.4219 9.91404 7.88363
      vertex -16.6081 9.30561 7.66913
    endloop
  endfacet
  facet normal 0.884593 -0.449652 -0.123725
    outer loop
      vertex -18.043 10.4171 10.2125
      vertex -18.2121 10.3702 9.17394
      vertex -18.1544 10.4815 9.18198
    endloop
  endfacet
  facet normal 0.884627 -0.449584 -0.123734
    outer loop
      vertex -18.2121 10.3702 9.17394
      vertex -18.043 10.4171 10.2125
      vertex -18.1559 10.1993 10.1967
    endloop
  endfacet
  facet normal 0.962739 -0.25727 -0.0833412
    outer loop
      vertex -18.2584 10.2561 9.15001
      vertex -18.2468 9.9756 10.1499
      vertex -18.3119 9.75638 10.0746
    endloop
  endfacet
  facet normal 0.997541 -0.0697691 0.00660699
    outer loop
      vertex -18.3131 10.0301 9.05723
      vertex -18.3539 9.53301 9.96811
      vertex -18.3673 9.32933 9.84044
    endloop
  endfacet
  facet normal 0.98586 -0.161675 -0.0440714
    outer loop
      vertex -18.3131 10.0301 9.05723
      vertex -18.3142 9.7471 10.0708
      vertex -18.3539 9.53301 9.96811
    endloop
  endfacet
  facet normal 0.884479 0.266565 0.382937
    outer loop
      vertex -18.0454 8.60941 8.93713
      vertex -18.1544 9.5577 8.52878
      vertex -18.2121 9.60235 8.63097
    endloop
  endfacet
  facet normal 0.882364 0.267987 0.386804
    outer loop
      vertex -18.1544 9.5577 8.52878
      vertex -18.0454 8.60941 8.93713
      vertex -18.043 8.60757 8.93293
    endloop
  endfacet
  facet normal 0.987406 0.088215 0.131328
    outer loop
      vertex -18.3531 9.12907 9.68144
      vertex -18.3131 9.82576 8.91272
      vertex -18.3539 9.13268 9.68503
    endloop
  endfacet
  facet normal 0.985859 0.0954056 0.137765
    outer loop
      vertex -18.3131 9.82576 8.91272
      vertex -18.3531 9.12907 9.68144
      vertex -18.2924 9.73805 8.82533
    endloop
  endfacet
  facet normal 0.832042 -0.540732 -0.123753
    outer loop
      vertex -17.9136 10.6195 10.1971
      vertex -18.0869 10.587 9.17394
      vertex -17.9108 10.6239 10.1967
    endloop
  endfacet
  facet normal 0.831575 -0.541474 -0.12365
    outer loop
      vertex -18.0869 10.587 9.17394
      vertex -17.9136 10.6195 10.1971
      vertex -18.1544 10.4815 9.18198
    endloop
  endfacet
  facet normal 0.704198 -0.705095 -0.0833398
    outer loop
      vertex -17.6052 10.9804 10.0746
      vertex -17.7625 10.8144 10.1499
      vertex -18.0112 10.6842 9.15001
    endloop
  endfacet
  facet normal 0.831755 -0.541179 -0.123733
    outer loop
      vertex -17.9136 10.6195 10.1971
      vertex -18.043 10.4171 10.2125
      vertex -18.1544 10.4815 9.18198
    endloop
  endfacet
  facet normal 0.633207 -0.772717 -0.044247
    outer loop
      vertex -17.4328 11.1285 9.96811
      vertex -17.5983 10.987 10.0708
      vertex -17.8429 10.8446 9.05723
    endloop
  endfacet
  facet normal 0.484264 -0.872294 0.0677559
    outer loop
      vertex -17.0897 11.3269 9.68823
      vertex -17.2594 11.2443 9.83771
      vertex -17.7544 10.9037 8.99066
    endloop
  endfacet
  facet normal 0.410238 -0.901523 0.137698
    outer loop
      vertex -17.6659 10.9468 8.91272
      vertex -16.917 11.3794 9.51383
      vertex -17.0861 11.3286 9.68503
    endloop
  endfacet
  facet normal 0.410143 -0.901546 0.137833
    outer loop
      vertex -16.917 11.3794 9.51383
      vertex -17.6659 10.9468 8.91272
      vertex -17.5796 10.9727 8.82533
    endloop
  endfacet
  facet normal 0.333336 -0.916623 0.220657
    outer loop
      vertex -17.5796 10.9727 8.82533
      vertex -16.9136 11.3797 9.50994
      vertex -16.917 11.3794 9.51383
    endloop
  endfacet
  facet normal 0.338767 -0.915978 0.21499
    outer loop
      vertex -16.9136 11.3797 9.50994
      vertex -17.5796 10.9727 8.82533
      vertex -17.4976 10.9808 8.73063
    endloop
  endfacet
  facet normal 0.0804635 -0.766685 0.636961
    outer loop
      vertex -17.2164 10.763 8.23224
      vertex -16.2069 10.9717 8.35592
      vertex -17.2504 10.8381 8.32693
    endloop
  endfacet
  facet normal 0.0805837 -0.767019 0.636543
    outer loop
      vertex -16.2069 10.9717 8.35592
      vertex -17.2164 10.763 8.23224
      vertex -16.2056 10.9686 8.35202
    endloop
  endfacet
  facet normal 0.0575733 -0.438871 0.896704
    outer loop
      vertex -17.1957 10.4709 8.00034
      vertex -16.1658 10.3919 7.89555
      vertex -16.165 10.3965 7.89775
    endloop
  endfacet
  facet normal 0.0573567 -0.440593 0.895873
    outer loop
      vertex -16.1658 10.3919 7.89555
      vertex -17.1957 10.4709 8.00034
      vertex -17.2164 10.3593 7.94678
    endloop
  endfacet
  facet normal 0.0573558 -0.440468 0.895934
    outer loop
      vertex -16.2056 10.1778 7.79284
      vertex -16.1658 10.3919 7.89555
      vertex -17.2164 10.3593 7.94678
    endloop
  endfacet
  facet normal 0.771739 0.313042 0.553556
    outer loop
      vertex -17.7625 8.5342 8.53753
      vertex -18.0869 9.5301 8.4266
      vertex -17.7656 8.53461 8.54162
    endloop
  endfacet
  facet normal 0.771013 0.312925 0.554633
    outer loop
      vertex -18.0869 9.5301 8.4266
      vertex -17.7625 8.5342 8.53753
      vertex -18.0112 9.52024 8.32693
    endloop
  endfacet
  facet normal 0.272121 0.0248439 0.961942
    outer loop
      vertex -17.4219 9.91404 7.88363
      vertex -16.6112 9.30162 7.67011
      vertex -16.6081 9.30561 7.66913
    endloop
  endfacet
  facet normal 0.272138 0.0248672 0.961937
    outer loop
      vertex -16.6112 9.30162 7.67011
      vertex -17.4219 9.91404 7.88363
      vertex -17.4976 9.81679 7.90756
    endloop
  endfacet
  facet normal 0.484152 0.226806 0.845078
    outer loop
      vertex -17.2558 8.68762 8.02541
      vertex -17.0861 8.80103 7.89775
      vertex -17.6659 9.65645 8.00034
    endloop
  endfacet
  facet normal 0.484088 0.22678 0.845121
    outer loop
      vertex -17.7544 9.59732 8.0669
      vertex -17.2558 8.68762 8.02541
      vertex -17.6659 9.65645 8.00034
    endloop
  endfacet
  facet normal 0.487199 0.22859 0.842843
    outer loop
      vertex -17.2558 8.68762 8.02541
      vertex -17.7544 9.59732 8.0669
      vertex -17.2594 8.68519 8.02815
    endloop
  endfacet
  facet normal 0.962613 -0.257668 -0.0835637
    outer loop
      vertex -18.3119 9.75638 10.0746
      vertex -18.2924 10.1418 9.11079
      vertex -18.2584 10.2561 9.15001
    endloop
  endfacet
  facet normal 0.96246 -0.258173 -0.0837687
    outer loop
      vertex -18.2924 10.1418 9.11079
      vertex -18.3119 9.75638 10.0746
      vertex -18.3133 9.75168 10.073
    endloop
  endfacet
  facet normal 0.884727 0.266453 0.382441
    outer loop
      vertex -18.1559 8.69505 9.13309
      vertex -18.0454 8.60941 8.93713
      vertex -18.2121 9.60235 8.63097
    endloop
  endfacet
  facet normal 0.928599 0.222058 0.297311
    outer loop
      vertex -18.1559 8.69505 9.13309
      vertex -18.2121 9.60235 8.63097
      vertex -18.2449 8.8113 9.32424
    endloop
  endfacet
  facet normal 0.997541 0.0170277 0.0679795
    outer loop
      vertex -18.3539 9.13268 9.68503
      vertex -18.3131 9.82576 8.91272
      vertex -18.3673 9.32093 9.83451
    endloop
  endfacet
  facet normal 0.997405 0.0190776 0.0694212
    outer loop
      vertex -18.3673 9.32093 9.83451
      vertex -18.3201 9.92392 8.99066
      vertex -18.3676 9.32497 9.83771
    endloop
  endfacet
  facet normal 0.997536 0.0171201 0.0680298
    outer loop
      vertex -18.3201 9.92392 8.99066
      vertex -18.3673 9.32093 9.83451
      vertex -18.3131 9.82576 8.91272
    endloop
  endfacet
  facet normal 0.772042 -0.625919 -0.110349
    outer loop
      vertex -18.0869 10.587 9.17394
      vertex -17.9077 10.6279 10.1957
      vertex -17.9108 10.6239 10.1967
    endloop
  endfacet
  facet normal 0.770845 -0.62744 -0.110078
    outer loop
      vertex -17.9077 10.6279 10.1957
      vertex -18.0869 10.587 9.17394
      vertex -18.0112 10.6842 9.15001
    endloop
  endfacet
  facet normal 0.71366 -0.694573 -0.0908657
    outer loop
      vertex -18.0112 10.6842 9.15001
      vertex -17.6019 10.984 10.073
      vertex -17.6052 10.9804 10.0746
    endloop
  endfacet
  facet normal 0.704453 -0.704828 -0.0834517
    outer loop
      vertex -17.6019 10.984 10.073
      vertex -18.0112 10.6842 9.15001
      vertex -17.9292 10.7708 9.11079
    endloop
  endfacet
  facet normal 0.625157 -0.779477 -0.0399387
    outer loop
      vertex -17.9292 10.7708 9.11079
      vertex -17.5983 10.987 10.0708
      vertex -17.6019 10.984 10.073
    endloop
  endfacet
  facet normal 0.633272 -0.772662 -0.0442704
    outer loop
      vertex -17.5983 10.987 10.0708
      vertex -17.9292 10.7708 9.11079
      vertex -17.8429 10.8446 9.05723
    endloop
  endfacet
  facet normal 0.479004 -0.87467 0.0742103
    outer loop
      vertex -17.7544 10.9037 8.99066
      vertex -17.0861 11.3286 9.68503
      vertex -17.0897 11.3269 9.68823
    endloop
  endfacet
  facet normal 0.484337 -0.872266 0.0676055
    outer loop
      vertex -17.0861 11.3286 9.68503
      vertex -17.7544 10.9037 8.99066
      vertex -17.6659 10.9468 8.91272
    endloop
  endfacet
  facet normal 0.0804966 -0.344843 0.935203
    outer loop
      vertex -17.2504 10.245 7.90756
      vertex -16.2707 9.95858 7.71762
      vertex -17.2164 10.3593 7.94678
    endloop
  endfacet
  facet normal 0.0800631 -0.346054 0.934792
    outer loop
      vertex -16.2707 9.95858 7.71762
      vertex -17.2504 10.245 7.90756
      vertex -16.2721 9.95388 7.716
    endloop
  endfacet
  facet normal 0.704316 0.313675 0.636825
    outer loop
      vertex -18.0112 9.52024 8.32693
      vertex -17.7591 8.53454 8.53363
      vertex -17.9292 9.52836 8.23224
    endloop
  endfacet
  facet normal 0.702031 0.313624 0.639369
    outer loop
      vertex -17.7591 8.53454 8.53363
      vertex -18.0112 9.52024 8.32693
      vertex -17.7625 8.5342 8.53753
    endloop
  endfacet
  facet normal 0.27212 0.0248339 0.961943
    outer loop
      vertex -16.7564 9.11511 7.716
      vertex -16.6112 9.30162 7.67011
      vertex -17.4976 9.81679 7.90756
    endloop
  endfacet
  facet normal 0.342627 0.10712 0.933344
    outer loop
      vertex -17.4976 9.81679 7.90756
      vertex -16.7597 9.11155 7.71762
      vertex -16.7564 9.11511 7.716
    endloop
  endfacet
  facet normal 0.338876 0.102692 0.93521
    outer loop
      vertex -16.7597 9.11155 7.71762
      vertex -17.4976 9.81679 7.90756
      vertex -17.5796 9.73021 7.94678
    endloop
  endfacet
  facet normal 0.929399 -0.352322 -0.109942
    outer loop
      vertex -18.1578 10.1946 10.1957
      vertex -18.2121 10.3702 9.17394
      vertex -18.1559 10.1993 10.1967
    endloop
  endfacet
  facet normal 0.928813 -0.353794 -0.110164
    outer loop
      vertex -18.2121 10.3702 9.17394
      vertex -18.1578 10.1946 10.1957
      vertex -18.2584 10.2561 9.15001
    endloop
  endfacet
  facet normal 0.928933 0.221508 0.296679
    outer loop
      vertex -18.2449 8.8113 9.32424
      vertex -18.2584 9.66297 8.73063
      vertex -18.2468 8.81379 9.32833
    endloop
  endfacet
  facet normal 0.928889 0.22157 0.296769
    outer loop
      vertex -18.2584 9.66297 8.73063
      vertex -18.2449 8.8113 9.32424
      vertex -18.2121 9.60235 8.63097
    endloop
  endfacet
  facet normal 0.962619 0.16457 0.215133
    outer loop
      vertex -18.2482 8.81688 9.33222
      vertex -18.2584 9.66297 8.73063
      vertex -18.2924 9.73805 8.82533
    endloop
  endfacet
  facet normal 0.962499 0.164815 0.215481
    outer loop
      vertex -18.2584 9.66297 8.73063
      vertex -18.2482 8.81688 9.33222
      vertex -18.2468 8.81379 9.32833
    endloop
  endfacet
  facet normal 0.114527 -0.248102 0.96194
    outer loop
      vertex -17.2968 10.1308 7.88363
      vertex -16.361 9.73492 7.67011
      vertex -17.2504 10.245 7.90756
    endloop
  endfacet
  facet normal 0.114795 -0.247532 0.962055
    outer loop
      vertex -16.361 9.73492 7.67011
      vertex -17.2968 10.1308 7.88363
      vertex -16.3629 9.73023 7.66913
    endloop
  endfacet
  facet normal 0.158189 -0.153509 0.975403
    outer loop
      vertex -17.2968 10.1308 7.88363
      vertex -16.3653 9.72566 7.6688
      vertex -16.3629 9.73023 7.66913
    endloop
  endfacet
  facet normal 0.158572 -0.152667 0.975473
    outer loop
      vertex -16.3653 9.72566 7.6688
      vertex -17.2968 10.1308 7.88363
      vertex -17.3544 10.0196 7.87559
    endloop
  endfacet
  facet normal 0.333219 0.942849 0
    outer loop
      vertex 0.622897 35.6533 0
      vertex 0.517639 35.6905 0
      vertex 0.517639 35.6905 0.155272
    endloop
  endfacet
  facet normal 0.332135 0.943232 -0
    outer loop
      vertex 0.813477 35.5858 0
      vertex 0.784226 35.5961 0.161875
      vertex 0.813477 35.5858 0.147625
    endloop
  endfacet
  facet normal 0.333421 0.942778 0.000261283
    outer loop
      vertex 0.784226 35.5961 0.161875
      vertex 0.813477 35.5858 0
      vertex 0.670092 35.6365 0.0335994
    endloop
  endfacet
  facet normal 0.333804 0.94264 0.00210066
    outer loop
      vertex 0.670092 35.6365 0.0335994
      vertex 0.813477 35.5858 0
      vertex 0.636981 35.6483 0
    endloop
  endfacet
  facet normal 0.996906 0.0786074 -0
    outer loop
      vertex 31.2359 -16.8793 0
      vertex 31.2186 -16.6599 0
      vertex 31.2359 -16.8793 0.0670005
    endloop
  endfacet
  facet normal 0 0 -1
    outer loop
      vertex 18.5472 -17.2855 0
      vertex 26.5189 -18.7061 0
      vertex 18.5478 -17.2872 0
    endloop
  endfacet
  facet normal 0 0 -1
    outer loop
      vertex -30.0372 -18.7061 0
      vertex 18.5478 -17.2872 0
      vertex 26.5189 -18.7061 0
    endloop
  endfacet
  facet normal 0 0 -1
    outer loop
      vertex -30.5808 -17.2872 0
      vertex -30.0372 -18.7061 0
      vertex -30.2359 -18.6114 0
    endloop
  endfacet
  facet normal 0 0 -1
    outer loop
      vertex -30.5808 -17.2872 0
      vertex -30.2359 -18.6114 0
      vertex -30.4945 -18.4336 0
    endloop
  endfacet
  facet normal 0 0 -1
    outer loop
      vertex -30.0372 -18.7061 0
      vertex -30.5808 -17.2872 0
      vertex 18.5478 -17.2872 0
    endloop
  endfacet
  facet normal 0 0 -1
    outer loop
      vertex -30.7222 -18.2176 0
      vertex -30.5808 -17.2872 0
      vertex -30.4945 -18.4336 0
    endloop
  endfacet
  facet normal 0 0 -1
    outer loop
      vertex -30.9132 -17.9686 0
      vertex -30.5808 -17.2872 0
      vertex -30.7222 -18.2176 0
    endloop
  endfacet
  facet normal 0 0 -1
    outer loop
      vertex -30.5808 -17.2872 0
      vertex -30.9132 -17.9686 0
      vertex -30.9428 -17.9142 0
    endloop
  endfacet
  facet normal 0 0 -1
    outer loop
      vertex 18.4657 -17.1202 0
      vertex 26.5189 -18.7061 0
      vertex 18.5472 -17.2855 0
    endloop
  endfacet
  facet normal 0 0 -1
    outer loop
      vertex 26.5189 -18.7061 0
      vertex 18.4657 -17.1202 0
      vertex 21.4208 -9.87609 0
    endloop
  endfacet
  facet normal 0 0 -1
    outer loop
      vertex 18.3702 -16.979 0
      vertex 21.4208 -9.87609 0
      vertex 18.4657 -17.1202 0
    endloop
  endfacet
  facet normal 0 0 -1
    outer loop
      vertex 18.2632 -16.8653 0
      vertex 21.4208 -9.87609 0
      vertex 18.3702 -16.979 0
    endloop
  endfacet
  facet normal 0 0 -1
    outer loop
      vertex 18.1472 -16.7821 0
      vertex 21.4208 -9.87609 0
      vertex 18.2632 -16.8653 0
    endloop
  endfacet
  facet normal 0 0 -1
    outer loop
      vertex 18.0252 -16.7314 0
      vertex 21.4208 -9.87609 0
      vertex 18.1472 -16.7821 0
    endloop
  endfacet
  facet normal 0 0 -1
    outer loop
      vertex 17.9 -16.7143 0
      vertex 21.4208 -9.87609 0
      vertex 18.0252 -16.7314 0
    endloop
  endfacet
  facet normal 0 0 -1
    outer loop
      vertex 22.7462 -8.5968 0
      vertex 5.52499 23.859 0
      vertex 23.793 -7.7821 0
    endloop
  endfacet
  facet normal 0 0 -1
    outer loop
      vertex -8.92086 11.7745 0
      vertex 22.7462 -8.5968 0
      vertex 21.5278 -9.7509 0
    endloop
  endfacet
  facet normal 0 0 -1
    outer loop
      vertex -8.92086 11.7745 0
      vertex 21.5278 -9.7509 0
      vertex 21.4208 -9.87609 0
    endloop
  endfacet
  facet normal 0 0 -1
    outer loop
      vertex -14.6575 1.83841 0
      vertex 21.4208 -9.87609 0
      vertex 17.9 -16.7143 0
    endloop
  endfacet
  facet normal 0 0 -1
    outer loop
      vertex 22.7462 -8.5968 0
      vertex -8.92086 11.7745 0
      vertex 5.52499 23.859 0
    endloop
  endfacet
  facet normal 0 0 -1
    outer loop
      vertex -11.293 13.8685 0
      vertex 5.46014 24.107 0
      vertex 5.47721 23.9759 0
    endloop
  endfacet
  facet normal 0 0 -1
    outer loop
      vertex -9.02784 11.8997 0
      vertex 5.52499 23.859 0
      vertex -8.92086 11.7745 0
    endloop
  endfacet
  facet normal 0 0 -1
    outer loop
      vertex 5.46014 24.107 0
      vertex 0.8 34.8142 0
      vertex 1.18215 35.3648 0
    endloop
  endfacet
  facet normal 0 -0 -1
    outer loop
      vertex 0.847783 34.9311 0
      vertex 1.18215 35.3648 0
      vertex 0.8 34.8142 0
    endloop
  endfacet
  facet normal 0 0 -1
    outer loop
      vertex 0.850789 35.2043 0
      vertex 1.18215 35.3648 0
      vertex 0.86485 35.0622 0
    endloop
  endfacet
  facet normal 0 -0 -1
    outer loop
      vertex 0.86485 35.0622 0
      vertex 1.18215 35.3648 0
      vertex 0.847783 34.9311 0
    endloop
  endfacet
  facet normal 0 0 -1
    outer loop
      vertex -10.2462 13.0538 0
      vertex 5.52499 23.859 0
      vertex -9.02784 11.8997 0
    endloop
  endfacet
  facet normal 0 0 -1
    outer loop
      vertex 21.4208 -9.87609 0
      vertex -14.6575 1.83841 0
      vertex -8.92086 11.7745 0
    endloop
  endfacet
  facet normal 0 0 -1
    outer loop
      vertex -18.8181 -15.4003 0
      vertex -14.6575 1.83841 0
      vertex 17.9 -16.7143 0
    endloop
  endfacet
  facet normal 0 0 -1
    outer loop
      vertex -19.2084 -13.7682 0
      vertex -14.6575 1.83841 0
      vertex -18.8181 -15.4003 0
    endloop
  endfacet
  facet normal 0 0 -1
    outer loop
      vertex -23.425 -7.14472 0
      vertex -14.6575 1.83841 0
      vertex -19.2634 -13.613 0
    endloop
  endfacet
  facet normal 0 0 -1
    outer loop
      vertex -18.8181 -15.4003 0
      vertex 17.9 -16.7143 0
      vertex -18.636 -16.7143 0
    endloop
  endfacet
  facet normal 0 0 -1
    outer loop
      vertex -19.2634 -13.613 0
      vertex -14.6575 1.83841 0
      vertex -19.2084 -13.7682 0
    endloop
  endfacet
  facet normal -0 0 -1
    outer loop
      vertex -14.6575 1.83841 0
      vertex -23.425 -7.14472 0
      vertex -14.8194 1.86847 0
    endloop
  endfacet
  facet normal -0 0 -1
    outer loop
      vertex -14.8194 1.86847 0
      vertex -23.425 -7.14472 0
      vertex -16.428 2.34651 0
    endloop
  endfacet
  facet normal -0 0 -1
    outer loop
      vertex -16.428 2.34651 0
      vertex -23.425 -7.14472 0
      vertex -17.657 2.84576 0
    endloop
  endfacet
  facet normal 0 0 -1
    outer loop
      vertex -19.2634 -13.613 0
      vertex -23.5024 -7.24456 0
      vertex -23.425 -7.14472 0
    endloop
  endfacet
  facet normal 0 0 -1
    outer loop
      vertex -19.2634 -13.613 0
      vertex -23.6074 -7.32489 0
      vertex -23.5024 -7.24456 0
    endloop
  endfacet
  facet normal 0 0 -1
    outer loop
      vertex -19.2634 -13.613 0
      vertex -23.7374 -7.38373 0
      vertex -23.6074 -7.32489 0
    endloop
  endfacet
  facet normal 0 0 -1
    outer loop
      vertex -19.2634 -13.613 0
      vertex -23.8893 -7.41962 0
      vertex -23.7374 -7.38373 0
    endloop
  endfacet
  facet normal 0 0 -1
    outer loop
      vertex -19.2634 -13.613 0
      vertex -24.0593 -7.43167 0
      vertex -23.8893 -7.41962 0
    endloop
  endfacet
  facet normal 0 0 -1
    outer loop
      vertex -28.4594 -13.613 0
      vertex -24.0593 -7.43167 0
      vertex -19.2634 -13.613 0
    endloop
  endfacet
  facet normal -0 0 -1
    outer loop
      vertex -24.0593 -7.43167 0
      vertex -28.4594 -13.613 0
      vertex -24.2433 -7.41962 0
    endloop
  endfacet
  facet normal -0 0 -1
    outer loop
      vertex -24.2433 -7.41962 0
      vertex -28.4594 -13.613 0
      vertex -24.2451 -7.41929 0
    endloop
  endfacet
  facet normal 0 0 -1
    outer loop
      vertex 31.2113 -17.1922 0
      vertex 31.2186 -16.6599 0
      vertex 31.2359 -16.8793 0
    endloop
  endfacet
  facet normal 0 0 -1
    outer loop
      vertex 31.138 -17.4974 0
      vertex 31.2186 -16.6599 0
      vertex 31.2113 -17.1922 0
    endloop
  endfacet
  facet normal 0 0 -1
    outer loop
      vertex 31.0179 -17.7873 0
      vertex 31.2186 -16.6599 0
      vertex 31.138 -17.4974 0
    endloop
  endfacet
  facet normal 0 0 -1
    outer loop
      vertex 30.8539 -18.0549 0
      vertex 31.2186 -16.6599 0
      vertex 31.0179 -17.7873 0
    endloop
  endfacet
  facet normal 0 0 -1
    outer loop
      vertex 30.5652 -18.3661 0
      vertex 30.8539 -18.0549 0
      vertex 30.6501 -18.2936 0
    endloop
  endfacet
  facet normal -0 0 -1
    outer loop
      vertex 30.8539 -18.0549 0
      vertex 30.5652 -18.3661 0
      vertex 31.2186 -16.6599 0
    endloop
  endfacet
  facet normal 0 0 -1
    outer loop
      vertex 30.5652 -18.3661 0
      vertex 28.6527 -12.2157 0
      vertex 31.2186 -16.6599 0
    endloop
  endfacet
  facet normal 0 0 -1
    outer loop
      vertex 5.69723 24.7065 0
      vertex 28.6527 -12.2157 0
      vertex 30.5652 -18.3661 0
    endloop
  endfacet
  facet normal 0 0 -1
    outer loop
      vertex 5.69723 24.7065 0
      vertex 1.18215 35.3648 0
      vertex 28.6527 -12.2157 0
    endloop
  endfacet
  facet normal 0 0 -1
    outer loop
      vertex 5.69605 24.7051 0
      vertex 1.18215 35.3648 0
      vertex 5.69723 24.7065 0
    endloop
  endfacet
  facet normal 0 0 -1
    outer loop
      vertex 5.59365 24.5518 0
      vertex 1.18215 35.3648 0
      vertex 5.69605 24.7051 0
    endloop
  endfacet
  facet normal 0 0 -1
    outer loop
      vertex 5.51908 24.3986 0
      vertex 1.18215 35.3648 0
      vertex 5.59365 24.5518 0
    endloop
  endfacet
  facet normal 0 0 -1
    outer loop
      vertex 5.47421 24.2491 0
      vertex 1.18215 35.3648 0
      vertex 5.51908 24.3986 0
    endloop
  endfacet
  facet normal 0 0 -1
    outer loop
      vertex 1.18215 35.3648 0
      vertex 5.47421 24.2491 0
      vertex 5.46014 24.107 0
    endloop
  endfacet
  facet normal -0 0 -1
    outer loop
      vertex 1.18215 35.3648 0
      vertex 0.850789 35.2043 0
      vertex 1.08928 35.436 0
    endloop
  endfacet
  facet normal 0 0 -1
    outer loop
      vertex 0.805905 35.3538 0
      vertex 1.08928 35.436 0
      vertex 0.850789 35.2043 0
    endloop
  endfacet
  facet normal -0 0 -1
    outer loop
      vertex 1.08928 35.436 0
      vertex 0.805905 35.3538 0
      vertex 0.813477 35.5858 0
    endloop
  endfacet
  facet normal 0 0 -1
    outer loop
      vertex 0.731343 35.507 0
      vertex 0.813477 35.5858 0
      vertex 0.805905 35.3538 0
    endloop
  endfacet
  facet normal -0 0 -1
    outer loop
      vertex 0.813477 35.5858 0
      vertex 0.731343 35.507 0
      vertex 0.636981 35.6483 0
    endloop
  endfacet
  facet normal -0 0 -1
    outer loop
      vertex 5.52499 23.859 0
      vertex -10.2462 13.0538 0
      vertex 5.47721 23.9759 0
    endloop
  endfacet
  facet normal 0 0 -1
    outer loop
      vertex -11.293 13.8685 0
      vertex 5.47721 23.9759 0
      vertex -10.2462 13.0538 0
    endloop
  endfacet
  facet normal -0 0 -1
    outer loop
      vertex 5.46014 24.107 0
      vertex -11.293 13.8685 0
      vertex 0.8 34.8142 0
    endloop
  endfacet
  facet normal 0 0 -1
    outer loop
      vertex 0.622897 35.6533 0
      vertex 0.209061 35.7477 0
      vertex 0.517639 35.6905 0
    endloop
  endfacet
  facet normal 0 0 -1
    outer loop
      vertex 0.622897 35.6533 0
      vertex 0.0414909 35.7521 0
      vertex 0.209061 35.7477 0
    endloop
  endfacet
  facet normal -0 0 -1
    outer loop
      vertex 0.622897 35.6533 0
      vertex -10.662 17.2132 0
      vertex 0.0414909 35.7521 0
    endloop
  endfacet
  facet normal 0 0 -1
    outer loop
      vertex -24.2451 -7.41929 0
      vertex -10.662 17.2132 0
      vertex 0.622897 35.6533 0
    endloop
  endfacet
  facet normal 0 0 -1
    outer loop
      vertex -10.662 17.2132 0
      vertex -24.2451 -7.41929 0
      vertex -28.4594 -13.613 0
    endloop
  endfacet
  facet normal 0 0 1
    outer loop
      vertex 3.69273 23.7135 2
      vertex 2.10011 33.6918 2
      vertex 3.67074 23.6964 2
    endloop
  endfacet
  facet normal 0 0 1
    outer loop
      vertex 3.87551 23.8304 2
      vertex 2.10011 33.6918 2
      vertex 3.69273 23.7135 2
    endloop
  endfacet
  facet normal 0 0 1
    outer loop
      vertex 2.10011 33.6918 2
      vertex 3.87551 23.8304 2
      vertex 6.81407 25.527 2
    endloop
  endfacet
  facet normal -0 0 1
    outer loop
      vertex 18.6902 -15.0548 2
      vertex 28.0727 -18.6647 2
      vertex 22.3975 -8.8349 2
    endloop
  endfacet
  facet normal 0 0 1
    outer loop
      vertex 28.0727 -18.6647 2
      vertex 18.7 -15.2715 2
      vertex 18.7 -18.6647 2
    endloop
  endfacet
  facet normal 0 0 1
    outer loop
      vertex 28.0727 -18.6647 2
      vertex 18.6902 -15.0548 2
      vertex 18.7 -15.2715 2
    endloop
  endfacet
  facet normal 0 0 1
    outer loop
      vertex 22.3975 -8.8349 2
      vertex 18.6863 -15.0272 2
      vertex 18.6902 -15.0548 2
    endloop
  endfacet
  facet normal 0 0 1
    outer loop
      vertex 3.67074 23.6964 2
      vertex 22.3975 -8.8349 2
      vertex 22.4389 -8.811 2
    endloop
  endfacet
  facet normal -0 0 1
    outer loop
      vertex -9.8975 12.8157 2
      vertex 22.3975 -8.8349 2
      vertex 3.67074 23.6964 2
    endloop
  endfacet
  facet normal 0 0 1
    outer loop
      vertex -9.93891 12.8396 2
      vertex 3.67074 23.6964 2
      vertex 2.10011 33.6918 2
    endloop
  endfacet
  facet normal 0 0 1
    outer loop
      vertex 22.3975 -8.8349 2
      vertex -9.8975 12.8157 2
      vertex 18.6863 -15.0272 2
    endloop
  endfacet
  facet normal -0 0 1
    outer loop
      vertex -16.0475 2.16362 2
      vertex 18.6863 -15.0272 2
      vertex -9.8975 12.8157 2
    endloop
  endfacet
  facet normal 0 0 1
    outer loop
      vertex -22.3571 -8.66926 2
      vertex -16.0475 2.16362 2
      vertex -16.0889 2.18753 2
    endloop
  endfacet
  facet normal -0 0 1
    outer loop
      vertex -18.85 -14.9794 2
      vertex 18.6863 -15.0272 2
      vertex -16.0475 2.16362 2
    endloop
  endfacet
  facet normal 0 0 1
    outer loop
      vertex 18.6863 -15.0272 2
      vertex -18.85 -14.9794 2
      vertex -18.85 -15.0272 2
    endloop
  endfacet
  facet normal 0 0 1
    outer loop
      vertex -16.0475 2.16362 2
      vertex -22.3571 -8.66926 2
      vertex -18.85 -14.9794 2
    endloop
  endfacet
  facet normal 0 0 1
    outer loop
      vertex -22.3829 -8.65877 2
      vertex -18.85 -14.9794 2
      vertex -22.3571 -8.66926 2
    endloop
  endfacet
  facet normal 0 0 1
    outer loop
      vertex -30.2004 -14.9794 2
      vertex -22.3829 -8.65877 2
      vertex -22.5755 -8.55892 2
    endloop
  endfacet
  facet normal 0 0 1
    outer loop
      vertex -30.2004 -14.9794 2
      vertex -22.5755 -8.55892 2
      vertex -25.5141 -6.86235 2
    endloop
  endfacet
  facet normal 0 0 1
    outer loop
      vertex -22.3829 -8.65877 2
      vertex -30.2004 -14.9794 2
      vertex -18.85 -14.9794 2
    endloop
  endfacet
  facet normal 0 0 1
    outer loop
      vertex 3.67074 23.6964 2
      vertex -9.93891 12.8396 2
      vertex -9.8975 12.8157 2
    endloop
  endfacet
  facet normal -0.793452 -0.608632 0
    outer loop
      vertex -30.7222 -18.2176 0
      vertex -30.9132 -17.9686 0.0373356
      vertex -30.9132 -17.9686 0
    endloop
  endfacet
  facet normal -0.793452 -0.608632 0
    outer loop
      vertex -30.9132 -17.9686 0.0373356
      vertex -30.7222 -18.2176 0
      vertex -30.7222 -18.2176 0.242359
    endloop
  endfacet
  facet normal -0.566556 -0.824023 0
    outer loop
      vertex -30.4945 -18.4336 0
      vertex -30.2359 -18.6114 0.0669945
      vertex -30.4945 -18.4336 0.192693
    endloop
  endfacet
  facet normal -0.566556 -0.824023 -0
    outer loop
      vertex -30.2359 -18.6114 0.0669945
      vertex -30.4945 -18.4336 0
      vertex -30.2359 -18.6114 0
    endloop
  endfacet
  facet normal -0.430233 -0.902718 -0
    outer loop
      vertex -30.2359 -18.6114 0.0669945
      vertex -30.2359 -18.6114 0
      vertex -30.0372 -18.7061 0
    endloop
  endfacet
  facet normal 0.0262486 0.999655 -0
    outer loop
      vertex 0.209061 35.7477 0
      vertex 0.0414909 35.7521 0
      vertex 0.209061 35.7477 0.104165
    endloop
  endfacet
  facet normal 0.60843 0.793608 0
    outer loop
      vertex 1.18215 35.3648 0
      vertex 1.08928 35.436 0
      vertex 1.08928 35.436 0.031676
    endloop
  endfacet
  facet normal 0.477285 0.878749 0
    outer loop
      vertex 0.813477 35.5858 0
      vertex 1.08928 35.436 0.031676
      vertex 1.08928 35.436 0
    endloop
  endfacet
  facet normal 0.477285 0.878749 0
    outer loop
      vertex 1.08928 35.436 0.031676
      vertex 0.813477 35.5858 0
      vertex 0.813477 35.5858 0.147625
    endloop
  endfacet
  facet normal 0.1828 0.98315 0.000488356
    outer loop
      vertex 0.517639 35.6905 0.155272
      vertex 0.436152 35.7056 0.258109
      vertex 0.43991 35.7049 0.260657
    endloop
  endfacet
  facet normal 0.182255 0.983251 4.18688e-05
    outer loop
      vertex 0.517639 35.6905 0.155272
      vertex 0.209061 35.7477 0.104165
      vertex 0.436152 35.7056 0.258109
    endloop
  endfacet
  facet normal 0.182262 0.98325 -0
    outer loop
      vertex 0.517639 35.6905 0
      vertex 0.209061 35.7477 0.104165
      vertex 0.517639 35.6905 0.155272
    endloop
  endfacet
  facet normal 0.182262 0.98325 0
    outer loop
      vertex 0.209061 35.7477 0.104165
      vertex 0.517639 35.6905 0
      vertex 0.209061 35.7477 0
    endloop
  endfacet
  facet normal 0.97235 -0.23353 0
    outer loop
      vertex 31.138 -17.4974 0
      vertex 31.2113 -17.1922 0.192697
      vertex 31.138 -17.4974 0.345448
    endloop
  endfacet
  facet normal 0.97235 -0.23353 0
    outer loop
      vertex 31.2113 -17.1922 0.192697
      vertex 31.138 -17.4974 0
      vertex 31.2113 -17.1922 0
    endloop
  endfacet
  facet normal 0.760446 -0.649401 0
    outer loop
      vertex 30.7615 -18.1631 0.383995
      vertex 30.8539 -18.0549 0
      vertex 30.8539 -18.0549 0.46049
    endloop
  endfacet
  facet normal 0.76053 -0.649303 4.79531e-05
    outer loop
      vertex 30.6501 -18.2936 0.155278
      vertex 30.8539 -18.0549 0
      vertex 30.7615 -18.1631 0.383995
    endloop
  endfacet
  facet normal 0.760515 -0.649321 0
    outer loop
      vertex 30.8539 -18.0549 0
      vertex 30.6501 -18.2936 0.155278
      vertex 30.6501 -18.2936 0
    endloop
  endfacet
  facet normal 0.923858 -0.382736 0
    outer loop
      vertex 31.0179 -17.7873 0
      vertex 31.138 -17.4974 0.345448
      vertex 31.0179 -17.7873 0.521507
    endloop
  endfacet
  facet normal 0.923858 -0.382736 0
    outer loop
      vertex 31.138 -17.4974 0.345448
      vertex 31.0179 -17.7873 0
      vertex 31.138 -17.4974 0
    endloop
  endfacet
  facet normal 0.649389 -0.760457 0
    outer loop
      vertex 30.6501 -18.2936 0.155278
      vertex 30.5652 -18.3661 0
      vertex 30.6501 -18.2936 0
    endloop
  endfacet
  facet normal -0.878389 -0.477947 -0
    outer loop
      vertex -30.9132 -17.9686 0.0373356
      vertex -30.9428 -17.9142 0
      vertex -30.9132 -17.9686 0
    endloop
  endfacet
  facet normal -0.687887 -0.725817 0.00114158
    outer loop
      vertex -30.6846 -18.2533 0.277978
      vertex -30.4945 -18.4336 0.192693
      vertex -30.7191 -18.2205 0.34339
    endloop
  endfacet
  facet normal -0.688282 -0.725443 -0.00053002
    outer loop
      vertex -30.7222 -18.2176 0.242359
      vertex -30.4945 -18.4336 0.192693
      vertex -30.6846 -18.2533 0.277978
    endloop
  endfacet
  facet normal -0.688222 -0.7255 0
    outer loop
      vertex -30.7222 -18.2176 0
      vertex -30.4945 -18.4336 0.192693
      vertex -30.7222 -18.2176 0.242359
    endloop
  endfacet
  facet normal -0.688222 -0.7255 -0
    outer loop
      vertex -30.4945 -18.4336 0.192693
      vertex -30.7222 -18.2176 0
      vertex -30.4945 -18.4336 0
    endloop
  endfacet
  facet normal 0.996924 -0.0783775 0
    outer loop
      vertex 31.2113 -17.1922 0
      vertex 31.2359 -16.8793 0.0670005
      vertex 31.2113 -17.1922 0.192697
    endloop
  endfacet
  facet normal 0.996924 -0.0783775 0
    outer loop
      vertex 31.2359 -16.8793 0.0670005
      vertex 31.2113 -17.1922 0
      vertex 31.2359 -16.8793 0
    endloop
  endfacet
  facet normal 0.852648 -0.522486 -0.000278978
    outer loop
      vertex 30.8539 -18.0549 0.46049
      vertex 31.0179 -17.7873 0.521507
      vertex 30.9632 -17.8766 0.586576
    endloop
  endfacet
  facet normal 0.85262 -0.522532 0
    outer loop
      vertex 31.0179 -17.7873 0.521507
      vertex 30.8539 -18.0549 0.46049
      vertex 31.0179 -17.7873 0
    endloop
  endfacet
  facet normal 0.85262 -0.522532 0
    outer loop
      vertex 31.0179 -17.7873 0
      vertex 30.8539 -18.0549 0.46049
      vertex 30.8539 -18.0549 0
    endloop
  endfacet
  facet normal 0.500021 -0.866013 -1.74807e-05
    outer loop
      vertex 36.8901 -14.6704 11.7452
      vertex 34.1658 -16.2433 8.56297
      vertex 34.8764 -15.833 7.98278
    endloop
  endfacet
  facet normal -0.615872 -0.355587 0.703036
    outer loop
      vertex 36.8901 -14.6704 11.7452
      vertex 34.8533 -12.1524 11.2345
      vertex 34.9593 -13.0954 10.8504
    endloop
  endfacet
  facet normal -0.615832 -0.355543 0.703093
    outer loop
      vertex 36.8901 -14.6704 11.7452
      vertex 34.6231 -11.1972 11.5159
      vertex 34.8533 -12.1524 11.2345
    endloop
  endfacet
  facet normal -0.615922 -0.355609 0.702981
    outer loop
      vertex 36.8901 -14.6704 11.7452
      vertex 34.2741 -10.2535 11.6875
      vertex 34.6231 -11.1972 11.5159
    endloop
  endfacet
  facet normal -0.615769 -0.355516 0.703162
    outer loop
      vertex 36.8901 -14.6704 11.7452
      vertex 33.8151 -9.34437 11.7452
      vertex 34.2741 -10.2535 11.6875
    endloop
  endfacet
  facet normal 0 0 1
    outer loop
      vertex 30.7401 -4.01831 11.7452
      vertex 33.8151 -9.34437 11.7452
      vertex 36.8901 -14.6704 11.7452
    endloop
  endfacet
  facet normal -0.615969 -0.355629 0.70293
    outer loop
      vertex 30.7401 -4.01831 11.7452
      vertex 33.2573 -8.49228 11.6875
      vertex 33.8151 -9.34437 11.7452
    endloop
  endfacet
  facet normal -0.615734 -0.355501 0.703201
    outer loop
      vertex 30.7401 -4.01831 11.7452
      vertex 32.6144 -7.7182 11.5159
      vertex 33.2573 -8.49228 11.6875
    endloop
  endfacet
  facet normal -0.615944 -0.355593 0.70297
    outer loop
      vertex 30.7401 -4.01831 11.7452
      vertex 31.9024 -7.0412 11.2345
      vertex 32.6144 -7.7182 11.5159
    endloop
  endfacet
  facet normal -0.615855 -0.355574 0.703058
    outer loop
      vertex 30.7401 -4.01831 11.7452
      vertex 31.1387 -6.47793 10.8504
      vertex 31.9024 -7.0412 11.2345
    endloop
  endfacet
  facet normal -0.615938 -0.355563 0.702991
    outer loop
      vertex 30.7401 -4.01831 11.7452
      vertex 30.3421 -6.04226 10.3728
      vertex 31.1387 -6.47793 10.8504
    endloop
  endfacet
  facet normal -0.615905 -0.355582 0.703009
    outer loop
      vertex 30.7401 -4.01831 11.7452
      vertex 29.5323 -5.74492 9.81373
      vertex 30.3421 -6.04226 10.3728
    endloop
  endfacet
  facet normal -0.615874 -0.355615 0.70302
    outer loop
      vertex 30.7401 -4.01831 11.7452
      vertex 28.7291 -5.59324 9.18682
      vertex 29.5323 -5.74492 9.81373
    endloop
  endfacet
  facet normal -0.615967 -0.355478 0.703008
    outer loop
      vertex 28.7291 -5.59324 9.18682
      vertex 30.7401 -4.01831 11.7452
      vertex 28.0159 -5.59115 8.56298
    endloop
  endfacet
  facet normal -0.615894 -0.35564 0.70299
    outer loop
      vertex 34.9383 -14.0031 10.3728
      vertex 36.8901 -14.6704 11.7452
      vertex 34.9593 -13.0954 10.8504
    endloop
  endfacet
  facet normal -0.615894 -0.35559 0.703015
    outer loop
      vertex 34.7909 -14.8531 9.81373
      vertex 36.8901 -14.6704 11.7452
      vertex 34.9383 -14.0031 10.3728
    endloop
  endfacet
  facet normal -0.615891 -0.355602 0.703012
    outer loop
      vertex 34.5207 -15.6245 9.18682
      vertex 36.8901 -14.6704 11.7452
      vertex 34.7909 -14.8531 9.81373
    endloop
  endfacet
  facet normal -0.615942 -0.355497 0.70302
    outer loop
      vertex 36.8901 -14.6704 11.7452
      vertex 34.5207 -15.6245 9.18682
      vertex 34.1658 -16.2433 8.56297
    endloop
  endfacet
  facet normal -0.61587 -0.355569 0.703047
    outer loop
      vertex 22.543 -8.75092 2.16991
      vertex 28.0727 -18.6647 2
      vertex 28.336 -18.7848 2.16991
    endloop
  endfacet
  facet normal -0.615831 -0.355548 0.703092
    outer loop
      vertex 28.0727 -18.6647 2
      vertex 22.543 -8.75092 2.16991
      vertex 22.3975 -8.8349 2
    endloop
  endfacet
  facet normal -0.615766 -0.355829 0.703006
    outer loop
      vertex 30.8738 -11.5855 8.03476
      vertex 31.6726 -11.1243 8.96787
      vertex 31.6595 -11.0082 9.01516
    endloop
  endfacet
  facet normal -0.615931 -0.355544 0.703006
    outer loop
      vertex 31.6726 -11.1243 8.96787
      vertex 30.8738 -11.5855 8.03476
      vertex 31.67 -11.236 8.9091
    endloop
  endfacet
  facet normal -0.615945 -0.35554 0.702995
    outer loop
      vertex 30.7798 -11.5162 7.98747
      vertex 31.6595 -11.0082 9.01516
      vertex 31.6312 -10.8907 9.04979
    endloop
  endfacet
  facet normal -0.61599 -0.355427 0.703014
    outer loop
      vertex 30.9718 -11.6391 8.09353
      vertex 31.67 -11.236 8.9091
      vertex 30.8738 -11.5855 8.03476
    endloop
  endfacet
  facet normal -0.61584 -0.355671 0.703022
    outer loop
      vertex 30.6921 -11.4329 7.95284
      vertex 31.6312 -10.8907 9.04979
      vertex 31.5882 -10.7745 9.07091
    endloop
  endfacet
  facet normal -0.616078 -0.355275 0.703014
    outer loop
      vertex 31.67 -11.236 8.9091
      vertex 30.9718 -11.6391 8.09353
      vertex 31.6518 -11.3406 8.84029
    endloop
  endfacet
  facet normal -0.615905 -0.355585 0.703008
    outer loop
      vertex 30.613 -11.3376 7.93172
      vertex 31.5882 -10.7745 9.07091
      vertex 31.5317 -10.6626 9.07801
    endloop
  endfacet
  facet normal -0.615799 -0.355824 0.70298
    outer loop
      vertex 31.0715 -11.6757 8.16234
      vertex 31.6518 -11.3406 8.84029
      vertex 30.9718 -11.6391 8.09353
    endloop
  endfacet
  facet normal -0.615942 -0.355557 0.70299
    outer loop
      vertex 30.5444 -11.2327 7.92462
      vertex 31.5317 -10.6626 9.07801
      vertex 31.4631 -10.5578 9.07091
    endloop
  endfacet
  facet normal -0.615844 -0.355746 0.70298
    outer loop
      vertex 31.6518 -11.3406 8.84029
      vertex 31.0715 -11.6757 8.16234
      vertex 31.6186 -11.4356 8.76313
    endloop
  endfacet
  facet normal -0.615984 -0.355479 0.702993
    outer loop
      vertex 30.4879 -11.1208 7.93172
      vertex 31.4631 -10.5578 9.07091
      vertex 31.384 -10.4625 9.04979
    endloop
  endfacet
  facet normal -0.616232 -0.354981 0.703027
    outer loop
      vertex 31.1703 -11.6944 8.2395
      vertex 31.6186 -11.4356 8.76313
      vertex 31.0715 -11.6757 8.16234
    endloop
  endfacet
  facet normal -0.615684 -0.35594 0.703022
    outer loop
      vertex 30.4449 -11.0047 7.95284
      vertex 31.384 -10.4625 9.04979
      vertex 31.2963 -10.3792 9.01516
    endloop
  endfacet
  facet normal -0.616029 -0.355333 0.703027
    outer loop
      vertex 31.6186 -11.4356 8.76313
      vertex 31.1703 -11.6944 8.2395
      vertex 31.571 -11.5185 8.67952
    endloop
  endfacet
  facet normal -0.615881 -0.355686 0.702978
    outer loop
      vertex 30.4166 -10.8871 7.98747
      vertex 31.2963 -10.3792 9.01516
      vertex 31.2023 -10.3099 8.96787
    endloop
  endfacet
  facet normal -0.615881 -0.355625 0.703009
    outer loop
      vertex 31.2659 -11.6947 8.3231
      vertex 31.571 -11.5185 8.67952
      vertex 31.1703 -11.6944 8.2395
    endloop
  endfacet
  facet normal -0.616182 -0.355146 0.702987
    outer loop
      vertex 30.4035 -10.771 8.03476
      vertex 31.2023 -10.3099 8.96787
      vertex 31.1043 -10.2562 8.9091
    endloop
  endfacet
  facet normal -0.615322 -0.356592 0.703008
    outer loop
      vertex 31.571 -11.5185 8.67952
      vertex 31.2659 -11.6947 8.3231
      vertex 31.5104 -11.5874 8.59153
    endloop
  endfacet
  facet normal -0.615799 -0.355758 0.703014
    outer loop
      vertex 30.4061 -10.6593 8.09353
      vertex 31.1043 -10.2562 8.9091
      vertex 31.0046 -10.2196 8.84029
    endloop
  endfacet
  facet normal -0.616641 -0.35357 0.703379
    outer loop
      vertex 31.4381 -11.6405 8.50131
      vertex 31.2659 -11.6947 8.3231
      vertex 31.3559 -11.6766 8.4111
    endloop
  endfacet
  facet normal -0.615946 -0.35557 0.70298
    outer loop
      vertex 30.4243 -10.5547 8.16234
      vertex 31.0046 -10.2196 8.84029
      vertex 30.9058 -10.201 8.76313
    endloop
  endfacet
  facet normal -0.615262 -0.35671 0.703001
    outer loop
      vertex 31.5104 -11.5874 8.59153
      vertex 31.2659 -11.6947 8.3231
      vertex 31.4381 -11.6405 8.50131
    endloop
  endfacet
  facet normal -0.61597 -0.355436 0.703027
    outer loop
      vertex 30.4575 -10.4598 8.2395
      vertex 30.9058 -10.201 8.76313
      vertex 30.8102 -10.2007 8.67952
    endloop
  endfacet
  facet normal -0.615874 -0.355664 0.702995
    outer loop
      vertex 31.6595 -11.0082 9.01516
      vertex 30.7798 -11.5162 7.98747
      vertex 30.8738 -11.5855 8.03476
    endloop
  endfacet
  facet normal -0.615739 -0.355872 0.703009
    outer loop
      vertex 30.5051 -10.3769 8.3231
      vertex 30.8102 -10.2007 8.67952
      vertex 30.7202 -10.2188 8.59153
    endloop
  endfacet
  facet normal -0.615684 -0.35594 0.703022
    outer loop
      vertex 31.6312 -10.8907 9.04979
      vertex 30.6921 -11.4329 7.95284
      vertex 30.7798 -11.5162 7.98747
    endloop
  endfacet
  facet normal -0.616472 -0.354747 0.702934
    outer loop
      vertex 30.5051 -10.3769 8.3231
      vertex 30.7202 -10.2188 8.59153
      vertex 30.6381 -10.2549 8.50131
    endloop
  endfacet
  facet normal -0.615973 -0.355466 0.703008
    outer loop
      vertex 31.5882 -10.7745 9.07091
      vertex 30.613 -11.3376 7.93172
      vertex 30.6921 -11.4329 7.95284
    endloop
  endfacet
  facet normal -0.616693 -0.354446 0.702893
    outer loop
      vertex 30.5051 -10.3769 8.3231
      vertex 30.6381 -10.2549 8.50131
      vertex 30.5658 -10.308 8.4111
    endloop
  endfacet
  facet normal -0.616084 -0.355311 0.70299
    outer loop
      vertex 31.5317 -10.6626 9.07801
      vertex 30.5444 -11.2327 7.92462
      vertex 30.613 -11.3376 7.93172
    endloop
  endfacet
  facet normal -0.616149 -0.355161 0.703009
    outer loop
      vertex 30.8102 -10.2007 8.67952
      vertex 30.5051 -10.3769 8.3231
      vertex 30.4575 -10.4598 8.2395
    endloop
  endfacet
  facet normal -0.615919 -0.355591 0.702993
    outer loop
      vertex 31.4631 -10.5578 9.07091
      vertex 30.4879 -11.1208 7.93172
      vertex 30.5444 -11.2327 7.92462
    endloop
  endfacet
  facet normal -0.615478 -0.356287 0.703027
    outer loop
      vertex 30.9058 -10.201 8.76313
      vertex 30.4575 -10.4598 8.2395
      vertex 30.4243 -10.5547 8.16234
    endloop
  endfacet
  facet normal -0.615694 -0.355923 0.703022
    outer loop
      vertex 31.384 -10.4625 9.04979
      vertex 30.4449 -11.0047 7.95284
      vertex 30.4879 -11.1208 7.93172
    endloop
  endfacet
  facet normal -0.616135 -0.355242 0.70298
    outer loop
      vertex 31.0046 -10.2196 8.84029
      vertex 30.4243 -10.5547 8.16234
      vertex 30.4061 -10.6593 8.09353
    endloop
  endfacet
  facet normal -0.616119 -0.355274 0.702978
    outer loop
      vertex 31.2963 -10.3792 9.01516
      vertex 30.4166 -10.8871 7.98747
      vertex 30.4449 -11.0047 7.95284
    endloop
  endfacet
  facet normal -0.61592 -0.355548 0.703014
    outer loop
      vertex 31.1043 -10.2562 8.9091
      vertex 30.4061 -10.6593 8.09353
      vertex 30.4035 -10.771 8.03476
    endloop
  endfacet
  facet normal -0.615791 -0.355824 0.702987
    outer loop
      vertex 31.2023 -10.3099 8.96787
      vertex 30.4035 -10.771 8.03476
      vertex 30.4166 -10.8871 7.98747
    endloop
  endfacet
  facet normal -0.499964 0.866046 8.34741e-05
    outer loop
      vertex 22.4389 -8.811 2
      vertex 22.3975 -8.8349 2
      vertex 22.543 -8.75092 2.16991
    endloop
  endfacet
  facet normal -0.500182 0.865921 0.000201111
    outer loop
      vertex 28.0957 -5.54504 8.49778
      vertex 28.0159 -5.59115 8.56298
      vertex 30.7401 -4.01831 11.7452
    endloop
  endfacet
  facet normal -0.500008 0.866021 1.26093e-05
    outer loop
      vertex 28.7264 -5.18089 7.9828
      vertex 28.0957 -5.54504 8.49778
      vertex 30.7401 -4.01831 11.7452
    endloop
  endfacet
  facet normal 0.499949 0.288643 0.816539
    outer loop
      vertex 31.9105 -4.78808 11.3007
      vertex 30.7401 -4.01831 11.7452
      vertex 37.2039 -13.9566 11.3007
    endloop
  endfacet
  facet normal 0.499972 0.288697 0.816506
    outer loop
      vertex 30.7401 -4.01831 11.7452
      vertex 31.9105 -4.78808 11.3007
      vertex 31.2845 -3.70396 11.3007
    endloop
  endfacet
  facet normal 0.50003 0.288628 0.816495
    outer loop
      vertex 37.2039 -13.9566 11.3007
      vertex 36.8901 -14.6704 11.7452
      vertex 37.4345 -14.3561 11.3007
    endloop
  endfacet
  facet normal 0.499978 0.288663 0.816514
    outer loop
      vertex 36.8901 -14.6704 11.7452
      vertex 37.2039 -13.9566 11.3007
      vertex 30.7401 -4.01831 11.7452
    endloop
  endfacet
  facet normal 0.499991 -0.866031 3.98097e-06
    outer loop
      vertex 34.8764 -15.833 7.98278
      vertex 37.4345 -14.3561 11.3007
      vertex 36.8901 -14.6704 11.7452
    endloop
  endfacet
  facet normal 0.500007 -0.866021 -1.22566e-05
    outer loop
      vertex 37.4345 -14.3561 11.3007
      vertex 34.8764 -15.833 7.98278
      vertex 35.2273 -15.6304 7.69628
    endloop
  endfacet
  facet normal -0.500031 0.866008 2.88468e-05
    outer loop
      vertex 31.2845 -3.70396 11.3007
      vertex 28.7264 -5.18089 7.9828
      vertex 30.7401 -4.01831 11.7452
    endloop
  endfacet
  facet normal -0.499998 0.866026 -4.22617e-06
    outer loop
      vertex 28.7264 -5.18089 7.9828
      vertex 31.2845 -3.70396 11.3007
      vertex 29.0773 -4.9783 7.6963
    endloop
  endfacet
  facet normal 0 -0.5773 0.816532
    outer loop
      vertex -31.15 -24.6125 11.7452
      vertex -18.85 -25.2412 11.3007
      vertex -18.85 -24.6125 11.7452
    endloop
  endfacet
  facet normal 0 -0.5773 0.816532
    outer loop
      vertex -18.85 -25.2412 11.3007
      vertex -31.15 -24.6125 11.7452
      vertex -31.15 -25.2412 11.3007
    endloop
  endfacet
  facet normal -1 0 0
    outer loop
      vertex -31.15 -22.6925 7.69628
      vertex -31.15 -24.6125 11.7452
      vertex -31.15 -21.4669 8.56297
    endloop
  endfacet
  facet normal -1 0 -0
    outer loop
      vertex -31.15 -24.6125 11.7452
      vertex -31.15 -22.6925 7.69628
      vertex -31.15 -25.2412 11.3007
    endloop
  endfacet
  facet normal 0 0 0
    outer loop
      vertex -18.85 -24.6125 11.7452
      vertex -25 -24.6125 11.7452
      vertex -31.15 -24.6125 11.7452
    endloop
  endfacet
  facet normal 0 0.711409 0.702778
    outer loop
      vertex -18.85 -24.6125 11.7452
      vertex -23.9832 -24.5555 11.6875
      vertex -25 -24.6125 11.7452
    endloop
  endfacet
  facet normal -7.95128e-06 0.711055 0.703136
    outer loop
      vertex -18.85 -24.6125 11.7452
      vertex -22.9914 -24.3858 11.5159
      vertex -23.9832 -24.5555 11.6875
    endloop
  endfacet
  facet normal 1.2897e-05 0.711243 0.702946
    outer loop
      vertex -18.85 -24.6125 11.7452
      vertex -22.0491 -24.1077 11.2345
      vertex -22.9914 -24.3858 11.5159
    endloop
  endfacet
  facet normal -2.98313e-05 0.71111 0.703081
    outer loop
      vertex -18.85 -24.6125 11.7452
      vertex -21.1794 -23.7279 10.8504
      vertex -22.0491 -24.1077 11.2345
    endloop
  endfacet
  facet normal 5.48652e-05 0.71122 0.70297
    outer loop
      vertex -18.85 -24.6125 11.7452
      vertex -20.4038 -23.2559 10.3728
      vertex -21.1794 -23.7279 10.8504
    endloop
  endfacet
  facet normal -3.64505e-05 0.711168 0.703022
    outer loop
      vertex -18.85 -24.6125 11.7452
      vertex -19.7414 -22.7032 9.81373
      vertex -20.4038 -23.2559 10.3728
    endloop
  endfacet
  facet normal 1.22257e-05 0.711179 0.703011
    outer loop
      vertex -18.85 -24.6125 11.7452
      vertex -19.2084 -22.0835 9.18682
      vertex -19.7414 -22.7032 9.81373
    endloop
  endfacet
  facet normal 0.00012113 0.711187 0.703003
    outer loop
      vertex -19.2084 -22.0835 9.18682
      vertex -18.85 -24.6125 11.7452
      vertex -18.85 -21.4669 8.56298
    endloop
  endfacet
  facet normal 0 0.711409 0.702778
    outer loop
      vertex -26.0168 -24.5555 11.6875
      vertex -31.15 -24.6125 11.7452
      vertex -25 -24.6125 11.7452
    endloop
  endfacet
  facet normal 7.95128e-06 0.711055 0.703136
    outer loop
      vertex -27.0086 -24.3858 11.5159
      vertex -31.15 -24.6125 11.7452
      vertex -26.0168 -24.5555 11.6875
    endloop
  endfacet
  facet normal -1.2897e-05 0.711243 0.702946
    outer loop
      vertex -27.9509 -24.1077 11.2345
      vertex -31.15 -24.6125 11.7452
      vertex -27.0086 -24.3858 11.5159
    endloop
  endfacet
  facet normal 2.98313e-05 0.71111 0.703081
    outer loop
      vertex -28.8206 -23.7279 10.8504
      vertex -31.15 -24.6125 11.7452
      vertex -27.9509 -24.1077 11.2345
    endloop
  endfacet
  facet normal -5.48652e-05 0.71122 0.70297
    outer loop
      vertex -29.5962 -23.2559 10.3728
      vertex -31.15 -24.6125 11.7452
      vertex -28.8206 -23.7279 10.8504
    endloop
  endfacet
  facet normal 3.64505e-05 0.711168 0.703022
    outer loop
      vertex -30.2586 -22.7032 9.81373
      vertex -31.15 -24.6125 11.7452
      vertex -29.5962 -23.2559 10.3728
    endloop
  endfacet
  facet normal -1.22272e-05 0.711179 0.703011
    outer loop
      vertex -30.7915 -22.0835 9.18682
      vertex -31.15 -24.6125 11.7452
      vertex -30.2586 -22.7032 9.81373
    endloop
  endfacet
  facet normal -0.000136862 0.711188 0.703002
    outer loop
      vertex -31.15 -24.6125 11.7452
      vertex -30.7915 -22.0835 9.18682
      vertex -31.15 -21.4669 8.56297
    endloop
  endfacet
  facet normal -0 0.711302 0.702887
    outer loop
      vertex -30.2004 -14.9794 2
      vertex -18.85 -15.1473 2.16991
      vertex -18.85 -14.9794 2
    endloop
  endfacet
  facet normal 0 0.711302 0.702887
    outer loop
      vertex -18.85 -15.1473 2.16991
      vertex -30.2004 -14.9794 2
      vertex -30.4361 -15.1473 2.16991
    endloop
  endfacet
  facet normal 0.000106904 0.711161 0.703029
    outer loop
      vertex -25 -20.8358 7.92462
      vertex -25 -21.976 9.07801
      vertex -24.8749 -21.969 9.07091
    endloop
  endfacet
  facet normal -0.000132113 0.711181 0.703009
    outer loop
      vertex -24.8749 -20.8429 7.93172
      vertex -24.8749 -21.969 9.07091
      vertex -24.7528 -21.9481 9.04979
    endloop
  endfacet
  facet normal -0.000106904 0.711161 0.703029
    outer loop
      vertex -25 -21.976 9.07801
      vertex -25 -20.8358 7.92462
      vertex -25.1251 -21.969 9.07091
    endloop
  endfacet
  facet normal -0.000405825 0.711163 0.703027
    outer loop
      vertex -24.7528 -20.8637 7.95284
      vertex -24.7528 -21.9481 9.04979
      vertex -24.6368 -21.9138 9.01516
    endloop
  endfacet
  facet normal -0.000463793 0.711181 0.703009
    outer loop
      vertex -25.1251 -20.8429 7.93172
      vertex -25.1251 -21.969 9.07091
      vertex -25 -20.8358 7.92462
    endloop
  endfacet
  facet normal 0.000284961 0.711209 0.702981
    outer loop
      vertex -24.6368 -20.898 7.98747
      vertex -24.6368 -21.9138 9.01516
      vertex -24.5298 -21.8671 8.96787
    endloop
  endfacet
  facet normal 0.000132113 0.711181 0.703009
    outer loop
      vertex -25.1251 -21.969 9.07091
      vertex -25.1251 -20.8429 7.93172
      vertex -25.2472 -21.9481 9.04979
    endloop
  endfacet
  facet normal -3.38621e-05 0.711176 0.703014
    outer loop
      vertex -24.5298 -20.9447 8.03476
      vertex -24.5298 -21.8671 8.96787
      vertex -24.4343 -21.809 8.9091
    endloop
  endfacet
  facet normal 0.000456461 0.711163 0.703027
    outer loop
      vertex -25.2472 -20.8637 7.95284
      vertex -25.2472 -21.9481 9.04979
      vertex -25.1251 -20.8429 7.93172
    endloop
  endfacet
  facet normal 0.000169714 0.71118 0.70301
    outer loop
      vertex -24.4343 -21.0028 8.09353
      vertex -24.4343 -21.809 8.9091
      vertex -24.3528 -21.741 8.84029
    endloop
  endfacet
  facet normal 0.000405825 0.711163 0.703027
    outer loop
      vertex -25.2472 -21.9481 9.04979
      vertex -25.2472 -20.8637 7.95284
      vertex -25.3632 -21.9138 9.01516
    endloop
  endfacet
  facet normal -0.000239108 0.71116 0.70303
    outer loop
      vertex -24.3528 -21.0708 8.16234
      vertex -24.3528 -21.741 8.84029
      vertex -24.2872 -21.6647 8.76313
    endloop
  endfacet
  facet normal -0.000433203 0.711209 0.702981
    outer loop
      vertex -25.3632 -20.898 7.98747
      vertex -25.3632 -21.9138 9.01516
      vertex -25.2472 -20.8637 7.95284
    endloop
  endfacet
  facet normal 0.000698846 0.71119 0.703
    outer loop
      vertex -24.2872 -21.1471 8.2395
      vertex -24.2872 -21.6647 8.76313
      vertex -24.2392 -21.5821 8.67952
    endloop
  endfacet
  facet normal -0.000284961 0.711209 0.702981
    outer loop
      vertex -25.3632 -21.9138 9.01516
      vertex -25.3632 -20.898 7.98747
      vertex -25.4702 -21.8671 8.96787
    endloop
  endfacet
  facet normal -5.86325e-05 0.711106 0.703085
    outer loop
      vertex -24.2392 -21.2297 8.3231
      vertex -24.2392 -21.5821 8.67952
      vertex -24.2098 -21.4951 8.59153
    endloop
  endfacet
  facet normal 0.000313831 0.711176 0.703014
    outer loop
      vertex -25.4702 -20.9447 8.03476
      vertex -25.4702 -21.8671 8.96787
      vertex -25.3632 -20.898 7.98747
    endloop
  endfacet
  facet normal 5.8148e-05 0.711112 0.703079
    outer loop
      vertex -24.2392 -21.2297 8.3231
      vertex -24.2098 -21.4951 8.59153
      vertex -24.2 -21.4059 8.50131
    endloop
  endfacet
  facet normal 3.38621e-05 0.711176 0.703014
    outer loop
      vertex -25.4702 -21.8671 8.96787
      vertex -25.4702 -20.9447 8.03476
      vertex -25.5657 -21.809 8.9091
    endloop
  endfacet
  facet normal -0.000528387 0.711047 0.703144
    outer loop
      vertex -24.2392 -21.2297 8.3231
      vertex -24.2 -21.4059 8.50131
      vertex -24.2098 -21.3167 8.4111
    endloop
  endfacet
  facet normal -3.87425e-05 0.71118 0.70301
    outer loop
      vertex -25.5657 -21.0028 8.09353
      vertex -25.5657 -21.809 8.9091
      vertex -25.4702 -20.9447 8.03476
    endloop
  endfacet
  facet normal -0.00084577 0.711105 0.703085
    outer loop
      vertex -24.2392 -21.5821 8.67952
      vertex -24.2392 -21.2297 8.3231
      vertex -24.2872 -21.1471 8.2395
    endloop
  endfacet
  facet normal -0.000169714 0.71118 0.70301
    outer loop
      vertex -25.5657 -21.809 8.9091
      vertex -25.5657 -21.0028 8.09353
      vertex -25.6472 -21.741 8.84029
    endloop
  endfacet
  facet normal 0.000309589 0.71119 0.703
    outer loop
      vertex -24.2872 -21.6647 8.76313
      vertex -24.2872 -21.1471 8.2395
      vertex -24.3528 -21.0708 8.16234
    endloop
  endfacet
  facet normal 0.000463793 0.711181 0.703009
    outer loop
      vertex -24.8749 -21.969 9.07091
      vertex -24.8749 -20.8429 7.93172
      vertex -25 -20.8358 7.92462
    endloop
  endfacet
  facet normal -0.00020416 0.71116 0.70303
    outer loop
      vertex -24.3528 -21.741 8.84029
      vertex -24.3528 -21.0708 8.16234
      vertex -24.4343 -21.0028 8.09353
    endloop
  endfacet
  facet normal 0.00020416 0.71116 0.70303
    outer loop
      vertex -25.6472 -21.0708 8.16234
      vertex -25.6472 -21.741 8.84029
      vertex -25.5657 -21.0028 8.09353
    endloop
  endfacet
  facet normal 3.87425e-05 0.71118 0.70301
    outer loop
      vertex -24.4343 -21.809 8.9091
      vertex -24.4343 -21.0028 8.09353
      vertex -24.5298 -20.9447 8.03476
    endloop
  endfacet
  facet normal 0.000239108 0.71116 0.70303
    outer loop
      vertex -25.6472 -21.741 8.84029
      vertex -25.6472 -21.0708 8.16234
      vertex -25.7128 -21.6647 8.76313
    endloop
  endfacet
  facet normal -0.000313831 0.711176 0.703014
    outer loop
      vertex -24.5298 -21.8671 8.96787
      vertex -24.5298 -20.9447 8.03476
      vertex -24.6368 -20.898 7.98747
    endloop
  endfacet
  facet normal -0.000456461 0.711163 0.703027
    outer loop
      vertex -24.7528 -21.9481 9.04979
      vertex -24.7528 -20.8637 7.95284
      vertex -24.8749 -20.8429 7.93172
    endloop
  endfacet
  facet normal 0.000433203 0.711209 0.702981
    outer loop
      vertex -24.6368 -21.9138 9.01516
      vertex -24.6368 -20.898 7.98747
      vertex -24.7528 -20.8637 7.95284
    endloop
  endfacet
  facet normal -0.000309589 0.71119 0.703
    outer loop
      vertex -25.7128 -21.1471 8.2395
      vertex -25.7128 -21.6647 8.76313
      vertex -25.6472 -21.0708 8.16234
    endloop
  endfacet
  facet normal 0.00084577 0.711105 0.703085
    outer loop
      vertex -25.7608 -21.2297 8.3231
      vertex -25.7608 -21.5821 8.67952
      vertex -25.7128 -21.1471 8.2395
    endloop
  endfacet
  facet normal 0.000533701 0.711047 0.703144
    outer loop
      vertex -25.8 -21.4059 8.50131
      vertex -25.7608 -21.2297 8.3231
      vertex -25.7901 -21.3167 8.4111
    endloop
  endfacet
  facet normal -5.79525e-05 0.711112 0.703079
    outer loop
      vertex -25.7901 -21.4951 8.59153
      vertex -25.7608 -21.2297 8.3231
      vertex -25.8 -21.4059 8.50131
    endloop
  endfacet
  facet normal 5.88326e-05 0.711106 0.703085
    outer loop
      vertex -25.7608 -21.5821 8.67952
      vertex -25.7608 -21.2297 8.3231
      vertex -25.7901 -21.4951 8.59153
    endloop
  endfacet
  facet normal -0.000698846 0.71119 0.703
    outer loop
      vertex -25.7128 -21.6647 8.76313
      vertex -25.7128 -21.1471 8.2395
      vertex -25.7608 -21.5821 8.67952
    endloop
  endfacet
  facet normal 1 0 0
    outer loop
      vertex -18.85 -24.6125 11.7452
      vertex -18.85 -22.6925 7.6963
      vertex -18.85 -21.4669 8.56298
    endloop
  endfacet
  facet normal 1 0 0
    outer loop
      vertex -18.85 -22.6925 7.6963
      vertex -18.85 -24.6125 11.7452
      vertex -18.85 -25.2412 11.3007
    endloop
  endfacet
  facet normal 1 0 0
    outer loop
      vertex -18.85 -14.9794 2
      vertex -18.85 -15.1473 2.16991
      vertex -18.85 -15.0272 2
    endloop
  endfacet
  facet normal 0.499965 0.866045 -2.29165e-05
    outer loop
      vertex -15.9842 16.3299 7.56816
      vertex -17.9901 17.488 11.337
      vertex -15.3294 15.9519 8.10281
    endloop
  endfacet
  facet normal -0.500121 -0.865956 -9.13734e-05
    outer loop
      vertex -16.0475 2.16362 2
      vertex -16.1587 2.22783 2.114
      vertex -16.0889 2.18753 2
    endloop
  endfacet
  facet normal -0.500018 -0.866015 -1.97706e-05
    outer loop
      vertex -21.7699 5.46743 7.86568
      vertex -24.6203 7.11312 10.7875
      vertex -22.4773 5.87588 7.28805
    endloop
  endfacet
  facet normal 0.500223 0.865897 0.00025919
    outer loop
      vertex -15.3294 15.9519 8.10281
      vertex -17.9901 17.488 11.337
      vertex -15.246 15.9037 8.17094
    endloop
  endfacet
  facet normal 0.499873 0.866098 -0.000337259
    outer loop
      vertex -9.93891 12.8396 2
      vertex -10.0386 12.8972 2.16279
      vertex -9.8975 12.8157 2
    endloop
  endfacet
  facet normal 0.611869 -0.353547 0.707546
    outer loop
      vertex -17.5835 15.4591 9.97158
      vertex -17.9901 17.488 11.337
      vertex -17.7233 15.3833 10.0546
    endloop
  endfacet
  facet normal 0.612136 -0.35339 0.707393
    outer loop
      vertex -16.7702 15.7544 9.41532
      vertex -17.9901 17.488 11.337
      vertex -17.5835 15.4591 9.97158
    endloop
  endfacet
  facet normal 0.612151 -0.353374 0.707388
    outer loop
      vertex -15.9632 15.9038 8.7916
      vertex -17.9901 17.488 11.337
      vertex -16.7702 15.7544 9.41532
    endloop
  endfacet
  facet normal 0.612122 -0.353417 0.707391
    outer loop
      vertex -17.9901 17.488 11.337
      vertex -15.9632 15.9038 8.7916
      vertex -15.246 15.9037 8.17094
    endloop
  endfacet
  facet normal 0.612078 -0.353385 0.707446
    outer loop
      vertex -16.0814 2.4308 2.16279
      vertex -9.8975 12.8157 2
      vertex -10.0386 12.8972 2.16279
    endloop
  endfacet
  facet normal 0.612074 -0.353382 0.707451
    outer loop
      vertex -9.8975 12.8157 2
      vertex -16.0814 2.4308 2.16279
      vertex -16.0475 2.16362 2
    endloop
  endfacet
  facet normal -0.500077 0.288719 0.816434
    outer loop
      vertex -18.5345 17.8023 10.8924
      vertex -24.1401 6.83587 11.337
      vertex -17.9901 17.488 11.337
    endloop
  endfacet
  facet normal -0.500063 0.288713 0.816445
    outer loop
      vertex -24.1401 6.83587 11.337
      vertex -18.5345 17.8023 10.8924
      vertex -24.6845 7.15022 10.8924
    endloop
  endfacet
  facet normal 0.499991 0.86603 -4.49259e-06
    outer loop
      vertex -15.9842 16.3299 7.56816
      vertex -18.5345 17.8023 10.8924
      vertex -17.9901 17.488 11.337
    endloop
  endfacet
  facet normal 0.500011 0.866019 1.58688e-05
    outer loop
      vertex -18.5345 17.8023 10.8924
      vertex -15.9842 16.3299 7.56816
      vertex -16.3273 16.528 7.28803
    endloop
  endfacet
  facet normal -0.500147 -0.86594 0.000161459
    outer loop
      vertex -24.6203 7.11312 10.7875
      vertex -24.1401 6.83587 11.337
      vertex -24.6845 7.15022 10.8924
    endloop
  endfacet
  facet normal -0.500002 -0.866024 -7.34036e-06
    outer loop
      vertex -24.6203 7.11312 10.7875
      vertex -21.396 5.25158 8.17095
      vertex -24.1401 6.83587 11.337
    endloop
  endfacet
  facet normal -0.499981 -0.866037 2.85284e-05
    outer loop
      vertex -21.396 5.25158 8.17095
      vertex -24.6203 7.11312 10.7875
      vertex -21.7699 5.46743 7.86568
    endloop
  endfacet
  facet normal -0.500604 -0.865676 -0.000720664
    outer loop
      vertex -16.0475 2.16362 2
      vertex -16.1886 2.24508 2.16279
      vertex -16.1587 2.22783 2.114
    endloop
  endfacet
  facet normal 0.6122 -0.353381 0.707342
    outer loop
      vertex -17.9901 17.488 11.337
      vertex -18.3831 15.0251 10.4467
      vertex -17.7233 15.3833 10.0546
    endloop
  endfacet
  facet normal 0.612117 -0.353392 0.707409
    outer loop
      vertex -17.9901 17.488 11.337
      vertex -19.1492 14.4632 10.8289
      vertex -18.3831 15.0251 10.4467
    endloop
  endfacet
  facet normal 0.612036 -0.353374 0.707488
    outer loop
      vertex -17.9901 17.488 11.337
      vertex -19.863 13.7873 11.1088
      vertex -19.1492 14.4632 10.8289
    endloop
  endfacet
  facet normal 0.612207 -0.353449 0.707302
    outer loop
      vertex -17.9901 17.488 11.337
      vertex -20.5069 13.0138 11.2796
      vertex -19.863 13.7873 11.1088
    endloop
  endfacet
  facet normal 0.612006 -0.353339 0.707531
    outer loop
      vertex -17.9901 17.488 11.337
      vertex -21.0651 12.1619 11.337
      vertex -20.5069 13.0138 11.2796
    endloop
  endfacet
  facet normal 0.612096 -0.353377 0.707434
    outer loop
      vertex -22.1002 9.35207 10.8289
      vertex -24.1401 6.83587 11.337
      vertex -22.2037 8.40766 10.4467
    endloop
  endfacet
  facet normal 0.612147 -0.353433 0.707363
    outer loop
      vertex -21.8716 10.3082 11.1088
      vertex -24.1401 6.83587 11.337
      vertex -22.1002 9.35207 10.8289
    endloop
  endfacet
  facet normal 0.61215 -0.353435 0.707359
    outer loop
      vertex -21.5237 11.2526 11.2796
      vertex -24.1401 6.83587 11.337
      vertex -21.8716 10.3082 11.1088
    endloop
  endfacet
  facet normal 0.611876 -0.353269 0.707678
    outer loop
      vertex -21.0651 12.1619 11.337
      vertex -24.1401 6.83587 11.337
      vertex -21.5237 11.2526 11.2796
    endloop
  endfacet
  facet normal 0 0 1
    outer loop
      vertex -24.1401 6.83587 11.337
      vertex -21.0651 12.1619 11.337
      vertex -17.9901 17.488 11.337
    endloop
  endfacet
  facet normal 0.612118 -0.353424 0.707392
    outer loop
      vertex -21.7547 5.87258 8.7916
      vertex -24.1401 6.83587 11.337
      vertex -21.396 5.25158 8.17095
    endloop
  endfacet
  facet normal 0.612111 -0.353439 0.707391
    outer loop
      vertex -22.0288 6.64622 9.41532
      vertex -24.1401 6.83587 11.337
      vertex -21.7547 5.87258 8.7916
    endloop
  endfacet
  facet normal 0.612115 -0.353423 0.707394
    outer loop
      vertex -22.1797 7.49825 9.97158
      vertex -24.1401 6.83587 11.337
      vertex -22.0288 6.64622 9.41532
    endloop
  endfacet
  facet normal 0.612115 -0.353423 0.707394
    outer loop
      vertex -24.1401 6.83587 11.337
      vertex -22.1797 7.49825 9.97158
      vertex -22.2037 8.40766 10.4467
    endloop
  endfacet
  facet normal 0.612153 -0.353343 0.707402
    outer loop
      vertex -16.0814 2.4308 2.16279
      vertex -16.1886 2.24508 2.16279
      vertex -16.0475 2.16362 2
    endloop
  endfacet
  facet normal 0.61195 -0.353756 0.707371
    outer loop
      vertex -18.435 11.1864 8.57377
      vertex -17.6304 10.7219 7.64541
      vertex -17.6333 10.8338 7.70388
    endloop
  endfacet
  facet normal 0.612267 -0.353165 0.707392
    outer loop
      vertex -18.3366 11.2398 8.5153
      vertex -17.6333 10.8338 7.70388
      vertex -17.6519 10.9387 7.77235
    endloop
  endfacet
  facet normal 0.612395 -0.352985 0.707371
    outer loop
      vertex -17.6304 10.7219 7.64541
      vertex -18.435 11.1864 8.57377
      vertex -17.6431 10.6056 7.59837
    endloop
  endfacet
  facet normal 0.611933 -0.35375 0.707389
    outer loop
      vertex -18.2365 11.2762 8.44684
      vertex -17.6519 10.9387 7.77235
      vertex -17.6856 11.0339 7.84911
    endloop
  endfacet
  facet normal 0.612025 -0.353552 0.707408
    outer loop
      vertex -18.5293 11.1173 8.62082
      vertex -17.6431 10.6056 7.59837
      vertex -18.435 11.1864 8.57377
    endloop
  endfacet
  facet normal 0.612072 -0.353413 0.707437
    outer loop
      vertex -18.1372 11.2946 8.37007
      vertex -17.6856 11.0339 7.84911
      vertex -17.7337 11.1171 7.93229
    endloop
  endfacet
  facet normal 0.611772 -0.35399 0.707408
    outer loop
      vertex -17.6431 10.6056 7.59837
      vertex -18.5293 11.1173 8.62082
      vertex -17.6713 10.488 7.56391
    endloop
  endfacet
  facet normal 0.611578 -0.354199 0.707471
    outer loop
      vertex -18.0411 11.2946 8.28689
      vertex -17.7337 11.1171 7.93229
      vertex -17.7949 11.1863 8.01984
    endloop
  endfacet
  facet normal 0.611989 -0.353658 0.707386
    outer loop
      vertex -18.6172 11.0341 8.65527
      vertex -17.6713 10.488 7.56391
      vertex -18.5293 11.1173 8.62082
    endloop
  endfacet
  facet normal 0.61164 -0.354076 0.707479
    outer loop
      vertex -18.0411 11.2946 8.28689
      vertex -17.7949 11.1863 8.01984
      vertex -17.8678 11.2397 8.10959
    endloop
  endfacet
  facet normal 0.612297 -0.353125 0.707386
    outer loop
      vertex -17.6713 10.488 7.56391
      vertex -18.6172 11.0341 8.65527
      vertex -17.7141 10.3717 7.5429
    endloop
  endfacet
  facet normal 0.610324 -0.357059 0.707116
    outer loop
      vertex -18.0411 11.2946 8.28689
      vertex -17.8678 11.2397 8.10959
      vertex -17.9505 11.2761 8.19935
    endloop
  endfacet
  facet normal 0.612265 -0.353173 0.707389
    outer loop
      vertex -18.6964 10.9389 8.67629
      vertex -17.7141 10.3717 7.5429
      vertex -18.6172 11.0341 8.65527
    endloop
  endfacet
  facet normal 0.612357 -0.35285 0.707471
    outer loop
      vertex -17.7337 11.1171 7.93229
      vertex -18.0411 11.2946 8.28689
      vertex -18.1372 11.2946 8.37007
    endloop
  endfacet
  facet normal 0.612214 -0.353263 0.707389
    outer loop
      vertex -17.7141 10.3717 7.5429
      vertex -18.6964 10.9389 8.67629
      vertex -17.7705 10.2598 7.53583
    endloop
  endfacet
  facet normal 0.612331 -0.352964 0.707437
    outer loop
      vertex -17.6856 11.0339 7.84911
      vertex -18.1372 11.2946 8.37007
      vertex -18.2365 11.2762 8.44684
    endloop
  endfacet
  facet normal 0.61218 -0.353314 0.707393
    outer loop
      vertex -18.7651 10.834 8.68335
      vertex -17.7705 10.2598 7.53583
      vertex -18.6964 10.9389 8.67629
    endloop
  endfacet
  facet normal 0.612239 -0.353221 0.707389
    outer loop
      vertex -17.6519 10.9387 7.77235
      vertex -18.2365 11.2762 8.44684
      vertex -18.3366 11.2398 8.5153
    endloop
  endfacet
  facet normal 0.612126 -0.353408 0.707392
    outer loop
      vertex -17.6333 10.8338 7.70388
      vertex -18.3366 11.2398 8.5153
      vertex -18.435 11.1864 8.57377
    endloop
  endfacet
  facet normal 0.612068 -0.353509 0.707393
    outer loop
      vertex -17.7705 10.2598 7.53583
      vertex -18.7651 10.834 8.68335
      vertex -17.8392 10.155 7.5429
    endloop
  endfacet
  facet normal 0.611987 -0.353633 0.707401
    outer loop
      vertex -18.8216 10.7221 8.67629
      vertex -17.8392 10.155 7.5429
      vertex -18.7651 10.834 8.68335
    endloop
  endfacet
  facet normal 0.611978 -0.353649 0.707401
    outer loop
      vertex -17.8392 10.155 7.5429
      vertex -18.8216 10.7221 8.67629
      vertex -17.9185 10.0598 7.56391
    endloop
  endfacet
  facet normal 0.612123 -0.353426 0.707386
    outer loop
      vertex -18.8644 10.6059 8.65527
      vertex -17.9185 10.0598 7.56391
      vertex -18.8216 10.7221 8.67629
    endloop
  endfacet
  facet normal 0.612314 -0.353096 0.707386
    outer loop
      vertex -17.9185 10.0598 7.56391
      vertex -18.8644 10.6059 8.65527
      vertex -18.0063 9.97658 7.59837
    endloop
  endfacet
  facet normal 0.612235 -0.353216 0.707394
    outer loop
      vertex -18.8925 10.4882 8.62082
      vertex -18.0063 9.97658 7.59837
      vertex -18.8644 10.6059 8.65527
    endloop
  endfacet
  facet normal 0.612097 -0.353455 0.707394
    outer loop
      vertex -18.0063 9.97658 7.59837
      vertex -18.8925 10.4882 8.62082
      vertex -18.1006 9.90742 7.64541
    endloop
  endfacet
  facet normal 0.612178 -0.353332 0.707386
    outer loop
      vertex -18.9052 10.372 8.57377
      vertex -18.1006 9.90742 7.64541
      vertex -18.8925 10.4882 8.62082
    endloop
  endfacet
  facet normal 0.612146 -0.353386 0.707386
    outer loop
      vertex -18.1006 9.90742 7.64541
      vertex -18.9052 10.372 8.57377
      vertex -18.199 9.85401 7.70388
    endloop
  endfacet
  facet normal 0.612107 -0.353446 0.70739
    outer loop
      vertex -18.9023 10.26 8.5153
      vertex -18.199 9.85401 7.70388
      vertex -18.9052 10.372 8.57377
    endloop
  endfacet
  facet normal 0.612152 -0.353368 0.70739
    outer loop
      vertex -18.199 9.85401 7.70388
      vertex -18.9023 10.26 8.5153
      vertex -18.2991 9.81767 7.77235
    endloop
  endfacet
  facet normal 0.612086 -0.353469 0.707397
    outer loop
      vertex -18.8837 10.1552 8.44684
      vertex -18.2991 9.81767 7.77235
      vertex -18.9023 10.26 8.5153
    endloop
  endfacet
  facet normal 0.611771 -0.354014 0.707397
    outer loop
      vertex -18.2991 9.81767 7.77235
      vertex -18.8837 10.1552 8.44684
      vertex -18.3985 9.79928 7.84911
    endloop
  endfacet
  facet normal 0.611886 -0.353838 0.707385
    outer loop
      vertex -18.85 10.06 8.37007
      vertex -18.3985 9.79928 7.84911
      vertex -18.8837 10.1552 8.44684
    endloop
  endfacet
  facet normal 0.612208 -0.35328 0.707385
    outer loop
      vertex -18.3985 9.79928 7.84911
      vertex -18.85 10.06 8.37007
      vertex -18.4946 9.7993 7.93229
    endloop
  endfacet
  facet normal 0.612505 -0.352827 0.707355
    outer loop
      vertex -18.8019 9.97674 8.28689
      vertex -18.4946 9.7993 7.93229
      vertex -18.85 10.06 8.37007
    endloop
  endfacet
  facet normal 0.612474 -0.352879 0.707355
    outer loop
      vertex -18.4946 9.7993 7.93229
      vertex -18.8019 9.97674 8.28689
      vertex -18.5851 9.81772 8.01984
    endloop
  endfacet
  facet normal 0.612259 -0.353209 0.707377
    outer loop
      vertex -18.5851 9.81772 8.01984
      vertex -18.8019 9.97674 8.28689
      vertex -18.6678 9.85411 8.10959
    endloop
  endfacet
  facet normal 0.611364 -0.354426 0.707542
    outer loop
      vertex -18.6678 9.85411 8.10959
      vertex -18.8019 9.97674 8.28689
      vertex -18.7407 9.90755 8.19935
    endloop
  endfacet
  facet normal 0.707153 0.408184 -0.57734
    outer loop
      vertex 35.2273 -15.6304 7.69628
      vertex 37.2039 -13.9566 11.3007
      vertex 37.4345 -14.3561 11.3007
    endloop
  endfacet
  facet normal 0.707111 0.408247 -0.577346
    outer loop
      vertex 37.2039 -13.9566 11.3007
      vertex 35.2273 -15.6304 7.69628
      vertex 31.9105 -4.78808 11.3007
    endloop
  endfacet
  facet normal 0.7059 0.409761 -0.577756
    outer loop
      vertex 34.8279 -16.1727 6.82368
      vertex 35.2273 -15.6304 7.69628
      vertex 35.2048 -15.6802 7.63347
    endloop
  endfacet
  facet normal 0.707051 0.408306 -0.577378
    outer loop
      vertex 35.2273 -15.6304 7.69628
      vertex 34.8279 -16.1727 6.82368
      vertex 34.3595 -16.5356 5.99345
    endloop
  endfacet
  facet normal 0.707092 0.408248 -0.577369
    outer loop
      vertex 35.2273 -15.6304 7.69628
      vertex 34.3595 -16.5356 5.99345
      vertex 31.9105 -4.78808 11.3007
    endloop
  endfacet
  facet normal 0.707116 0.408242 -0.577343
    outer loop
      vertex 31.9105 -4.78808 11.3007
      vertex 34.3595 -16.5356 5.99345
      vertex 31.996 -17.9001 2.13385
    endloop
  endfacet
  facet normal 0.499979 0.288936 0.816417
    outer loop
      vertex 0.037267 35.4929 0.655798
      vertex 1.18215 35.3648 0
      vertex 1.08928 35.436 0.031676
    endloop
  endfacet
  facet normal 0.500017 0.288601 0.816512
    outer loop
      vertex 0.037267 35.4929 0.655798
      vertex 1.08928 35.436 0.031676
      vertex 0.813477 35.5858 0.147625
    endloop
  endfacet
  facet normal 0.49971 0.289826 0.816266
    outer loop
      vertex 0.037267 35.4929 0.655798
      vertex 0.813477 35.5858 0.147625
      vertex 0.784226 35.5961 0.161875
    endloop
  endfacet
  facet normal 0.499966 0.288587 0.816549
    outer loop
      vertex 0.5 35.76 0.277978
      vertex 0.784226 35.5961 0.161875
      vertex 0.713187 35.6874 0.173104
    endloop
  endfacet
  facet normal 0.499984 0.28873 0.816487
    outer loop
      vertex 0.5 35.76 0.277978
      vertex 0.713187 35.6874 0.173104
      vertex 0.597205 35.8098 0.200843
    endloop
  endfacet
  facet normal 0.500021 0.288753 0.816456
    outer loop
      vertex 0.5 35.809 0.260657
      vertex 0.597205 35.8098 0.200843
      vertex 0.558585 35.8428 0.212824
    endloop
  endfacet
  facet normal 0.500042 0.288621 0.81649
    outer loop
      vertex 0.597205 35.8098 0.200843
      vertex 0.5 35.809 0.260657
      vertex 0.5 35.76 0.277978
    endloop
  endfacet
  facet normal 0.500007 0.288706 0.816481
    outer loop
      vertex 0.784226 35.5961 0.161875
      vertex 0.5 35.76 0.277978
      vertex 0.037267 35.4929 0.655798
    endloop
  endfacet
  facet normal 0.499997 0.288673 0.8165
    outer loop
      vertex 1.18215 35.3648 0
      vertex 0.037267 35.4929 0.655798
      vertex 28.6527 -12.2157 0
    endloop
  endfacet
  facet normal 0.707092 0.408163 -0.577429
    outer loop
      vertex 7.81635 25.4674 3.18538
      vertex 7.30273 25.7639 2.76601
      vertex 7.38474 25.7558 2.86071
    endloop
  endfacet
  facet normal 0.707085 0.408469 -0.577221
    outer loop
      vertex 7.73434 25.554 3.14616
      vertex 7.38474 25.7558 2.86071
      vertex 7.47105 25.7299 2.94811
    endloop
  endfacet
  facet normal 0.707092 0.408568 -0.577142
    outer loop
      vertex 7.30273 25.7639 2.76601
      vertex 7.81635 25.4674 3.18538
      vertex 7.22704 25.7541 2.66634
    endloop
  endfacet
  facet normal 0.707135 0.409185 -0.576652
    outer loop
      vertex 7.73434 25.554 3.14616
      vertex 7.47105 25.7299 2.94811
      vertex 7.55954 25.6868 3.02604
    endloop
  endfacet
  facet normal 0.707028 0.408461 -0.577296
    outer loop
      vertex 7.73434 25.554 3.14616
      vertex 7.55954 25.6868 3.02604
      vertex 7.64803 25.6277 3.0926
    endloop
  endfacet
  facet normal 0.707085 0.408061 -0.577509
    outer loop
      vertex 7.38474 25.7558 2.86071
      vertex 7.73434 25.554 3.14616
      vertex 7.81635 25.4674 3.18538
    endloop
  endfacet
  facet normal 0.70713 0.407987 -0.577506
    outer loop
      vertex 7.89204 25.3701 3.20932
      vertex 7.22704 25.7541 2.66634
      vertex 7.81635 25.4674 3.18538
    endloop
  endfacet
  facet normal 0.70713 0.408179 -0.577371
    outer loop
      vertex 7.22704 25.7541 2.66634
      vertex 7.89204 25.3701 3.20932
      vertex 7.15955 25.7265 2.56417
    endloop
  endfacet
  facet normal 0.707097 0.40829 -0.577333
    outer loop
      vertex 2.10011 34.9874 2.91608
      vertex 2.34929e-07 35.4714 0.686226
      vertex 2.30535e-07 36.1998 1.20135
    endloop
  endfacet
  facet normal 0.70711 0.408232 -0.577358
    outer loop
      vertex 2.10011 33.6918 2
      vertex 2.34929e-07 35.4714 0.686226
      vertex 2.10011 34.9874 2.91608
    endloop
  endfacet
  facet normal 0.707115 0.408254 -0.577337
    outer loop
      vertex 6.81407 25.527 2
      vertex 2.34929e-07 35.4714 0.686226
      vertex 2.10011 33.6918 2
    endloop
  endfacet
  facet normal 0.707117 0.408375 -0.577248
    outer loop
      vertex 7.15955 25.7265 2.56417
      vertex 7.89204 25.3701 3.20932
      vertex 7.95954 25.2646 3.21737
    endloop
  endfacet
  facet normal 0.707117 0.408208 -0.577366
    outer loop
      vertex 7.15955 25.7265 2.56417
      vertex 7.95954 25.2646 3.21737
      vertex 6.81407 25.527 2
    endloop
  endfacet
  facet normal 0.707108 0.408248 -0.577349
    outer loop
      vertex 26.1595 -6.25874 3.21737
      vertex 6.81407 25.527 2
      vertex 7.95954 25.2646 3.21737
    endloop
  endfacet
  facet normal 0.707113 0.408251 -0.57734
    outer loop
      vertex 30.7191 -17.7357 0.686226
      vertex 6.81407 25.527 2
      vertex 26.1595 -6.25874 3.21737
    endloop
  endfacet
  facet normal 0.707111 0.40825 -0.577344
    outer loop
      vertex 6.81407 25.527 2
      vertex 30.7191 -17.7357 0.686226
      vertex 2.34929e-07 35.4714 0.686226
    endloop
  endfacet
  facet normal 0.707087 0.408291 -0.577345
    outer loop
      vertex 31.9105 -4.78808 11.3007
      vertex 29.0773 -4.9783 7.6963
      vertex 31.2845 -3.70396 11.3007
    endloop
  endfacet
  facet normal 0.707102 0.40825 -0.577355
    outer loop
      vertex 31.996 -17.9001 2.13385
      vertex 29.0773 -4.9783 7.6963
      vertex 31.9105 -4.78808 11.3007
    endloop
  endfacet
  facet normal 0.707101 0.40825 -0.577356
    outer loop
      vertex 27.8595 -5.27724 5.99345
      vertex 29.0773 -4.9783 7.6963
      vertex 31.996 -17.9001 2.13385
    endloop
  endfacet
  facet normal 0.707326 0.407756 -0.57743
    outer loop
      vertex 29.0773 -4.9783 7.6963
      vertex 27.8595 -5.27724 5.99345
      vertex 28.408 -5.05301 6.82368
    endloop
  endfacet
  facet normal 0.707104 0.40825 -0.577352
    outer loop
      vertex 27.8595 -5.27724 5.99345
      vertex 31.996 -17.9001 2.13385
      vertex 26.1595 -6.25874 3.21737
    endloop
  endfacet
  facet normal 0.707105 0.408251 -0.57735
    outer loop
      vertex 26.1595 -6.25874 3.21737
      vertex 31.996 -17.9001 2.13385
      vertex 30.7191 -17.7357 0.686226
    endloop
  endfacet
  facet normal 0.707094 0.408292 -0.577335
    outer loop
      vertex 30.7191 -17.7357 0.686226
      vertex 31.996 -17.9001 2.13385
      vertex 31.5 -18.1865 1.32383
    endloop
  endfacet
  facet normal 0.707179 0.408126 -0.577348
    outer loop
      vertex 29.0229 -4.97292 7.63347
      vertex 29.0773 -4.9783 7.6963
      vertex 28.408 -5.05301 6.82368
    endloop
  endfacet
  facet normal 0.499853 0.288773 0.816552
    outer loop
      vertex 30.7191 -17.7357 0.686226
      vertex 31.2359 -16.8793 0.0670005
      vertex 31.2186 -16.6599 0
    endloop
  endfacet
  facet normal 0.499934 0.288706 0.816526
    outer loop
      vertex 31.2359 -16.8793 0.0670005
      vertex 30.7191 -17.7357 0.686226
      vertex 31.2113 -17.1922 0.192697
    endloop
  endfacet
  facet normal 0.500078 0.288547 0.816494
    outer loop
      vertex 31.2113 -17.1922 0.192697
      vertex 30.7191 -17.7357 0.686226
      vertex 31.138 -17.4974 0.345448
    endloop
  endfacet
  facet normal 0.499969 0.288737 0.816494
    outer loop
      vertex 31.138 -17.4974 0.345448
      vertex 30.7191 -17.7357 0.686226
      vertex 31.0179 -17.7873 0.521507
    endloop
  endfacet
  facet normal 0.49997 0.2887 0.816506
    outer loop
      vertex 31.0179 -17.7873 0.521507
      vertex 30.7191 -17.7357 0.686226
      vertex 30.9632 -17.8766 0.586576
    endloop
  endfacet
  facet normal 0.499993 0.288676 0.816501
    outer loop
      vertex 28.6527 -12.2157 0
      vertex 30.7191 -17.7357 0.686226
      vertex 31.2186 -16.6599 0
    endloop
  endfacet
  facet normal 0.500059 0.288711 0.816448
    outer loop
      vertex 2.34929e-07 35.4714 0.686226
      vertex 28.6527 -12.2157 0
      vertex 0.037267 35.4929 0.655798
    endloop
  endfacet
  facet normal 0.50001 0.28868 0.816489
    outer loop
      vertex 28.6527 -12.2157 0
      vertex 2.34929e-07 35.4714 0.686226
      vertex 30.7191 -17.7357 0.686226
    endloop
  endfacet
  facet normal 0 -0.816496 -0.577351
    outer loop
      vertex -31.15 -25.2412 11.3007
      vertex -18.85 -22.6925 7.6963
      vertex -18.85 -25.2412 11.3007
    endloop
  endfacet
  facet normal 9.38779e-07 -0.816498 -0.577349
    outer loop
      vertex -31.15 -22.6925 7.69628
      vertex -18.85 -22.6925 7.6963
      vertex -31.15 -25.2412 11.3007
    endloop
  endfacet
  facet normal 0.000775319 -0.816393 -0.577497
    outer loop
      vertex -31.42 -22.0755 6.82368
      vertex -31.15 -22.6925 7.69628
      vertex -31.1819 -22.6481 7.63347
    endloop
  endfacet
  facet normal 9.38738e-07 -0.816515 -0.577324
    outer loop
      vertex -31.15 -22.6925 7.69628
      vertex -31.5 -21.4885 5.99345
      vertex -18.85 -22.6925 7.6963
    endloop
  endfacet
  facet normal -0.000188906 -0.816534 -0.577298
    outer loop
      vertex -31.15 -22.6925 7.69628
      vertex -31.42 -22.0755 6.82368
      vertex -31.5 -21.4885 5.99345
    endloop
  endfacet
  facet normal -0 -0.816518 -0.577319
    outer loop
      vertex -18.5 -21.4885 5.99345
      vertex -18.85 -22.6925 7.6963
      vertex -31.5 -21.4885 5.99345
    endloop
  endfacet
  facet normal 0.000126802 -0.816531 -0.577302
    outer loop
      vertex -18.58 -22.0755 6.82368
      vertex -18.85 -22.6925 7.6963
      vertex -18.5 -21.4885 5.99345
    endloop
  endfacet
  facet normal -0.00163533 -0.816273 -0.577665
    outer loop
      vertex -18.85 -22.6925 7.6963
      vertex -18.58 -22.0755 6.82368
      vertex -18.8181 -22.6481 7.63347
    endloop
  endfacet
  facet normal 0 -0.816495 -0.577353
    outer loop
      vertex -31.5 -21.4885 5.99345
      vertex -18.5 -19.5255 3.21737
      vertex -18.5 -21.4885 5.99345
    endloop
  endfacet
  facet normal 0 -0.8165 -0.577346
    outer loop
      vertex 18.7 -18.6647 2
      vertex 17.9 -19.5255 3.21737
      vertex -18.5 -19.5255 3.21737
    endloop
  endfacet
  facet normal 5.18183e-05 -0.816516 -0.577323
    outer loop
      vertex 18.7 -19.0636 2.56417
      vertex 17.9 -19.5255 3.21737
      vertex 18.7 -18.6647 2
    endloop
  endfacet
  facet normal 5.35923e-05 -0.816517 -0.577321
    outer loop
      vertex 17.9 -19.5255 3.21737
      vertex 18.7 -19.0636 2.56417
      vertex 18.0252 -19.5198 3.20932
    endloop
  endfacet
  facet normal 0.000602233 -0.816787 -0.576939
    outer loop
      vertex 18.0252 -19.5198 3.20932
      vertex 18.7 -19.0636 2.56417
      vertex 18.1472 -19.5028 3.18538
    endloop
  endfacet
  facet normal -0.000290187 -0.816413 -0.577468
    outer loop
      vertex 18.1472 -19.5028 3.18538
      vertex 18.7 -19.0636 2.56417
      vertex 18.2632 -19.4751 3.14616
    endloop
  endfacet
  facet normal 0.000367195 -0.816646 -0.577139
    outer loop
      vertex 18.2632 -19.4751 3.14616
      vertex 18.7 -19.0636 2.56417
      vertex 18.3702 -19.4372 3.0926
    endloop
  endfacet
  facet normal -0.000876181 -0.81628 -0.577656
    outer loop
      vertex 18.3702 -19.4372 3.0926
      vertex 18.7 -19.0636 2.56417
      vertex 18.4657 -19.3902 3.02604
    endloop
  endfacet
  facet normal -0.000122195 -0.81646 -0.577402
    outer loop
      vertex 18.4657 -19.3902 3.02604
      vertex 18.7 -19.0636 2.56417
      vertex 18.5472 -19.3351 2.94811
    endloop
  endfacet
  facet normal -0.000110962 -0.816462 -0.577399
    outer loop
      vertex 18.5472 -19.3351 2.94811
      vertex 18.7 -19.0636 2.56417
      vertex 18.6128 -19.2733 2.86071
    endloop
  endfacet
  facet normal 0.00131052 -0.816659 -0.57712
    outer loop
      vertex 18.6128 -19.2733 2.86071
      vertex 18.7 -19.0636 2.56417
      vertex 18.6608 -19.2063 2.76601
    endloop
  endfacet
  facet normal 0.00274448 -0.816787 -0.576932
    outer loop
      vertex 18.6608 -19.2063 2.76601
      vertex 18.7 -19.0636 2.56417
      vertex 18.6902 -19.1358 2.66634
    endloop
  endfacet
  facet normal -3.00069e-07 -0.816496 -0.577352
    outer loop
      vertex -18.5 -19.5255 3.21737
      vertex -30.7191 -17.7357 0.686226
      vertex 18.7 -18.6647 2
    endloop
  endfacet
  facet normal 9.39336e-08 -0.816495 -0.577353
    outer loop
      vertex -31.5 -21.4885 5.99345
      vertex -30.7191 -17.7357 0.686226
      vertex -18.5 -19.5255 3.21737
    endloop
  endfacet
  facet normal -6.80042e-05 -0.81649 -0.57736
    outer loop
      vertex -30.7191 -17.7357 0.686226
      vertex -31.5 -21.4885 5.99345
      vertex -31.5 -18.1865 1.32383
    endloop
  endfacet
  facet normal 4.92383e-06 -0.816506 -0.577337
    outer loop
      vertex 30.7191 -17.7357 0.686226
      vertex 29.3999 -19.399 3.03856
      vertex 28.336 -18.7848 2.16991
    endloop
  endfacet
  facet normal 6.37714e-05 -0.816551 -0.577274
    outer loop
      vertex 30.7191 -17.7357 0.686226
      vertex 28.336 -18.7848 2.16991
      vertex 28.0727 -18.6647 2
    endloop
  endfacet
  facet normal -0 -0.81649 -0.577359
    outer loop
      vertex 30.7191 -17.7357 0.686226
      vertex 18.7 -18.6647 2
      vertex -30.7191 -17.7357 0.686226
    endloop
  endfacet
  facet normal 0 -0.81649 -0.577359
    outer loop
      vertex 18.7 -18.6647 2
      vertex 30.7191 -17.7357 0.686226
      vertex 28.0727 -18.6647 2
    endloop
  endfacet
  facet normal 2.88321e-05 -0.816513 -0.577328
    outer loop
      vertex 29.3999 -19.399 3.03856
      vertex 30.7191 -17.7357 0.686226
      vertex 31.5 -18.1865 1.32383
    endloop
  endfacet
  facet normal 2.87882e-05 -0.577389 0.816469
    outer loop
      vertex 30.7191 -17.7357 0.686226
      vertex 30.8539 -18.0549 0.46049
      vertex 30.9632 -17.8766 0.586576
    endloop
  endfacet
  facet normal 0.000137649 -0.577358 0.816491
    outer loop
      vertex 30.8539 -18.0549 0.46049
      vertex 30.7191 -17.7357 0.686226
      vertex 30.7615 -18.1631 0.383995
    endloop
  endfacet
  facet normal 3.9059e-05 -0.577365 0.816486
    outer loop
      vertex 30.3021 -18.7408 -0.0244942
      vertex 30.7615 -18.1631 0.383995
      vertex 30.7191 -17.7357 0.686226
    endloop
  endfacet
  facet normal 3.02356e-05 -0.577399 0.816462
    outer loop
      vertex 30.7615 -18.1631 0.383995
      vertex 30.5031 -18.6696 0.0258098
      vertex 30.7615 -18.5422 0.115897
    endloop
  endfacet
  facet normal 0.000233058 -0.577468 0.816413
    outer loop
      vertex 30.7615 -18.1631 0.383995
      vertex 30.3021 -18.7408 -0.0244942
      vertex 30.5031 -18.6696 0.0258098
    endloop
  endfacet
  facet normal -9.17053e-06 -0.577352 0.816496
    outer loop
      vertex 30.7191 -17.7357 0.686226
      vertex 26.5189 -18.7061 0
      vertex 30.3021 -18.7408 -0.0244942
    endloop
  endfacet
  facet normal 0 -0.577378 0.816477
    outer loop
      vertex -30.7191 -17.7357 0.686226
      vertex 26.5189 -18.7061 0
      vertex 30.7191 -17.7357 0.686226
    endloop
  endfacet
  facet normal 0 -0.577378 0.816477
    outer loop
      vertex 26.5189 -18.7061 0
      vertex -30.7191 -17.7357 0.686226
      vertex -30.0372 -18.7061 0
    endloop
  endfacet
  facet normal 0.000164657 -0.577301 0.816531
    outer loop
      vertex -30.0372 -18.7061 0
      vertex -30.7191 -17.7357 0.686226
      vertex -30.2359 -18.6114 0.0669945
    endloop
  endfacet
  facet normal -0.000146302 -0.577415 0.816451
    outer loop
      vertex -30.2359 -18.6114 0.0669945
      vertex -30.7191 -17.7357 0.686226
      vertex -30.4945 -18.4336 0.192693
    endloop
  endfacet
  facet normal -3.34429e-06 -0.577385 0.816472
    outer loop
      vertex -30.4945 -18.4336 0.192693
      vertex -30.7191 -17.7357 0.686226
      vertex -30.7191 -18.2205 0.34339
    endloop
  endfacet
  facet normal 0 -0.576684 0.816967
    outer loop
      vertex 30.3021 -18.7408 -0.0244942
      vertex 26.5189 -18.7061 0
      vertex 26.5189 -18.7408 -0.0244942
    endloop
  endfacet
  facet normal -0.499966 0.288746 0.816492
    outer loop
      vertex 0.0414909 35.7521 0
      vertex 0.436152 35.7056 0.258109
      vertex 0.209061 35.7477 0.104165
    endloop
  endfacet
  facet normal -0.499986 0.288668 0.816508
    outer loop
      vertex 0.436152 35.7056 0.258109
      vertex 0.0414909 35.7521 0
      vertex -10.662 17.2132 0
    endloop
  endfacet
  facet normal -0.70709 0.408339 -0.577307
    outer loop
      vertex -16.2729 16.5334 7.22522
      vertex -15.658 16.4533 6.41543
      vertex -16.3273 16.528 7.28803
    endloop
  endfacet
  facet normal -0.707368 0.40764 -0.57746
    outer loop
      vertex -15.1095 16.229 5.5852
      vertex -16.3273 16.528 7.28803
      vertex -15.658 16.4533 6.41543
    endloop
  endfacet
  facet normal -0.707108 0.408253 -0.577345
    outer loop
      vertex -22.4773 5.87588 7.28805
      vertex -15.1095 16.229 5.5852
      vertex -13.6595 15.3919 3.21737
    endloop
  endfacet
  facet normal -0.707109 0.408251 -0.577345
    outer loop
      vertex -16.3273 16.528 7.28803
      vertex -24.6845 7.15022 10.8924
      vertex -18.5345 17.8023 10.8924
    endloop
  endfacet
  facet normal -0.707095 0.40824 -0.577371
    outer loop
      vertex -15.1095 16.229 5.5852
      vertex -22.4773 5.87588 7.28805
      vertex -16.3273 16.528 7.28803
    endloop
  endfacet
  facet normal -0.707018 0.408164 -0.577519
    outer loop
      vertex 0.037267 35.4929 0.655798
      vertex -13.6595 15.3919 3.21737
      vertex 2.34929e-07 35.4714 0.686226
    endloop
  endfacet
  facet normal -0.707081 0.408222 -0.577401
    outer loop
      vertex 0.5 35.76 0.277978
      vertex -13.6595 15.3919 3.21737
      vertex 0.037267 35.4929 0.655798
    endloop
  endfacet
  facet normal -0.707162 0.408349 -0.577212
    outer loop
      vertex -16.3273 16.528 7.28803
      vertex -24.6203 7.11312 10.7875
      vertex -24.6845 7.15022 10.8924
    endloop
  endfacet
  facet normal -0.707105 0.408246 -0.577355
    outer loop
      vertex -16.3273 16.528 7.28803
      vertex -22.4773 5.87588 7.28805
      vertex -24.6203 7.11312 10.7875
    endloop
  endfacet
  facet normal -0.707102 0.408241 -0.577362
    outer loop
      vertex -22.0779 5.33355 6.41543
      vertex -22.4773 5.87588 7.28805
      vertex -13.6595 15.3919 3.21737
    endloop
  endfacet
  facet normal -0.705727 0.409978 -0.577812
    outer loop
      vertex -22.4773 5.87588 7.28805
      vertex -22.0779 5.33355 6.41543
      vertex -22.4548 5.82606 7.22522
    endloop
  endfacet
  facet normal -0.707107 0.408248 -0.57735
    outer loop
      vertex -13.6595 15.3919 3.21737
      vertex -21.6095 4.97072 5.5852
      vertex -22.0779 5.33355 6.41543
    endloop
  endfacet
  facet normal -0.707106 0.408247 -0.577352
    outer loop
      vertex -13.6595 15.3919 3.21737
      vertex -20.1595 4.13356 3.21737
      vertex -21.6095 4.97072 5.5852
    endloop
  endfacet
  facet normal -0.707109 0.408249 -0.577347
    outer loop
      vertex 0.5 35.76 0.277978
      vertex -20.1595 4.13356 3.21737
      vertex -13.6595 15.3919 3.21737
    endloop
  endfacet
  facet normal -0.707119 0.408257 -0.577329
    outer loop
      vertex -25.5141 -6.86235 2
      vertex -20.1595 4.13356 3.21737
      vertex 0.5 35.76 0.277978
    endloop
  endfacet
  facet normal -0.707099 0.408251 -0.577358
    outer loop
      vertex -20.1595 4.13356 3.21737
      vertex -25.5141 -6.86235 2
      vertex -25.8596 -5.73913 3.21737
    endloop
  endfacet
  facet normal -0.707228 0.408131 -0.577284
    outer loop
      vertex -25.8595 -6.66288 2.56417
      vertex -25.8596 -5.73913 3.21737
      vertex -25.5141 -6.86235 2
    endloop
  endfacet
  facet normal -0.707043 0.408238 -0.577436
    outer loop
      vertex -26.0183 -6.19047 3.0926
      vertex -25.8596 -5.73913 3.21737
      vertex -25.8595 -6.66288 2.56417
    endloop
  endfacet
  facet normal -0.706205 0.407969 -0.57865
    outer loop
      vertex -25.9636 -5.96453 3.18538
      vertex -25.8596 -5.73913 3.21737
      vertex -25.9975 -6.07884 3.14616
    endloop
  endfacet
  facet normal -0.708463 0.408559 -0.575464
    outer loop
      vertex -25.8596 -5.73913 3.21737
      vertex -25.9636 -5.96453 3.18538
      vertex -25.9172 -5.85035 3.20932
    endloop
  endfacet
  facet normal -0.708383 0.408252 -0.575781
    outer loop
      vertex -25.8596 -5.73913 3.21737
      vertex -26.0183 -6.19047 3.0926
      vertex -25.9975 -6.07884 3.14616
    endloop
  endfacet
  facet normal -0.707634 0.407675 -0.57711
    outer loop
      vertex -26.0183 -6.19047 3.0926
      vertex -25.8595 -6.66288 2.56417
      vertex -26.0252 -6.29667 3.02604
    endloop
  endfacet
  facet normal -0.706318 0.409063 -0.577738
    outer loop
      vertex -26.0252 -6.29667 3.02604
      vertex -25.8595 -6.66288 2.56417
      vertex -26.0183 -6.39482 2.94811
    endloop
  endfacet
  facet normal -0.707955 0.407155 -0.577083
    outer loop
      vertex -26.0183 -6.39482 2.94811
      vertex -25.8595 -6.66288 2.56417
      vertex -25.9975 -6.48253 2.86071
    endloop
  endfacet
  facet normal -0.705475 0.410338 -0.577865
    outer loop
      vertex -25.9975 -6.48253 2.86071
      vertex -25.8595 -6.66288 2.56417
      vertex -25.9636 -6.55761 2.76601
    endloop
  endfacet
  facet normal -0.706465 0.40894 -0.577646
    outer loop
      vertex -25.9636 -6.55761 2.76601
      vertex -25.8595 -6.66288 2.56417
      vertex -25.9172 -6.61824 2.66634
    endloop
  endfacet
  facet normal -0.707099 0.408244 -0.577362
    outer loop
      vertex -30.6846 -18.2533 0.277978
      vertex -25.5141 -6.86235 2
      vertex 0.5 35.76 0.277978
    endloop
  endfacet
  facet normal -0.707093 0.408256 -0.577362
    outer loop
      vertex -30.4361 -15.1473 2.16991
      vertex -30.7191 -17.7357 0.686226
      vertex -31.5 -15.7615 3.03856
    endloop
  endfacet
  facet normal -0.707058 0.408271 -0.577394
    outer loop
      vertex -30.2004 -14.9794 2
      vertex -30.7191 -17.7357 0.686226
      vertex -30.4361 -15.1473 2.16991
    endloop
  endfacet
  facet normal -0.707121 0.408249 -0.577333
    outer loop
      vertex -25.5141 -6.86235 2
      vertex -30.6846 -18.2533 0.277978
      vertex -30.2004 -14.9794 2
    endloop
  endfacet
  facet normal -0.707077 0.408265 -0.577375
    outer loop
      vertex -30.2004 -14.9794 2
      vertex -30.6846 -18.2533 0.277978
      vertex -30.7191 -17.7357 0.686226
    endloop
  endfacet
  facet normal -0.706788 0.408457 -0.577594
    outer loop
      vertex -30.7191 -17.7357 0.686226
      vertex -30.6846 -18.2533 0.277978
      vertex -30.7191 -18.2205 0.34339
    endloop
  endfacet
  facet normal -0.707087 0.408571 -0.577146
    outer loop
      vertex -1.49136 36.4226 3.18538
      vertex -0.977733 36.7191 2.76601
      vertex -0.902042 36.7093 2.66634
    endloop
  endfacet
  facet normal -0.707087 0.408215 -0.577398
    outer loop
      vertex -0.977733 36.7191 2.76601
      vertex -1.49136 36.4226 3.18538
      vertex -1.05974 36.711 2.86071
    endloop
  endfacet
  facet normal -0.707126 0.408187 -0.57737
    outer loop
      vertex -1.56705 36.3253 3.20932
      vertex -0.902042 36.7093 2.66634
      vertex -0.834552 36.6817 2.56417
    endloop
  endfacet
  facet normal -0.707075 0.408039 -0.577538
    outer loop
      vertex -1.40935 36.5092 3.14616
      vertex -1.05974 36.711 2.86071
      vertex -1.49136 36.4226 3.18538
    endloop
  endfacet
  facet normal -0.70702 0.407557 -0.577945
    outer loop
      vertex -1.14606 36.6851 2.94811
      vertex -1.40935 36.5092 3.14616
      vertex -1.23455 36.6421 3.02604
    endloop
  endfacet
  facet normal -0.707371 0.409921 -0.57584
    outer loop
      vertex -1.23455 36.6421 3.02604
      vertex -1.40935 36.5092 3.14616
      vertex -1.32304 36.5829 3.0926
    endloop
  endfacet
  facet normal -0.707075 0.408326 -0.577334
    outer loop
      vertex -1.05974 36.711 2.86071
      vertex -1.40935 36.5092 3.14616
      vertex -1.14606 36.6851 2.94811
    endloop
  endfacet
  facet normal -0.707126 0.407982 -0.577515
    outer loop
      vertex -0.902042 36.7093 2.66634
      vertex -1.56705 36.3253 3.20932
      vertex -1.49136 36.4226 3.18538
    endloop
  endfacet
  facet normal -0.707114 0.408372 -0.577254
    outer loop
      vertex -0.834552 36.6817 2.56417
      vertex -1.63455 36.2198 3.21737
      vertex -1.56705 36.3253 3.20932
    endloop
  endfacet
  facet normal -0.707114 0.408217 -0.577364
    outer loop
      vertex 2.30535e-07 36.1998 1.20135
      vertex -1.63455 36.2198 3.21737
      vertex -0.834552 36.6817 2.56417
    endloop
  endfacet
  facet normal -0.707086 0.408296 -0.577342
    outer loop
      vertex 2.34929e-07 35.4714 0.686226
      vertex -1.63455 36.2198 3.21737
      vertex 2.30535e-07 36.1998 1.20135
    endloop
  endfacet
  facet normal -0.707111 0.408249 -0.577345
    outer loop
      vertex -1.63455 36.2198 3.21737
      vertex 2.34929e-07 35.4714 0.686226
      vertex -13.6595 15.3919 3.21737
    endloop
  endfacet
  facet normal -0.707094 0.408255 -0.577361
    outer loop
      vertex -31.5 -15.7615 3.03856
      vertex -30.7191 -17.7357 0.686226
      vertex -31.5 -18.1865 1.32383
    endloop
  endfacet
  facet normal -0.500087 0.288731 0.816424
    outer loop
      vertex -28.4894 -13.5956 -0.0244942
      vertex -30.6108 -17.2699 -0.0244942
      vertex -30.5808 -17.2872 0
    endloop
  endfacet
  facet normal -0.500016 0.288626 0.816504
    outer loop
      vertex 0.43991 35.7049 0.260657
      vertex 0.5 35.76 0.277978
      vertex 0.5 35.809 0.260657
    endloop
  endfacet
  facet normal -0.499898 0.288615 0.81658
    outer loop
      vertex -10.662 17.2132 0
      vertex 0.43991 35.7049 0.260657
      vertex 0.436152 35.7056 0.258109
    endloop
  endfacet
  facet normal -0.500089 0.288732 0.816422
    outer loop
      vertex -10.662 17.2132 0
      vertex 0.5 35.76 0.277978
      vertex 0.43991 35.7049 0.260657
    endloop
  endfacet
  facet normal -0.500055 0.288705 0.816452
    outer loop
      vertex -30.6846 -18.2533 0.277978
      vertex -10.662 17.2132 0
      vertex -28.4594 -13.613 0
    endloop
  endfacet
  facet normal -0.499602 0.288459 0.816816
    outer loop
      vertex -30.5808 -17.2872 0
      vertex -28.4594 -13.613 0
      vertex -28.4894 -13.5956 -0.0244942
    endloop
  endfacet
  facet normal -0.499948 0.288659 0.816534
    outer loop
      vertex -30.6846 -18.2533 0.277978
      vertex -28.4594 -13.613 0
      vertex -30.5808 -17.2872 0
    endloop
  endfacet
  facet normal -0.499955 0.288649 0.816533
    outer loop
      vertex -10.662 17.2132 0
      vertex -30.6846 -18.2533 0.277978
      vertex 0.5 35.76 0.277978
    endloop
  endfacet
  facet normal -0.499611 0.28868 0.816733
    outer loop
      vertex -30.5808 -17.2872 0
      vertex -30.7222 -18.2176 0.242359
      vertex -30.6846 -18.2533 0.277978
    endloop
  endfacet
  facet normal -0.500064 0.288677 0.816457
    outer loop
      vertex -30.5808 -17.2872 0
      vertex -30.9132 -17.9686 0.0373356
      vertex -30.7222 -18.2176 0.242359
    endloop
  endfacet
  facet normal -0.499786 0.288552 0.816671
    outer loop
      vertex -30.9132 -17.9686 0.0373356
      vertex -30.5808 -17.2872 0
      vertex -30.9428 -17.9142 0
    endloop
  endfacet
  facet normal 0 0 -1
    outer loop
      vertex 17.9 -16.7489 -0.0244942
      vertex 18.4657 -17.1548 -0.0244942
      vertex 18.5224 -17.2699 -0.0244942
    endloop
  endfacet
  facet normal 0 0 -1
    outer loop
      vertex 18.4657 -17.1548 -0.0244942
      vertex 17.9 -16.7489 -0.0244942
      vertex 18.3702 -17.0136 -0.0244942
    endloop
  endfacet
  facet normal 0 0 -1
    outer loop
      vertex 18.3702 -17.0136 -0.0244942
      vertex 17.9 -16.7489 -0.0244942
      vertex 18.2632 -16.9 -0.0244942
    endloop
  endfacet
  facet normal 0 0 -1
    outer loop
      vertex 18.2632 -16.9 -0.0244942
      vertex 17.9 -16.7489 -0.0244942
      vertex 18.1472 -16.8168 -0.0244942
    endloop
  endfacet
  facet normal 0 0 -1
    outer loop
      vertex 18.1472 -16.8168 -0.0244942
      vertex 17.9 -16.7489 -0.0244942
      vertex 18.0252 -16.766 -0.0244942
    endloop
  endfacet
  facet normal 0 0 -1
    outer loop
      vertex 18.5224 -17.2699 -0.0244942
      vertex -18.636 -16.7489 -0.0244942
      vertex 17.9 -16.7489 -0.0244942
    endloop
  endfacet
  facet normal 0 0 -1
    outer loop
      vertex -28.4894 -13.5956 -0.0244942
      vertex -18.8181 -15.435 -0.0244942
      vertex -18.636 -16.7489 -0.0244942
    endloop
  endfacet
  facet normal 0 0 -1
    outer loop
      vertex -18.8181 -15.435 -0.0244942
      vertex -28.4894 -13.5956 -0.0244942
      vertex -19.2084 -13.8028 -0.0244942
    endloop
  endfacet
  facet normal 0 0 -1
    outer loop
      vertex -19.2084 -13.8028 -0.0244942
      vertex -28.4894 -13.5956 -0.0244942
      vertex -19.2818 -13.5956 -0.0244942
    endloop
  endfacet
  facet normal -0 0 -1
    outer loop
      vertex -18.636 -16.7489 -0.0244942
      vertex -30.6108 -17.2699 -0.0244942
      vertex -28.4894 -13.5956 -0.0244942
    endloop
  endfacet
  facet normal 0 0 -1
    outer loop
      vertex -30.6108 -17.2699 -0.0244942
      vertex -18.636 -16.7489 -0.0244942
      vertex 18.5224 -17.2699 -0.0244942
    endloop
  endfacet
  facet normal 0 0 -1
    outer loop
      vertex -14.8494 1.88579 -0.0244942
      vertex -9.05784 11.917 -0.0244942
      vertex -8.91505 11.7499 -0.0244942
    endloop
  endfacet
  facet normal -0 0 -1
    outer loop
      vertex -9.05784 11.917 -0.0244942
      vertex -16.458 2.36383 -0.0244942
      vertex -10.2762 13.0711 -0.0244942
    endloop
  endfacet
  facet normal 0 0 -1
    outer loop
      vertex -14.8494 1.88579 -0.0244942
      vertex -8.91505 11.7499 -0.0244942
      vertex -14.6333 1.84567 -0.0244942
    endloop
  endfacet
  facet normal 0 0 -1
    outer loop
      vertex 0.770001 34.8315 -0.0244942
      vertex 0.834851 35.0796 -0.0244942
      vertex 0.817784 34.9484 -0.0244942
    endloop
  endfacet
  facet normal -0 0 -1
    outer loop
      vertex 0.834851 35.0796 -0.0244942
      vertex 0.770001 34.8315 -0.0244942
      vertex 0.82079 35.2216 -0.0244942
    endloop
  endfacet
  facet normal -0 0 -1
    outer loop
      vertex 0.82079 35.2216 -0.0244942
      vertex 0.770001 34.8315 -0.0244942
      vertex 0.775906 35.3711 -0.0244942
    endloop
  endfacet
  facet normal 0 0 -1
    outer loop
      vertex 0.770001 34.8315 -0.0244942
      vertex 0.701344 35.5244 -0.0244942
      vertex 0.775906 35.3711 -0.0244942
    endloop
  endfacet
  facet normal 0 0 -1
    outer loop
      vertex 0.770001 34.8315 -0.0244942
      vertex 0.630068 35.631 -0.0244942
      vertex 0.701344 35.5244 -0.0244942
    endloop
  endfacet
  facet normal 0 0 -1
    outer loop
      vertex -11.323 13.8858 -0.0244942
      vertex 0.630068 35.631 -0.0244942
      vertex 0.770001 34.8315 -0.0244942
    endloop
  endfacet
  facet normal 0 0 -1
    outer loop
      vertex -9.05784 11.917 -0.0244942
      vertex -14.8494 1.88579 -0.0244942
      vertex -16.458 2.36383 -0.0244942
    endloop
  endfacet
  facet normal -0 0 -1
    outer loop
      vertex -10.2762 13.0711 -0.0244942
      vertex -16.458 2.36383 -0.0244942
      vertex -11.323 13.8858 -0.0244942
    endloop
  endfacet
  facet normal 0 0 -1
    outer loop
      vertex -17.687 2.86308 -0.0244942
      vertex -11.323 13.8858 -0.0244942
      vertex -16.458 2.36383 -0.0244942
    endloop
  endfacet
  facet normal 0 0 -1
    outer loop
      vertex -24.2174 -7.40596 -0.0244942
      vertex -11.323 13.8858 -0.0244942
      vertex -17.687 2.86308 -0.0244942
    endloop
  endfacet
  facet normal 0 0 -1
    outer loop
      vertex -24.2174 -7.40596 -0.0244942
      vertex -17.687 2.86308 -0.0244942
      vertex -23.455 -7.1274 -0.0244942
    endloop
  endfacet
  facet normal 0 0 -1
    outer loop
      vertex -23.6374 -7.30757 -0.0244942
      vertex -23.455 -7.1274 -0.0244942
      vertex -23.5324 -7.22724 -0.0244942
    endloop
  endfacet
  facet normal 0 0 -1
    outer loop
      vertex -23.455 -7.1274 -0.0244942
      vertex -23.6374 -7.30757 -0.0244942
      vertex -23.7674 -7.36641 -0.0244942
    endloop
  endfacet
  facet normal 0 0 -1
    outer loop
      vertex -23.455 -7.1274 -0.0244942
      vertex -23.7674 -7.36641 -0.0244942
      vertex -23.9193 -7.4023 -0.0244942
    endloop
  endfacet
  facet normal 0 0 -1
    outer loop
      vertex -23.455 -7.1274 -0.0244942
      vertex -23.9193 -7.4023 -0.0244942
      vertex -24.0893 -7.41435 -0.0244942
    endloop
  endfacet
  facet normal 0 0 -1
    outer loop
      vertex -23.455 -7.1274 -0.0244942
      vertex -24.0893 -7.41435 -0.0244942
      vertex -24.2174 -7.40596 -0.0244942
    endloop
  endfacet
  facet normal -0 0 -1
    outer loop
      vertex -11.323 13.8858 -0.0244942
      vertex -24.2174 -7.40596 -0.0244942
      vertex 0.630068 35.631 -0.0244942
    endloop
  endfacet
  facet normal 0 0 -1
    outer loop
      vertex 26.5189 -18.7408 -0.0244942
      vertex 22.7762 -8.57948 -0.0244942
      vertex 23.823 -7.76478 -0.0244942
    endloop
  endfacet
  facet normal 0 0 -1
    outer loop
      vertex 26.5189 -18.7408 -0.0244942
      vertex 21.5578 -9.73358 -0.0244942
      vertex 22.7762 -8.57948 -0.0244942
    endloop
  endfacet
  facet normal 0 -0 -1
    outer loop
      vertex 21.5578 -9.73358 -0.0244942
      vertex 26.5189 -18.7408 -0.0244942
      vertex 21.415 -9.90067 -0.0244942
    endloop
  endfacet
  facet normal 0 0 -1
    outer loop
      vertex 30.3021 -18.7408 -0.0244942
      vertex 30.6688 -18.5802 -0.0244942
      vertex 30.5648 -18.6341 -0.0244942
    endloop
  endfacet
  facet normal 0 0 -1
    outer loop
      vertex 26.5189 -18.7408 -0.0244942
      vertex 30.6688 -18.5802 -0.0244942
      vertex 30.3021 -18.7408 -0.0244942
    endloop
  endfacet
  facet normal 0 0 -1
    outer loop
      vertex 23.823 -7.76478 -0.0244942
      vertex 30.6688 -18.5802 -0.0244942
      vertex 26.5189 -18.7408 -0.0244942
    endloop
  endfacet
  facet normal 0 0 -1
    outer loop
      vertex 23.823 -7.76478 -0.0244942
      vertex 5.69493 24.6758 -0.0244942
      vertex 30.6688 -18.5802 -0.0244942
    endloop
  endfacet
  facet normal 0 0 -1
    outer loop
      vertex 5.55499 23.8763 -0.0244942
      vertex 5.69493 24.6758 -0.0244942
      vertex 23.823 -7.76478 -0.0244942
    endloop
  endfacet
  facet normal 0 0 -1
    outer loop
      vertex 5.69493 24.6758 -0.0244942
      vertex 5.55499 23.8763 -0.0244942
      vertex 5.62365 24.5692 -0.0244942
    endloop
  endfacet
  facet normal 0 0 -1
    outer loop
      vertex 5.55499 23.8763 -0.0244942
      vertex 5.54908 24.4159 -0.0244942
      vertex 5.62365 24.5692 -0.0244942
    endloop
  endfacet
  facet normal 0 0 -1
    outer loop
      vertex 5.49014 24.1243 -0.0244942
      vertex 5.55499 23.8763 -0.0244942
      vertex 5.50721 23.9932 -0.0244942
    endloop
  endfacet
  facet normal 0 0 -1
    outer loop
      vertex 5.55499 23.8763 -0.0244942
      vertex 5.5042 24.2664 -0.0244942
      vertex 5.54908 24.4159 -0.0244942
    endloop
  endfacet
  facet normal 0 0 -1
    outer loop
      vertex 5.55499 23.8763 -0.0244942
      vertex 5.49014 24.1243 -0.0244942
      vertex 5.5042 24.2664 -0.0244942
    endloop
  endfacet
endsolid OpenSCAD_Model
