solid OpenSCAD_Model
  facet normal 0.727911 0.393486 -0.561529
    outer loop
      vertex 5.69723 24.7065 0
      vertex 5.69493 24.6758 -0.0244942
      vertex 5.69704 24.7057 -0.000806889
    endloop
  endfacet
  facet normal 0.70681 0.408076 -0.577835
    outer loop
      vertex 30.2615 -17.8401 0
      vertex 5.69493 24.6758 -0.0244942
      vertex 5.69723 24.7065 0
    endloop
  endfacet
  facet normal 0.706699 0.408012 -0.578016
    outer loop
      vertex 5.69493 24.6758 -0.0244942
      vertex 30.2615 -17.8401 0
      vertex 30.2615 -17.8748 -0.0244942
    endloop
  endfacet
  facet normal -0.707085 -0.408585 0.577139
    outer loop
      vertex 5.71625 24.2549 4.90011
      vertex 5.20262 24.5514 4.48074
      vertex 5.12693 24.5416 4.38107
    endloop
  endfacet
  facet normal -0.707085 -0.408186 0.577421
    outer loop
      vertex 5.20262 24.5514 4.48074
      vertex 5.71625 24.2549 4.90011
      vertex 5.28463 24.5433 4.57544
    endloop
  endfacet
  facet normal -0.707125 -0.408189 0.57737
    outer loop
      vertex 5.79194 24.1576 4.92405
      vertex 5.12693 24.5416 4.38107
      vertex 5.05944 24.514 4.2789
    endloop
  endfacet
  facet normal -0.707075 -0.408039 0.577538
    outer loop
      vertex 5.63424 24.3415 4.86089
      vertex 5.28463 24.5433 4.57544
      vertex 5.71625 24.2549 4.90011
    endloop
  endfacet
  facet normal -0.707155 -0.409467 0.576428
    outer loop
      vertex 5.37095 24.5174 4.66284
      vertex 5.63424 24.3415 4.86089
      vertex 5.45943 24.4743 4.74077
    endloop
  endfacet
  facet normal -0.707048 -0.408743 0.577072
    outer loop
      vertex 5.45943 24.4743 4.74077
      vertex 5.63424 24.3415 4.86089
      vertex 5.54792 24.4152 4.80733
    endloop
  endfacet
  facet normal -0.707075 -0.408326 0.577334
    outer loop
      vertex 5.28463 24.5433 4.57544
      vertex 5.63424 24.3415 4.86089
      vertex 5.37095 24.5174 4.66284
    endloop
  endfacet
  facet normal -0.707125 -0.40798 0.577518
    outer loop
      vertex 5.12693 24.5416 4.38107
      vertex 5.79194 24.1576 4.92405
      vertex 5.71625 24.2549 4.90011
    endloop
  endfacet
  facet normal -0.707117 -0.408304 0.577298
    outer loop
      vertex 5.05944 24.514 4.2789
      vertex 5.85943 24.0521 4.9321
      vertex 5.79194 24.1576 4.92405
    endloop
  endfacet
  facet normal -0.707117 -0.408227 0.577353
    outer loop
      vertex 3.73444 23.749 2.11519
      vertex 5.85943 24.0521 4.9321
      vertex 5.05944 24.514 4.2789
    endloop
  endfacet
  facet normal -0.704769 -0.41172 0.577743
    outer loop
      vertex 3.67074 23.6964 2
      vertex 3.73444 23.749 2.11519
      vertex 3.67679 23.7043 2.01301
    endloop
  endfacet
  facet normal -0.707207 -0.408009 0.577397
    outer loop
      vertex 3.73444 23.749 2.11519
      vertex 3.67074 23.6964 2
      vertex 5.85943 24.0521 4.9321
    endloop
  endfacet
  facet normal -0.707107 -0.408246 0.577351
    outer loop
      vertex 3.67074 23.6964 2
      vertex 11.5594 14.1794 4.9321
      vertex 5.85943 24.0521 4.9321
    endloop
  endfacet
  facet normal -0.707102 -0.408347 0.577287
    outer loop
      vertex 14.1728 15.3209 8.93995
      vertex 18.3461 12.9115 12.3474
      vertex 17.6797 13.6149 12.0287
    endloop
  endfacet
  facet normal -0.707107 -0.40826 0.577342
    outer loop
      vertex 16.2707 9.95858 7.71762
      vertex 11.5594 14.1794 4.9321
      vertex 10.0386 12.8972 2.16279
    endloop
  endfacet
  facet normal -0.707112 -0.408253 0.577341
    outer loop
      vertex 3.67074 23.6964 2
      vertex 10.0386 12.8972 2.16279
      vertex 11.5594 14.1794 4.9321
    endloop
  endfacet
  facet normal -0.70676 -0.408037 0.577924
    outer loop
      vertex 3.67074 23.6964 2
      vertex 10.0087 12.8799 2.11401
      vertex 10.0386 12.8972 2.16279
    endloop
  endfacet
  facet normal -0.707187 -0.408294 0.57722
    outer loop
      vertex 10.0087 12.8799 2.11401
      vertex 3.67074 23.6964 2
      vertex 9.93891 12.8396 2
    endloop
  endfacet
  facet normal -0.707102 -0.40831 0.577313
    outer loop
      vertex 18.3461 12.9115 12.3474
      vertex 14.1728 15.3209 8.93995
      vertex 13.5579 15.2408 8.13016
    endloop
  endfacet
  facet normal -0.707104 -0.408307 0.577312
    outer loop
      vertex 14.1728 15.3209 8.93995
      vertex 17.6797 13.6149 12.0287
      vertex 14.8391 15.2549 9.70937
    endloop
  endfacet
  facet normal -0.70711 -0.408189 0.577389
    outer loop
      vertex 18.3461 12.9115 12.3474
      vertex 13.5579 15.2408 8.13016
      vertex 13.0094 15.0166 7.29993
    endloop
  endfacet
  facet normal -0.707104 -0.408188 0.577396
    outer loop
      vertex 14.8391 15.2549 9.70937
      vertex 17.6797 13.6149 12.0287
      vertex 15.5404 15.0444 10.4194
    endloop
  endfacet
  facet normal -0.707119 -0.408389 0.577236
    outer loop
      vertex 15.5404 15.0444 10.4194
      vertex 17.6797 13.6149 12.0287
      vertex 16.2594 14.6946 11.0527
    endloop
  endfacet
  facet normal -0.7071 -0.408251 0.577357
    outer loop
      vertex 16.2056 10.9686 8.35202
      vertex 13.0094 15.0166 7.29993
      vertex 11.5594 14.1794 4.9321
    endloop
  endfacet
  facet normal -0.707117 -0.40838 0.577244
    outer loop
      vertex 16.2594 14.6946 11.0527
      vertex 17.6797 13.6149 12.0287
      vertex 16.9784 14.2142 11.5936
    endloop
  endfacet
  facet normal -0.707069 -0.408164 0.577456
    outer loop
      vertex 13.0094 15.0166 7.29993
      vertex 16.6081 11.376 9.13309
      vertex 16.7533 11.3949 9.32424
    endloop
  endfacet
  facet normal -0.707042 -0.408047 0.577572
    outer loop
      vertex 16.917 11.3794 9.51383
      vertex 13.0094 15.0166 7.29993
      vertex 16.7597 11.3949 9.33222
    endloop
  endfacet
  facet normal -0.712051 -0.422768 0.560581
    outer loop
      vertex 16.7597 11.3949 9.33222
      vertex 13.0094 15.0166 7.29993
      vertex 16.7564 11.3953 9.32833
    endloop
  endfacet
  facet normal -0.707447 -0.40924 0.57623
    outer loop
      vertex 13.0094 15.0166 7.29993
      vertex 16.7533 11.3949 9.32424
      vertex 16.7564 11.3953 9.32833
    endloop
  endfacet
  facet normal -0.707106 -0.408255 0.577347
    outer loop
      vertex 13.0094 15.0166 7.29993
      vertex 16.4787 11.323 8.93713
      vertex 16.6081 11.376 9.13309
    endloop
  endfacet
  facet normal -0.706859 -0.407723 0.578024
    outer loop
      vertex 13.0094 15.0166 7.29993
      vertex 16.4759 11.3219 8.93293
      vertex 16.4787 11.323 8.93713
    endloop
  endfacet
  facet normal -0.707038 -0.408108 0.577533
    outer loop
      vertex 13.0094 15.0166 7.29993
      vertex 16.3629 11.2344 8.73276
      vertex 16.4759 11.3219 8.93293
    endloop
  endfacet
  facet normal -0.707181 -0.40837 0.577174
    outer loop
      vertex 13.0094 15.0166 7.29993
      vertex 16.274 11.1182 8.54162
      vertex 16.3629 11.2344 8.73276
    endloop
  endfacet
  facet normal -0.706926 -0.407967 0.57777
    outer loop
      vertex 13.0094 15.0166 7.29993
      vertex 16.2721 11.1157 8.53753
      vertex 16.274 11.1182 8.54162
    endloop
  endfacet
  facet normal -0.706855 -0.407855 0.577936
    outer loop
      vertex 13.0094 15.0166 7.29993
      vertex 16.2707 11.1126 8.53363
      vertex 16.2721 11.1157 8.53753
    endloop
  endfacet
  facet normal -0.707151 -0.40832 0.577246
    outer loop
      vertex 13.0094 15.0166 7.29993
      vertex 16.2056 10.9686 8.35202
      vertex 16.2707 11.1126 8.53363
    endloop
  endfacet
  facet normal -0.707087 -0.408104 0.577477
    outer loop
      vertex 11.5594 14.1794 4.9321
      vertex 16.1658 10.8004 8.18442
      vertex 16.2056 10.9686 8.35202
    endloop
  endfacet
  facet normal -0.707776 -0.413732 0.572607
    outer loop
      vertex 11.5594 14.1794 4.9321
      vertex 16.165 10.7968 8.18083
      vertex 16.1658 10.8004 8.18442
    endloop
  endfacet
  facet normal -0.707099 -0.408236 0.577369
    outer loop
      vertex 11.5594 14.1794 4.9321
      vertex 16.1516 10.6086 8.03135
      vertex 16.165 10.7968 8.18083
    endloop
  endfacet
  facet normal -0.706187 -0.402795 0.582286
    outer loop
      vertex 11.5594 14.1794 4.9321
      vertex 16.1513 10.6045 8.02815
      vertex 16.1516 10.6086 8.03135
    endloop
  endfacet
  facet normal -0.70803 -0.413962 0.572127
    outer loop
      vertex 11.5594 14.1794 4.9321
      vertex 16.1516 10.6002 8.02541
      vertex 16.1513 10.6045 8.02815
    endloop
  endfacet
  facet normal -0.707111 -0.408313 0.577299
    outer loop
      vertex 11.5594 14.1794 4.9321
      vertex 16.165 10.3965 7.89775
      vertex 16.1516 10.6002 8.02541
    endloop
  endfacet
  facet normal -0.707095 -0.408233 0.577375
    outer loop
      vertex 11.5594 14.1794 4.9321
      vertex 16.2056 10.1778 7.79284
      vertex 16.165 10.3965 7.89775
    endloop
  endfacet
  facet normal -0.707068 -0.408123 0.577486
    outer loop
      vertex 11.5594 14.1794 4.9321
      vertex 16.2707 9.95858 7.71762
      vertex 16.2056 10.1778 7.79284
    endloop
  endfacet
  facet normal -0.707022 -0.409367 0.576662
    outer loop
      vertex 10.0386 12.8972 2.16279
      vertex 16.2721 9.95388 7.716
      vertex 16.2707 9.95858 7.71762
    endloop
  endfacet
  facet normal -0.707117 -0.408116 0.577431
    outer loop
      vertex 10.0386 12.8972 2.16279
      vertex 16.361 9.73492 7.67011
      vertex 16.2721 9.95388 7.716
    endloop
  endfacet
  facet normal -0.707165 -0.407256 0.57798
    outer loop
      vertex 10.0386 12.8972 2.16279
      vertex 16.3629 9.73023 7.66913
      vertex 16.361 9.73492 7.67011
    endloop
  endfacet
  facet normal -0.707099 -0.408451 0.577217
    outer loop
      vertex 10.0386 12.8972 2.16279
      vertex 16.4759 9.51235 7.65338
      vertex 16.3629 9.73023 7.66913
    endloop
  endfacet
  facet normal -0.707113 -0.408083 0.57746
    outer loop
      vertex 10.0386 12.8972 2.16279
      vertex 16.6053 9.30995 7.6688
      vertex 16.4759 9.51235 7.65338
    endloop
  endfacet
  facet normal -0.706975 -0.413435 0.573809
    outer loop
      vertex 10.0386 12.8972 2.16279
      vertex 16.6081 9.30562 7.66913
      vertex 16.6053 9.30995 7.6688
    endloop
  endfacet
  facet normal -0.70715 -0.40626 0.578698
    outer loop
      vertex 10.0386 12.8972 2.16279
      vertex 16.6112 9.30162 7.67011
      vertex 16.6081 9.30562 7.66913
    endloop
  endfacet
  facet normal -0.707103 -0.40847 0.577199
    outer loop
      vertex 10.0386 12.8972 2.16279
      vertex 16.7564 9.11511 7.716
      vertex 16.6112 9.30162 7.67011
    endloop
  endfacet
  facet normal -0.707105 -0.408241 0.577357
    outer loop
      vertex 18.0594 2.92107 4.9321
      vertex 16.7564 9.11511 7.716
      vertex 10.0386 12.8972 2.16279
    endloop
  endfacet
  facet normal -0.716384 -0.405791 0.567563
    outer loop
      vertex 16.7564 9.11511 7.716
      vertex 18.0594 2.92107 4.9321
      vertex 16.7597 9.11155 7.71762
    endloop
  endfacet
  facet normal -0.707041 -0.408265 0.577419
    outer loop
      vertex 16.7597 9.11155 7.71762
      vertex 18.0594 2.92107 4.9321
      vertex 16.917 8.94552 7.79284
    endloop
  endfacet
  facet normal -0.707184 -0.408223 0.577274
    outer loop
      vertex 16.917 8.94552 7.79284
      vertex 18.0594 2.92107 4.9321
      vertex 17.0825 8.80406 7.89555
    endloop
  endfacet
  facet normal -0.70142 -0.410117 0.582935
    outer loop
      vertex 17.0825 8.80406 7.89555
      vertex 18.0594 2.92107 4.9321
      vertex 17.0861 8.80103 7.89775
    endloop
  endfacet
  facet normal -0.707108 -0.408243 0.577352
    outer loop
      vertex 19.5094 3.75823 7.29993
      vertex 17.0861 8.80103 7.89775
      vertex 18.0594 2.92107 4.9321
    endloop
  endfacet
  facet normal -0.706929 -0.408138 0.577646
    outer loop
      vertex 19.9778 4.12107 8.13016
      vertex 17.4292 8.60263 8.17762
      vertex 17.2594 8.68519 8.02815
    endloop
  endfacet
  facet normal -0.711456 -0.416979 0.565649
    outer loop
      vertex 20.6307 5.22364 9.70937
      vertex 17.6052 8.54978 8.35592
      vertex 17.6019 8.55012 8.35202
    endloop
  endfacet
  facet normal -0.707116 -0.408184 0.577384
    outer loop
      vertex 18.3676 9.32497 9.83771
      vertex 20.799 7.59668 11.5936
      vertex 20.6307 8.50369 12.0287
    endloop
  endfacet
  facet normal -0.707079 -0.408212 0.57741
    outer loop
      vertex 17.6052 8.54978 8.35592
      vertex 20.6307 5.22364 9.70937
      vertex 17.7625 8.5342 8.53753
    endloop
  endfacet
  facet normal -0.707107 -0.408275 0.577331
    outer loop
      vertex 17.7656 8.53461 8.54162
      vertex 20.8556 6.73378 11.0527
      vertex 20.799 7.59668 11.5936
    endloop
  endfacet
  facet normal -0.707061 -0.408201 0.57744
    outer loop
      vertex 20.3547 4.61357 8.93995
      vertex 17.6019 8.55012 8.35202
      vertex 17.4328 8.60086 8.18083
    endloop
  endfacet
  facet normal -0.710969 -0.410366 0.571072
    outer loop
      vertex 17.4292 8.60263 8.17762
      vertex 19.9778 4.12107 8.13016
      vertex 17.4328 8.60086 8.18083
    endloop
  endfacet
  facet normal -0.707107 -0.408257 0.577344
    outer loop
      vertex 17.7656 8.53461 8.54162
      vertex 20.799 5.93622 10.4194
      vertex 20.8556 6.73378 11.0527
    endloop
  endfacet
  facet normal -0.707131 -0.40825 0.577319
    outer loop
      vertex 17.0861 8.80103 7.89775
      vertex 19.5094 3.75823 7.29993
      vertex 17.2558 8.68762 8.02541
    endloop
  endfacet
  facet normal -0.707108 -0.408264 0.577338
    outer loop
      vertex 17.7656 8.53461 8.54162
      vertex 20.6307 5.22364 9.70937
      vertex 20.799 5.93622 10.4194
    endloop
  endfacet
  facet normal -0.707109 -0.408249 0.577347
    outer loop
      vertex 17.6019 8.55012 8.35202
      vertex 20.3547 4.61357 8.93995
      vertex 20.6307 5.22364 9.70937
    endloop
  endfacet
  facet normal -0.70709 -0.408234 0.577381
    outer loop
      vertex 17.4328 8.60086 8.18083
      vertex 19.9778 4.12107 8.13016
      vertex 20.3547 4.61357 8.93995
    endloop
  endfacet
  facet normal -0.707104 -0.408249 0.577354
    outer loop
      vertex 17.2594 8.68519 8.02815
      vertex 19.5094 3.75823 7.29993
      vertex 19.9778 4.12107 8.13016
    endloop
  endfacet
  facet normal -0.711244 -0.409276 0.571511
    outer loop
      vertex 17.2558 8.68762 8.02541
      vertex 19.5094 3.75823 7.29993
      vertex 17.2594 8.68519 8.02815
    endloop
  endfacet
  facet normal -0.707114 -0.408254 0.577337
    outer loop
      vertex 16.0814 2.4308 2.16279
      vertex 18.0594 2.92107 4.9321
      vertex 10.0386 12.8972 2.16279
    endloop
  endfacet
  facet normal -0.70715 -0.408176 0.577349
    outer loop
      vertex 16.1886 2.24508 2.16279
      vertex 18.0594 2.92107 4.9321
      vertex 16.0814 2.4308 2.16279
    endloop
  endfacet
  facet normal -0.706993 -0.408139 0.577567
    outer loop
      vertex 30.0844 -17.9068 4.9321
      vertex 16.1886 2.24508 2.16279
      vertex 16.1587 2.22783 2.114
    endloop
  endfacet
  facet normal -0.707136 -0.408276 0.577295
    outer loop
      vertex 30.0844 -17.9068 4.9321
      vertex 16.1587 2.22783 2.114
      vertex 16.0889 2.18753 2
    endloop
  endfacet
  facet normal -0.707112 -0.408252 0.577342
    outer loop
      vertex 16.1886 2.24508 2.16279
      vertex 30.0844 -17.9068 4.9321
      vertex 18.0594 2.92107 4.9321
    endloop
  endfacet
  facet normal -0.707105 -0.408246 0.577354
    outer loop
      vertex 28.1279 -18.6647 2
      vertex 30.0844 -17.9068 4.9321
      vertex 16.0889 2.18753 2
    endloop
  endfacet
  facet normal -0.70711 -0.408236 0.577355
    outer loop
      vertex 30.0844 -18.8306 4.2789
      vertex 30.0844 -17.9068 4.9321
      vertex 28.1279 -18.6647 2
    endloop
  endfacet
  facet normal -0.707182 -0.408195 0.577297
    outer loop
      vertex 30.2431 -18.3582 4.80733
      vertex 30.0844 -17.9068 4.9321
      vertex 30.0844 -18.8306 4.2789
    endloop
  endfacet
  facet normal -0.705495 -0.408068 0.579446
    outer loop
      vertex 30.1885 -18.1322 4.90011
      vertex 30.0844 -17.9068 4.9321
      vertex 30.2224 -18.2465 4.86089
    endloop
  endfacet
  facet normal -0.708188 -0.408773 0.575651
    outer loop
      vertex 30.0844 -17.9068 4.9321
      vertex 30.1885 -18.1322 4.90011
      vertex 30.1421 -18.0181 4.92405
    endloop
  endfacet
  facet normal -0.706393 -0.408186 0.578267
    outer loop
      vertex 30.0844 -17.9068 4.9321
      vertex 30.2431 -18.3582 4.80733
      vertex 30.2224 -18.2465 4.86089
    endloop
  endfacet
  facet normal -0.706834 -0.408526 0.577488
    outer loop
      vertex 30.2431 -18.3582 4.80733
      vertex 30.0844 -18.8306 4.2789
      vertex 30.2501 -18.4644 4.74077
    endloop
  endfacet
  facet normal -0.705989 -0.409416 0.577891
    outer loop
      vertex 30.2501 -18.4644 4.74077
      vertex 30.0844 -18.8306 4.2789
      vertex 30.2432 -18.5625 4.66284
    endloop
  endfacet
  facet normal -0.70777 -0.407341 0.577179
    outer loop
      vertex 30.2432 -18.5625 4.66284
      vertex 30.0844 -18.8306 4.2789
      vertex 30.2224 -18.6502 4.57544
    endloop
  endfacet
  facet normal -0.705497 -0.410257 0.577895
    outer loop
      vertex 30.2224 -18.6502 4.57544
      vertex 30.0844 -18.8306 4.2789
      vertex 30.1885 -18.7253 4.48074
    endloop
  endfacet
  facet normal -0.705372 -0.410434 0.577923
    outer loop
      vertex 30.1885 -18.7253 4.48074
      vertex 30.0844 -18.8306 4.2789
      vertex 30.1421 -18.7859 4.38107
    endloop
  endfacet
  facet normal -0.707083 -0.408323 0.577326
    outer loop
      vertex 30.0844 -18.8306 4.2789
      vertex 28.1279 -18.6647 2
      vertex 29.2499 -19.3124 2.91608
    endloop
  endfacet
  facet normal -0.707103 -0.408242 0.577359
    outer loop
      vertex 13.0094 15.0166 7.29993
      vertex 16.917 11.3794 9.51383
      vertex 18.3461 12.9115 12.3474
    endloop
  endfacet
  facet normal -0.707231 -0.408064 0.577328
    outer loop
      vertex 17.0825 11.3297 9.68144
      vertex 18.3461 12.9115 12.3474
      vertex 16.917 11.3794 9.51383
    endloop
  endfacet
  facet normal -0.703203 -0.413298 0.578524
    outer loop
      vertex 17.0861 11.3286 9.68503
      vertex 18.3461 12.9115 12.3474
      vertex 17.0825 11.3297 9.68144
    endloop
  endfacet
  facet normal -0.707067 -0.408286 0.577373
    outer loop
      vertex 17.2558 11.2461 9.83451
      vertex 18.3461 12.9115 12.3474
      vertex 17.0861 11.3286 9.68503
    endloop
  endfacet
  facet normal -0.712367 -0.401822 0.575389
    outer loop
      vertex 17.2594 11.2443 9.83771
      vertex 18.3461 12.9115 12.3474
      vertex 17.2558 11.2461 9.83451
    endloop
  endfacet
  facet normal -0.699122 -0.417776 0.580252
    outer loop
      vertex 17.2631 11.2419 9.84044
      vertex 18.3461 12.9115 12.3474
      vertex 17.2594 11.2443 9.83771
    endloop
  endfacet
  facet normal -0.707134 -0.408212 0.577343
    outer loop
      vertex 17.4328 11.1285 9.96811
      vertex 18.3461 12.9115 12.3474
      vertex 17.2631 11.2419 9.84044
    endloop
  endfacet
  facet normal -0.707126 -0.40822 0.577347
    outer loop
      vertex 18.3461 12.9115 12.3474
      vertex 17.4328 11.1285 9.96811
      vertex 18.961 12.1213 12.5418
    endloop
  endfacet
  facet normal -0.707179 -0.408132 0.577344
    outer loop
      vertex 17.5983 10.987 10.0708
      vertex 18.961 12.1213 12.5418
      vertex 17.4328 11.1285 9.96811
    endloop
  endfacet
  facet normal -0.701099 -0.417304 0.578202
    outer loop
      vertex 17.6019 10.984 10.073
      vertex 18.961 12.1213 12.5418
      vertex 17.5983 10.987 10.0708
    endloop
  endfacet
  facet normal -0.707141 -0.408208 0.577337
    outer loop
      vertex 18.961 12.1213 12.5418
      vertex 17.6019 10.984 10.073
      vertex 19.5094 11.2638 12.6072
    endloop
  endfacet
  facet normal -0.712387 -0.395305 0.579861
    outer loop
      vertex 17.6052 10.9804 10.0746
      vertex 19.5094 11.2638 12.6072
      vertex 17.6019 10.984 10.073
    endloop
  endfacet
  facet normal -0.70714 -0.408181 0.577357
    outer loop
      vertex 17.7625 10.8144 10.1499
      vertex 19.5094 11.2638 12.6072
      vertex 17.6052 10.9804 10.0746
    endloop
  endfacet
  facet normal -0.706939 -0.408619 0.577294
    outer loop
      vertex 17.9077 10.6279 10.1957
      vertex 19.5094 11.2638 12.6072
      vertex 17.7625 10.8144 10.1499
    endloop
  endfacet
  facet normal -0.708822 -0.404943 0.577575
    outer loop
      vertex 17.9108 10.6239 10.1967
      vertex 19.5094 11.2638 12.6072
      vertex 17.9077 10.6279 10.1957
    endloop
  endfacet
  facet normal -0.707196 -0.407968 0.577439
    outer loop
      vertex 19.9778 10.3601 12.5418
      vertex 17.9108 10.6239 10.1967
      vertex 18.043 10.4171 10.2125
    endloop
  endfacet
  facet normal -0.707107 -0.408284 0.577325
    outer loop
      vertex 17.9108 10.6239 10.1967
      vertex 19.9778 10.3601 12.5418
      vertex 19.5094 11.2638 12.6072
    endloop
  endfacet
  facet normal -0.70708 -0.408317 0.577334
    outer loop
      vertex 18.1536 10.2038 10.1971
      vertex 19.9778 10.3601 12.5418
      vertex 18.043 10.4171 10.2125
    endloop
  endfacet
  facet normal -0.70568 -0.411924 0.576485
    outer loop
      vertex 18.1559 10.1993 10.1967
      vertex 19.9778 10.3601 12.5418
      vertex 18.1536 10.2038 10.1971
    endloop
  endfacet
  facet normal -0.707046 -0.408626 0.577158
    outer loop
      vertex 20.3547 9.43244 12.3474
      vertex 18.1559 10.1993 10.1967
      vertex 18.1578 10.1946 10.1957
    endloop
  endfacet
  facet normal -0.707124 -0.408126 0.577415
    outer loop
      vertex 20.3547 9.43244 12.3474
      vertex 18.1578 10.1946 10.1957
      vertex 18.2468 9.9756 10.1499
    endloop
  endfacet
  facet normal -0.70709 -0.40829 0.577341
    outer loop
      vertex 20.3547 9.43244 12.3474
      vertex 18.2468 9.9756 10.1499
      vertex 18.3119 9.75638 10.0746
    endloop
  endfacet
  facet normal -0.707337 -0.407359 0.577696
    outer loop
      vertex 20.3547 9.43244 12.3474
      vertex 18.3119 9.75638 10.0746
      vertex 18.3133 9.75168 10.073
    endloop
  endfacet
  facet normal -0.706907 -0.414286 0.573279
    outer loop
      vertex 20.6307 8.50369 12.0287
      vertex 18.3133 9.75168 10.073
      vertex 18.3142 9.7471 10.0708
    endloop
  endfacet
  facet normal -0.707111 -0.408102 0.577448
    outer loop
      vertex 20.6307 8.50369 12.0287
      vertex 18.3142 9.7471 10.0708
      vertex 18.3539 9.53301 9.96811
    endloop
  endfacet
  facet normal -0.7071 -0.408275 0.577339
    outer loop
      vertex 18.1559 10.1993 10.1967
      vertex 20.3547 9.43244 12.3474
      vertex 19.9778 10.3601 12.5418
    endloop
  endfacet
  facet normal -0.707087 -0.408372 0.577287
    outer loop
      vertex 20.6307 8.50369 12.0287
      vertex 18.3539 9.53301 9.96811
      vertex 18.3673 9.32933 9.84044
    endloop
  endfacet
  facet normal -0.706896 -0.409674 0.576598
    outer loop
      vertex 20.6307 8.50369 12.0287
      vertex 18.3673 9.32933 9.84044
      vertex 18.3676 9.32497 9.83771
    endloop
  endfacet
  facet normal -0.707112 -0.408144 0.577418
    outer loop
      vertex 20.799 7.59668 11.5936
      vertex 18.3676 9.32497 9.83771
      vertex 18.3542 9.13671 9.68823
    endloop
  endfacet
  facet normal -0.707053 -0.406717 0.578495
    outer loop
      vertex 20.799 7.59668 11.5936
      vertex 18.3542 9.13671 9.68823
      vertex 18.3539 9.13268 9.68503
    endloop
  endfacet
  facet normal -0.707114 -0.408231 0.577354
    outer loop
      vertex 20.799 7.59668 11.5936
      vertex 18.3539 9.13268 9.68503
      vertex 18.3133 8.96088 9.51383
    endloop
  endfacet
  facet normal -0.707133 -0.40727 0.578008
    outer loop
      vertex 20.799 7.59668 11.5936
      vertex 18.3133 8.96088 9.51383
      vertex 18.3119 8.95779 9.50994
    endloop
  endfacet
  facet normal -0.707109 -0.408379 0.577255
    outer loop
      vertex 20.799 7.59668 11.5936
      vertex 18.3119 8.95779 9.50994
      vertex 18.2468 8.8138 9.32833
    endloop
  endfacet
  facet normal -0.707161 -0.407667 0.577695
    outer loop
      vertex 20.799 7.59668 11.5936
      vertex 18.2468 8.8138 9.32833
      vertex 18.2449 8.8113 9.32424
    endloop
  endfacet
  facet normal -0.707129 -0.408097 0.57743
    outer loop
      vertex 20.799 7.59668 11.5936
      vertex 18.2449 8.8113 9.32424
      vertex 18.1559 8.69505 9.13309
    endloop
  endfacet
  facet normal -0.705559 -0.421193 0.569897
    outer loop
      vertex 20.799 7.59668 11.5936
      vertex 18.1559 8.69505 9.13309
      vertex 18.1536 8.69322 9.12889
    endloop
  endfacet
  facet normal -0.707146 -0.408031 0.577456
    outer loop
      vertex 20.799 7.59668 11.5936
      vertex 18.1536 8.69322 9.12889
      vertex 18.043 8.60757 8.93293
    endloop
  endfacet
  facet normal -0.707076 -0.408512 0.577201
    outer loop
      vertex 20.799 7.59668 11.5936
      vertex 18.043 8.60757 8.93293
      vertex 17.9136 8.55465 8.73696
    endloop
  endfacet
  facet normal -0.708321 -0.400869 0.581021
    outer loop
      vertex 20.799 7.59668 11.5936
      vertex 17.9136 8.55465 8.73696
      vertex 17.9108 8.55351 8.73276
    endloop
  endfacet
  facet normal -0.707245 -0.4085 0.577003
    outer loop
      vertex 20.6307 5.22364 9.70937
      vertex 17.7656 8.53461 8.54162
      vertex 17.7625 8.5342 8.53753
    endloop
  endfacet
  facet normal -0.707099 -0.408251 0.577358
    outer loop
      vertex 18.3133 9.75168 10.073
      vertex 20.6307 8.50369 12.0287
      vertex 20.3547 9.43244 12.3474
    endloop
  endfacet
  facet normal -0.707185 -0.407841 0.577542
    outer loop
      vertex 17.7656 8.53461 8.54162
      vertex 20.799 7.59668 11.5936
      vertex 17.9108 8.55351 8.73276
    endloop
  endfacet
  facet normal -0.707001 -0.408187 0.577523
    outer loop
      vertex 14.6575 1.83843 0
      vertex 8.91504 11.75 -0.0244942
      vertex 14.6333 1.84569 -0.0244942
    endloop
  endfacet
  facet normal -0.707627 -0.408552 0.576498
    outer loop
      vertex 8.91504 11.75 -0.0244942
      vertex 14.6575 1.83843 0
      vertex 8.92085 11.7745 0
    endloop
  endfacet
  facet normal 0.165099 -0.889208 -0.426675
    outer loop
      vertex 14.6333 1.84569 -0.0244942
      vertex 14.8194 1.86849 0
      vertex 14.6575 1.83843 0
    endloop
  endfacet
  facet normal 0.165093 -0.889249 -0.426591
    outer loop
      vertex 14.8194 1.86849 0
      vertex 14.6333 1.84569 -0.0244942
      vertex 14.8494 1.88581 -0.0244942
    endloop
  endfacet
  facet normal 0.270598 -0.910577 -0.312452
    outer loop
      vertex 14.8494 1.88581 -0.0244942
      vertex 16.428 2.34652 0
      vertex 14.8194 1.86849 0
    endloop
  endfacet
  facet normal 0.270598 -0.910577 -0.312452
    outer loop
      vertex 16.428 2.34652 0
      vertex 14.8494 1.88581 -0.0244942
      vertex 16.458 2.36384 -0.0244942
    endloop
  endfacet
  facet normal 0.369464 -0.909489 -0.190593
    outer loop
      vertex 16.458 2.36384 -0.0244942
      vertex 17.657 2.84578 0
      vertex 16.428 2.34652 0
    endloop
  endfacet
  facet normal 0.369464 -0.909489 -0.190593
    outer loop
      vertex 17.657 2.84578 0
      vertex 16.458 2.36384 -0.0244942
      vertex 17.687 2.8631 -0.0244942
    endloop
  endfacet
  facet normal -0.500274 -0.288833 -0.816273
    outer loop
      vertex 29.6 -17.8401 0
      vertex 17.687 2.8631 -0.0244942
      vertex 29.66 -17.8748 -0.0244942
    endloop
  endfacet
  facet normal -0.499993 -0.288671 -0.816502
    outer loop
      vertex 17.687 2.8631 -0.0244942
      vertex 29.6 -17.8401 0
      vertex 17.657 2.84578 0
    endloop
  endfacet
  facet normal 0.500002 -0.866024 -6.19309e-07
    outer loop
      vertex 29.2499 -19.3124 2.91608
      vertex 32.1845 -17.6181 2.56417
      vertex 30.0844 -18.8306 4.2789
    endloop
  endfacet
  facet normal 0.500001 -0.866025 -3.44596e-06
    outer loop
      vertex 29.2499 -19.3124 2.91608
      vertex 31.5206 -18.0014 1.47995
      vertex 32.1845 -17.6181 2.56417
    endloop
  endfacet
  facet normal 0.500007 -0.866022 7.25286e-06
    outer loop
      vertex 31.5206 -18.0014 1.47995
      vertex 29.2499 -19.3124 2.91608
      vertex 31.35 -18.0999 1.20135
    endloop
  endfacet
  facet normal 0.537725 -0.840678 0.064124
    outer loop
      vertex 30.0844 -18.8306 4.2789
      vertex 32.2422 -17.5734 2.66634
      vertex 30.1421 -18.7859 4.38107
    endloop
  endfacet
  facet normal 0.537725 -0.840678 0.064124
    outer loop
      vertex 32.2422 -17.5734 2.66634
      vertex 30.0844 -18.8306 4.2789
      vertex 32.1845 -17.6181 2.56417
    endloop
  endfacet
  facet normal 0.602834 -0.774804 0.190445
    outer loop
      vertex 30.1421 -18.7859 4.38107
      vertex 32.2886 -17.5128 2.76601
      vertex 30.1885 -18.7253 4.48074
    endloop
  endfacet
  facet normal 0.602834 -0.774804 0.190445
    outer loop
      vertex 32.2886 -17.5128 2.76601
      vertex 30.1421 -18.7859 4.38107
      vertex 32.2422 -17.5734 2.66634
    endloop
  endfacet
  facet normal 0.653402 -0.689368 0.31279
    outer loop
      vertex 30.1885 -18.7253 4.48074
      vertex 32.3225 -17.4377 2.86071
      vertex 30.2224 -18.6502 4.57544
    endloop
  endfacet
  facet normal 0.653402 -0.689368 0.31279
    outer loop
      vertex 32.3225 -17.4377 2.86071
      vertex 30.1885 -18.7253 4.48074
      vertex 32.2886 -17.5128 2.76601
    endloop
  endfacet
  facet normal 0.687495 -0.587895 0.426298
    outer loop
      vertex 30.2224 -18.6502 4.57544
      vertex 32.3433 -17.35 2.94811
      vertex 30.2432 -18.5625 4.66284
    endloop
  endfacet
  facet normal 0.687495 -0.587895 0.426298
    outer loop
      vertex 32.3433 -17.35 2.94811
      vertex 30.2224 -18.6502 4.57544
      vertex 32.3225 -17.4377 2.86071
    endloop
  endfacet
  facet normal 0.704938 -0.470913 0.53038
    outer loop
      vertex 30.2432 -18.5625 4.66284
      vertex 32.3502 -17.2519 3.02604
      vertex 30.2501 -18.4644 4.74077
    endloop
  endfacet
  facet normal 0.704938 -0.470913 0.53038
    outer loop
      vertex 32.3502 -17.2519 3.02604
      vertex 30.2432 -18.5625 4.66284
      vertex 32.3433 -17.35 2.94811
    endloop
  endfacet
  facet normal 0.70493 -0.343221 0.620704
    outer loop
      vertex 30.2431 -18.3582 4.80733
      vertex 32.3502 -17.2519 3.02604
      vertex 32.3433 -17.1457 3.0926
    endloop
  endfacet
  facet normal 0.704916 -0.342736 0.620988
    outer loop
      vertex 32.3502 -17.2519 3.02604
      vertex 30.2431 -18.3582 4.80733
      vertex 30.2501 -18.4644 4.74077
    endloop
  endfacet
  facet normal 0.687486 -0.205902 0.696396
    outer loop
      vertex 30.2224 -18.2465 4.86089
      vertex 32.3433 -17.1457 3.0926
      vertex 32.3225 -17.034 3.14616
    endloop
  endfacet
  facet normal 0.68756 -0.206399 0.696176
    outer loop
      vertex 32.3433 -17.1457 3.0926
      vertex 30.2224 -18.2465 4.86089
      vertex 30.2431 -18.3582 4.80733
    endloop
  endfacet
  facet normal 0.653374 -0.0650203 0.754238
    outer loop
      vertex 30.1885 -18.1322 4.90011
      vertex 32.3225 -17.034 3.14616
      vertex 32.2886 -16.9197 3.18538
    endloop
  endfacet
  facet normal 0.653374 -0.0650203 0.754238
    outer loop
      vertex 32.3225 -17.034 3.14616
      vertex 30.1885 -18.1322 4.90011
      vertex 30.2224 -18.2465 4.86089
    endloop
  endfacet
  facet normal 0.602885 0.0785869 0.793948
    outer loop
      vertex 30.1421 -18.0181 4.92405
      vertex 32.2886 -16.9197 3.18538
      vertex 32.2422 -16.8056 3.20932
    endloop
  endfacet
  facet normal 0.602885 0.0785869 0.793948
    outer loop
      vertex 32.2886 -16.9197 3.18538
      vertex 30.1421 -18.0181 4.92405
      vertex 30.1885 -18.1322 4.90011
    endloop
  endfacet
  facet normal 0.537674 0.219867 0.813981
    outer loop
      vertex 30.0844 -17.9068 4.9321
      vertex 32.2422 -16.8056 3.20932
      vertex 32.1845 -16.6943 3.21737
    endloop
  endfacet
  facet normal 0.537674 0.219867 0.813981
    outer loop
      vertex 32.2422 -16.8056 3.20932
      vertex 30.0844 -17.9068 4.9321
      vertex 30.1421 -18.0181 4.92405
    endloop
  endfacet
  facet normal 0.500012 0.288655 0.816496
    outer loop
      vertex 31.5366 -15.572 3.21737
      vertex 30.0844 -17.9068 4.9321
      vertex 32.1845 -16.6943 3.21737
    endloop
  endfacet
  facet normal 0.5 0.288677 0.816496
    outer loop
      vertex 18.0594 2.92107 4.9321
      vertex 31.5366 -15.572 3.21737
      vertex 20.1595 4.13357 3.21737
    endloop
  endfacet
  facet normal 0.499993 0.288672 0.816502
    outer loop
      vertex 31.5366 -15.572 3.21737
      vertex 18.0594 2.92107 4.9321
      vertex 30.0844 -17.9068 4.9321
    endloop
  endfacet
  facet normal 0.500002 -0.866024 -6.13494e-07
    outer loop
      vertex 18.0594 2.92107 4.9321
      vertex 21.6095 4.97073 5.5852
      vertex 19.5094 3.75823 7.29993
    endloop
  endfacet
  facet normal 0.500002 -0.866024 -6.13494e-07
    outer loop
      vertex 21.6095 4.97073 5.5852
      vertex 18.0594 2.92107 4.9321
      vertex 20.1595 4.13357 3.21737
    endloop
  endfacet
  facet normal 0.537691 -0.840705 0.0640628
    outer loop
      vertex 19.5094 3.75823 7.29993
      vertex 22.0779 5.33357 6.41543
      vertex 19.9778 4.12107 8.13016
    endloop
  endfacet
  facet normal 0.537691 -0.840705 0.0640628
    outer loop
      vertex 22.0779 5.33357 6.41543
      vertex 19.5094 3.75823 7.29993
      vertex 21.6095 4.97073 5.5852
    endloop
  endfacet
  facet normal 0.602893 -0.774727 0.190571
    outer loop
      vertex 19.9778 4.12107 8.13016
      vertex 22.4548 5.82607 7.22522
      vertex 20.3547 4.61357 8.93995
    endloop
  endfacet
  facet normal 0.602893 -0.774727 0.190571
    outer loop
      vertex 22.4548 5.82607 7.22522
      vertex 19.9778 4.12107 8.13016
      vertex 22.0779 5.33357 6.41543
    endloop
  endfacet
  facet normal 0.653292 -0.689623 0.312456
    outer loop
      vertex 20.3547 4.61357 8.93995
      vertex 21.7547 5.8726 8.7916
      vertex 20.6307 5.22364 9.70937
    endloop
  endfacet
  facet normal 0.65329 -0.68962 0.312468
    outer loop
      vertex 20.3547 4.61357 8.93995
      vertex 21.396 5.25157 8.17093
      vertex 21.7547 5.8726 8.7916
    endloop
  endfacet
  facet normal 0.653309 -0.689575 0.31253
    outer loop
      vertex 22.4548 5.82607 7.22522
      vertex 21.396 5.25157 8.17093
      vertex 20.3547 4.61357 8.93995
    endloop
  endfacet
  facet normal 0.653045 -0.690104 0.311913
    outer loop
      vertex 21.396 5.25157 8.17093
      vertex 22.4548 5.82607 7.22522
      vertex 21.7699 5.46742 7.86567
    endloop
  endfacet
  facet normal 0.653371 -0.689478 0.312612
    outer loop
      vertex 21.7699 5.46742 7.86567
      vertex 22.4548 5.82607 7.22522
      vertex 22.4773 5.87587 7.28803
    endloop
  endfacet
  facet normal 0.68757 -0.587537 0.42667
    outer loop
      vertex 20.6307 5.22364 9.70937
      vertex 22.0288 6.64624 9.41532
      vertex 20.799 5.93622 10.4194
    endloop
  endfacet
  facet normal 0.687582 -0.587558 0.426622
    outer loop
      vertex 22.0288 6.64624 9.41532
      vertex 20.6307 5.22364 9.70937
      vertex 21.7547 5.8726 8.7916
    endloop
  endfacet
  facet normal 0.704925 -0.471074 0.530255
    outer loop
      vertex 20.799 5.93622 10.4194
      vertex 22.1797 7.49825 9.97158
      vertex 20.8556 6.73378 11.0527
    endloop
  endfacet
  facet normal 0.704916 -0.471058 0.530281
    outer loop
      vertex 22.1797 7.49825 9.97158
      vertex 20.799 5.93622 10.4194
      vertex 22.0288 6.64624 9.41532
    endloop
  endfacet
  facet normal 0.70492 -0.342965 0.620856
    outer loop
      vertex 20.799 7.59668 11.5936
      vertex 22.1797 7.49825 9.97158
      vertex 22.2037 8.40767 10.4467
    endloop
  endfacet
  facet normal 0.704927 -0.342942 0.620861
    outer loop
      vertex 22.1797 7.49825 9.97158
      vertex 20.799 7.59668 11.5936
      vertex 20.8556 6.73378 11.0527
    endloop
  endfacet
  facet normal 0.687575 -0.206316 0.696186
    outer loop
      vertex 20.6307 8.50369 12.0287
      vertex 22.2037 8.40767 10.4467
      vertex 22.1001 9.35209 10.8289
    endloop
  endfacet
  facet normal 0.687563 -0.206382 0.696178
    outer loop
      vertex 22.2037 8.40767 10.4467
      vertex 20.6307 8.50369 12.0287
      vertex 20.799 7.59668 11.5936
    endloop
  endfacet
  facet normal 0.653294 -0.0646936 0.754335
    outer loop
      vertex 20.3547 9.43244 12.3474
      vertex 22.1001 9.35209 10.8289
      vertex 21.8716 10.3083 11.1088
    endloop
  endfacet
  facet normal 0.653293 -0.064708 0.754335
    outer loop
      vertex 22.1001 9.35209 10.8289
      vertex 20.3547 9.43244 12.3474
      vertex 20.6307 8.50369 12.0287
    endloop
  endfacet
  facet normal 0.602905 0.0785195 0.793939
    outer loop
      vertex 19.9778 10.3601 12.5418
      vertex 21.8716 10.3083 11.1088
      vertex 21.5237 11.2526 11.2796
    endloop
  endfacet
  facet normal 0.602904 0.0785778 0.793935
    outer loop
      vertex 21.8716 10.3083 11.1088
      vertex 19.9778 10.3601 12.5418
      vertex 20.3547 9.43244 12.3474
    endloop
  endfacet
  facet normal 0.537705 0.219805 0.813978
    outer loop
      vertex 19.5094 11.2638 12.6072
      vertex 21.5237 11.2526 11.2796
      vertex 21.0651 12.1619 11.337
    endloop
  endfacet
  facet normal 0.537706 0.219793 0.81398
    outer loop
      vertex 21.5237 11.2526 11.2796
      vertex 19.5094 11.2638 12.6072
      vertex 19.9778 10.3601 12.5418
    endloop
  endfacet
  facet normal 0.459224 0.355747 0.813976
    outer loop
      vertex 20.5069 13.0138 11.2796
      vertex 19.5094 11.2638 12.6072
      vertex 21.0651 12.1619 11.337
    endloop
  endfacet
  facet normal 0.459208 0.35576 0.81398
    outer loop
      vertex 19.5094 11.2638 12.6072
      vertex 20.5069 13.0138 11.2796
      vertex 18.961 12.1213 12.5418
    endloop
  endfacet
  facet normal 0.369459 0.482869 0.793938
    outer loop
      vertex 19.863 13.7873 11.1088
      vertex 18.961 12.1213 12.5418
      vertex 20.5069 13.0138 11.2796
    endloop
  endfacet
  facet normal 0.369497 0.482846 0.793934
    outer loop
      vertex 18.961 12.1213 12.5418
      vertex 19.863 13.7873 11.1088
      vertex 18.3461 12.9115 12.3474
    endloop
  endfacet
  facet normal 0.270628 0.5981 0.754345
    outer loop
      vertex 19.1492 14.4633 10.8289
      vertex 18.3461 12.9115 12.3474
      vertex 19.863 13.7873 11.1088
    endloop
  endfacet
  facet normal 0.270576 0.598125 0.754344
    outer loop
      vertex 18.3461 12.9115 12.3474
      vertex 19.1492 14.4633 10.8289
      vertex 17.6797 13.6149 12.0287
    endloop
  endfacet
  facet normal 0.165033 0.698657 0.696163
    outer loop
      vertex 18.3831 15.0251 10.4467
      vertex 17.6797 13.6149 12.0287
      vertex 19.1492 14.4633 10.8289
    endloop
  endfacet
  facet normal 0.165102 0.698632 0.696172
    outer loop
      vertex 17.6797 13.6149 12.0287
      vertex 18.3831 15.0251 10.4467
      vertex 16.9784 14.2142 11.5936
    endloop
  endfacet
  facet normal 0.0555371 0.781937 0.620879
    outer loop
      vertex 17.7233 15.3833 10.0546
      vertex 16.9784 14.2142 11.5936
      vertex 18.3831 15.0251 10.4467
    endloop
  endfacet
  facet normal 0.0553268 0.781997 0.620822
    outer loop
      vertex 17.5835 15.4591 9.97158
      vertex 16.9784 14.2142 11.5936
      vertex 17.7233 15.3833 10.0546
    endloop
  endfacet
  facet normal 0.0554214 0.781975 0.620841
    outer loop
      vertex 16.9784 14.2142 11.5936
      vertex 17.5835 15.4591 9.97158
      vertex 16.2594 14.6946 11.0527
    endloop
  endfacet
  facet normal -0.055499 0.846009 0.530272
    outer loop
      vertex 16.7702 15.7544 9.41533
      vertex 16.2594 14.6946 11.0527
      vertex 17.5835 15.4591 9.97158
    endloop
  endfacet
  facet normal -0.0554809 0.846007 0.530277
    outer loop
      vertex 16.2594 14.6946 11.0527
      vertex 16.7702 15.7544 9.41533
      vertex 15.5404 15.0444 10.4194
    endloop
  endfacet
  facet normal -0.165092 0.889246 0.426599
    outer loop
      vertex 15.9632 15.9038 8.7916
      vertex 15.5404 15.0444 10.4194
      vertex 16.7702 15.7544 9.41533
    endloop
  endfacet
  facet normal -0.165016 0.88925 0.42662
    outer loop
      vertex 15.5404 15.0444 10.4194
      vertex 15.9632 15.9038 8.7916
      vertex 14.8391 15.2549 9.70937
    endloop
  endfacet
  facet normal -0.270533 0.91059 0.312471
    outer loop
      vertex 15.246 15.9037 8.17095
      vertex 14.8391 15.2549 9.70937
      vertex 15.9632 15.9038 8.7916
    endloop
  endfacet
  facet normal -0.270605 0.910577 0.312446
    outer loop
      vertex 14.8391 15.2549 9.70937
      vertex 15.246 15.9037 8.17095
      vertex 14.1728 15.3209 8.93995
    endloop
  endfacet
  facet normal -0.26918 0.910483 0.313948
    outer loop
      vertex 16.2729 16.5334 7.22522
      vertex 15.246 15.9037 8.17095
      vertex 15.6199 16.1195 7.86569
    endloop
  endfacet
  facet normal -0.275056 0.910721 0.308111
    outer loop
      vertex 16.2729 16.5334 7.22522
      vertex 15.6199 16.1195 7.86569
      vertex 15.7091 16.1711 7.7928
    endloop
  endfacet
  facet normal -0.270541 0.910576 0.312503
    outer loop
      vertex 16.2729 16.5334 7.22522
      vertex 15.7091 16.1711 7.7928
      vertex 16.3273 16.528 7.28805
    endloop
  endfacet
  facet normal -0.270546 0.910568 0.312522
    outer loop
      vertex 15.246 15.9037 8.17095
      vertex 16.2729 16.5334 7.22522
      vertex 14.1728 15.3209 8.93995
    endloop
  endfacet
  facet normal -0.369475 0.909485 0.190593
    outer loop
      vertex 16.2729 16.5334 7.22522
      vertex 13.5579 15.2408 8.13016
      vertex 14.1728 15.3209 8.93995
    endloop
  endfacet
  facet normal -0.369475 0.909485 0.190593
    outer loop
      vertex 13.5579 15.2408 8.13016
      vertex 16.2729 16.5334 7.22522
      vertex 15.658 16.4533 6.41543
    endloop
  endfacet
  facet normal -0.459199 0.886017 0.0641098
    outer loop
      vertex 15.658 16.4533 6.41543
      vertex 13.0094 15.0166 7.29993
      vertex 13.5579 15.2408 8.13016
    endloop
  endfacet
  facet normal -0.459199 0.886017 0.0641098
    outer loop
      vertex 13.0094 15.0166 7.29993
      vertex 15.658 16.4533 6.41543
      vertex 15.1095 16.2291 5.5852
    endloop
  endfacet
  facet normal -0.500008 0.866021 -9.13967e-06
    outer loop
      vertex 15.1095 16.2291 5.5852
      vertex 11.5594 14.1794 4.9321
      vertex 13.0094 15.0166 7.29993
    endloop
  endfacet
  facet normal -0.500008 0.866021 -9.13967e-06
    outer loop
      vertex 11.5594 14.1794 4.9321
      vertex 15.1095 16.2291 5.5852
      vertex 13.6595 15.3919 3.21737
    endloop
  endfacet
  facet normal 0.500002 0.288674 0.816496
    outer loop
      vertex 7.95954 25.2646 3.21737
      vertex 11.5594 14.1794 4.9321
      vertex 13.6595 15.3919 3.21737
    endloop
  endfacet
  facet normal 0.5 0.288673 0.816497
    outer loop
      vertex 11.5594 14.1794 4.9321
      vertex 7.95954 25.2646 3.21737
      vertex 5.85943 24.0521 4.9321
    endloop
  endfacet
  facet normal 0.45914 0.355871 0.81397
    outer loop
      vertex 7.89204 25.3701 3.20932
      vertex 5.85943 24.0521 4.9321
      vertex 7.95954 25.2646 3.21737
    endloop
  endfacet
  facet normal 0.459161 0.355841 0.813971
    outer loop
      vertex 5.85943 24.0521 4.9321
      vertex 7.89204 25.3701 3.20932
      vertex 5.79194 24.1576 4.92405
    endloop
  endfacet
  facet normal 0.369519 0.482797 0.793954
    outer loop
      vertex 7.81635 25.4674 3.18538
      vertex 5.79194 24.1576 4.92405
      vertex 7.89204 25.3701 3.20932
    endloop
  endfacet
  facet normal 0.369519 0.482797 0.793954
    outer loop
      vertex 5.79194 24.1576 4.92405
      vertex 7.81635 25.4674 3.18538
      vertex 5.71625 24.2549 4.90011
    endloop
  endfacet
  facet normal 0.2707 0.598007 0.754393
    outer loop
      vertex 7.73434 25.554 3.14616
      vertex 5.71625 24.2549 4.90011
      vertex 7.81635 25.4674 3.18538
    endloop
  endfacet
  facet normal 0.2707 0.598007 0.754393
    outer loop
      vertex 5.71625 24.2549 4.90011
      vertex 7.73434 25.554 3.14616
      vertex 5.63424 24.3415 4.86089
    endloop
  endfacet
  facet normal 0.164822 0.698845 0.696024
    outer loop
      vertex 7.64803 25.6277 3.0926
      vertex 5.63424 24.3415 4.86089
      vertex 7.73434 25.554 3.14616
    endloop
  endfacet
  facet normal 0.164813 0.698852 0.696019
    outer loop
      vertex 5.63424 24.3415 4.86089
      vertex 7.64803 25.6277 3.0926
      vertex 5.54792 24.4152 4.80733
    endloop
  endfacet
  facet normal 0.0553594 0.782028 0.62078
    outer loop
      vertex 7.55954 25.6868 3.02604
      vertex 5.54792 24.4152 4.80733
      vertex 7.64803 25.6277 3.0926
    endloop
  endfacet
  facet normal 0.0553594 0.782028 0.62078
    outer loop
      vertex 5.54792 24.4152 4.80733
      vertex 7.55954 25.6868 3.02604
      vertex 5.45943 24.4743 4.74077
    endloop
  endfacet
  facet normal -0.0552084 0.845878 0.530511
    outer loop
      vertex 7.47105 25.7299 2.94811
      vertex 5.45943 24.4743 4.74077
      vertex 7.55954 25.6868 3.02604
    endloop
  endfacet
  facet normal -0.0552116 0.84588 0.530509
    outer loop
      vertex 5.45943 24.4743 4.74077
      vertex 7.47105 25.7299 2.94811
      vertex 5.37095 24.5174 4.66284
    endloop
  endfacet
  facet normal -0.165115 0.889253 0.426575
    outer loop
      vertex 7.38474 25.7558 2.86071
      vertex 5.37095 24.5174 4.66284
      vertex 7.47105 25.7299 2.94811
    endloop
  endfacet
  facet normal -0.165105 0.88925 0.426584
    outer loop
      vertex 5.37095 24.5174 4.66284
      vertex 7.38474 25.7558 2.86071
      vertex 5.28463 24.5433 4.57544
    endloop
  endfacet
  facet normal -0.270716 0.910586 0.312325
    outer loop
      vertex 7.30273 25.7639 2.76601
      vertex 5.28463 24.5433 4.57544
      vertex 7.38474 25.7558 2.86071
    endloop
  endfacet
  facet normal -0.270716 0.910586 0.312325
    outer loop
      vertex 5.28463 24.5433 4.57544
      vertex 7.30273 25.7639 2.76601
      vertex 5.20262 24.5514 4.48074
    endloop
  endfacet
  facet normal -0.369204 0.90952 0.190948
    outer loop
      vertex 7.30273 25.7639 2.76601
      vertex 5.12693 24.5416 4.38107
      vertex 5.20262 24.5514 4.48074
    endloop
  endfacet
  facet normal -0.369204 0.90952 0.190948
    outer loop
      vertex 5.12693 24.5416 4.38107
      vertex 7.30273 25.7639 2.76601
      vertex 7.22704 25.7541 2.66634
    endloop
  endfacet
  facet normal -0.459253 0.885995 0.0640259
    outer loop
      vertex 7.22704 25.7541 2.66634
      vertex 5.05944 24.514 4.2789
      vertex 5.12693 24.5416 4.38107
    endloop
  endfacet
  facet normal -0.459253 0.885995 0.0640259
    outer loop
      vertex 5.05944 24.514 4.2789
      vertex 7.22704 25.7541 2.66634
      vertex 7.15955 25.7265 2.56417
    endloop
  endfacet
  facet normal -0.500023 0.866012 -3.77377e-05
    outer loop
      vertex 6.81407 25.527 2
      vertex 5.05944 24.514 4.2789
      vertex 7.15955 25.7265 2.56417
    endloop
  endfacet
  facet normal -0.500005 0.866023 -1.86194e-05
    outer loop
      vertex 5.05944 24.514 4.2789
      vertex 6.81407 25.527 2
      vertex 3.87551 23.8304 2
    endloop
  endfacet
  facet normal -0.499858 0.866107 -0.000120214
    outer loop
      vertex 5.05944 24.514 4.2789
      vertex 3.87551 23.8304 2
      vertex 3.73444 23.749 2.11519
    endloop
  endfacet
  facet normal -0.537676 0.840688 -0.0643976
    outer loop
      vertex 3.69273 23.7135 2
      vertex 3.73444 23.749 2.11519
      vertex 3.87551 23.8304 2
    endloop
  endfacet
  facet normal -0.537732 0.840655 -0.0643673
    outer loop
      vertex 3.73444 23.749 2.11519
      vertex 3.69273 23.7135 2
      vertex 3.67679 23.7043 2.01301
    endloop
  endfacet
  facet normal -0.602643 0.774978 -0.190341
    outer loop
      vertex 3.67679 23.7043 2.01301
      vertex 3.69273 23.7135 2
      vertex 3.67074 23.6964 2
    endloop
  endfacet
  facet normal -0.694942 0.585736 -0.417096
    outer loop
      vertex 5.69723 24.7065 0
      vertex 5.69704 24.7057 -0.000806889
      vertex 5.69605 24.7051 0
    endloop
  endfacet
  facet normal -0.711267 0.466647 -0.525681
    outer loop
      vertex 5.69493 24.6758 -0.0244942
      vertex 5.69605 24.7051 0
      vertex 5.69704 24.7057 -0.000806889
    endloop
  endfacet
  facet normal -0.705472 0.471726 -0.528946
    outer loop
      vertex 5.59365 24.5518 0
      vertex 5.69493 24.6758 -0.0244942
      vertex 5.62365 24.5692 -0.0244942
    endloop
  endfacet
  facet normal -0.704706 0.470723 -0.530857
    outer loop
      vertex 5.69493 24.6758 -0.0244942
      vertex 5.59365 24.5518 0
      vertex 5.69605 24.7051 0
    endloop
  endfacet
  facet normal -0.705404 0.343131 -0.620214
    outer loop
      vertex 5.54908 24.4159 -0.0244942
      vertex 5.59365 24.5518 0
      vertex 5.62365 24.5692 -0.0244942
    endloop
  endfacet
  facet normal -0.704807 0.343064 -0.62093
    outer loop
      vertex 5.59365 24.5518 0
      vertex 5.54908 24.4159 -0.0244942
      vertex 5.51908 24.3986 0
    endloop
  endfacet
  facet normal -0.687487 0.206384 -0.696253
    outer loop
      vertex 5.5042 24.2664 -0.0244942
      vertex 5.51908 24.3986 0
      vertex 5.54908 24.4159 -0.0244942
    endloop
  endfacet
  facet normal -0.687612 0.206376 -0.696131
    outer loop
      vertex 5.51908 24.3986 0
      vertex 5.5042 24.2664 -0.0244942
      vertex 5.47421 24.2491 0
    endloop
  endfacet
  facet normal -0.653353 0.0646456 -0.754288
    outer loop
      vertex 5.49014 24.1243 -0.0244942
      vertex 5.47421 24.2491 0
      vertex 5.5042 24.2664 -0.0244942
    endloop
  endfacet
  facet normal -0.653236 0.06468 -0.754387
    outer loop
      vertex 5.47421 24.2491 0
      vertex 5.49014 24.1243 -0.0244942
      vertex 5.46014 24.107 0
    endloop
  endfacet
  facet normal -0.602939 -0.0785062 -0.793915
    outer loop
      vertex 5.46014 24.107 0
      vertex 5.50721 23.9932 -0.0244942
      vertex 5.47721 23.9759 0
    endloop
  endfacet
  facet normal -0.602939 -0.0785062 -0.793915
    outer loop
      vertex 5.50721 23.9932 -0.0244942
      vertex 5.46014 24.107 0
      vertex 5.49014 24.1243 -0.0244942
    endloop
  endfacet
  facet normal -0.537789 -0.219808 -0.813921
    outer loop
      vertex 5.47721 23.9759 0
      vertex 5.55499 23.8763 -0.0244942
      vertex 5.52499 23.859 0
    endloop
  endfacet
  facet normal -0.537789 -0.219808 -0.813921
    outer loop
      vertex 5.55499 23.8763 -0.0244942
      vertex 5.47721 23.9759 0
      vertex 5.50721 23.9932 -0.0244942
    endloop
  endfacet
  facet normal -0.499607 -0.288451 -0.816816
    outer loop
      vertex 11.293 13.8685 0
      vertex 5.55499 23.8763 -0.0244942
      vertex 11.323 13.8859 -0.0244942
    endloop
  endfacet
  facet normal -0.500089 -0.288726 -0.816424
    outer loop
      vertex 5.55499 23.8763 -0.0244942
      vertex 11.293 13.8685 0
      vertex 5.52499 23.859 0
    endloop
  endfacet
  facet normal -0.603209 0.775057 -0.188219
    outer loop
      vertex 10.2762 13.0712 -0.0244942
      vertex 11.293 13.8685 0
      vertex 11.323 13.8859 -0.0244942
    endloop
  endfacet
  facet normal -0.603209 0.775057 -0.188219
    outer loop
      vertex 11.293 13.8685 0
      vertex 10.2762 13.0712 -0.0244942
      vertex 10.2462 13.0538 0
    endloop
  endfacet
  facet normal -0.653726 0.690131 -0.310421
    outer loop
      vertex 9.05783 11.9171 -0.0244942
      vertex 10.2462 13.0538 0
      vertex 10.2762 13.0712 -0.0244942
    endloop
  endfacet
  facet normal -0.653726 0.690131 -0.310421
    outer loop
      vertex 10.2462 13.0538 0
      vertex 9.05783 11.9171 -0.0244942
      vertex 9.02783 11.8997 0
    endloop
  endfacet
  facet normal -0.688138 0.587995 -0.425122
    outer loop
      vertex 9.05783 11.9171 -0.0244942
      vertex 8.92085 11.7745 0
      vertex 9.02783 11.8997 0
    endloop
  endfacet
  facet normal -0.688178 0.588061 -0.424965
    outer loop
      vertex 8.92085 11.7745 0
      vertex 9.05783 11.9171 -0.0244942
      vertex 8.91504 11.75 -0.0244942
    endloop
  endfacet
  facet normal -0.537577 0.840795 -0.0638351
    outer loop
      vertex 18.7407 9.90755 8.19935
      vertex 18.1544 9.5577 8.52878
      vertex 18.2121 9.60235 8.63097
    endloop
  endfacet
  facet normal -0.537613 0.840765 -0.0639314
    outer loop
      vertex 18.1544 9.5577 8.52878
      vertex 18.7407 9.90755 8.19935
      vertex 18.6678 9.85411 8.10959
    endloop
  endfacet
  facet normal 0.459248 -0.885996 -0.0640548
    outer loop
      vertex 17.3544 10.9433 8.52878
      vertex 17.9505 11.2761 8.19935
      vertex 17.4219 10.9709 8.63097
    endloop
  endfacet
  facet normal 0.459317 -0.885971 -0.0639055
    outer loop
      vertex 17.9505 11.2761 8.19935
      vertex 17.3544 10.9433 8.52878
      vertex 17.8678 11.2397 8.10959
    endloop
  endfacet
  facet normal -0.537639 -0.219922 -0.813989
    outer loop
      vertex 18.1544 10.4815 9.18198
      vertex 18.8216 10.7221 8.67629
      vertex 18.2121 10.3702 9.17394
    endloop
  endfacet
  facet normal -0.537581 -0.220077 -0.813986
    outer loop
      vertex 18.8216 10.7221 8.67629
      vertex 18.1544 10.4815 9.18198
      vertex 18.7651 10.834 8.68335
    endloop
  endfacet
  facet normal -0.704921 0.342505 -0.621109
    outer loop
      vertex 18.9023 10.26 8.5153
      vertex 18.3131 10.0301 9.05723
      vertex 18.9052 10.372 8.57377
    endloop
  endfacet
  facet normal -0.704902 0.342835 -0.620948
    outer loop
      vertex 18.3131 10.0301 9.05723
      vertex 18.9023 10.26 8.5153
      vertex 18.3201 9.92392 8.99066
    endloop
  endfacet
  facet normal -0.0553421 -0.782065 -0.620734
    outer loop
      vertex 18.3366 11.2398 8.5153
      vertex 17.8429 10.8446 9.05723
      vertex 17.7544 10.9037 8.99066
    endloop
  endfacet
  facet normal -0.055484 -0.781994 -0.620812
    outer loop
      vertex 17.8429 10.8446 9.05723
      vertex 18.3366 11.2398 8.5153
      vertex 18.435 11.1864 8.57377
    endloop
  endfacet
  facet normal -0.369549 -0.482747 -0.79397
    outer loop
      vertex 18.0869 10.587 9.17394
      vertex 18.6172 11.0341 8.65527
      vertex 18.6964 10.9389 8.67629
    endloop
  endfacet
  facet normal -0.369259 -0.483041 -0.793926
    outer loop
      vertex 18.6172 11.0341 8.65527
      vertex 18.0869 10.587 9.17394
      vertex 18.0112 10.6842 9.15001
    endloop
  endfacet
  facet normal 0.602862 -0.774788 0.190422
    outer loop
      vertex 17.2504 10.8381 8.32693
      vertex 17.7949 11.1863 8.01984
      vertex 17.2968 10.8987 8.4266
    endloop
  endfacet
  facet normal 0.602959 -0.774624 0.190781
    outer loop
      vertex 17.7949 11.1863 8.01984
      vertex 17.2504 10.8381 8.32693
      vertex 17.7337 11.1171 7.93229
    endloop
  endfacet
  facet normal -0.653237 0.689742 -0.31231
    outer loop
      vertex 18.85 10.06 8.37007
      vertex 18.2584 9.66297 8.73063
      vertex 18.2924 9.73805 8.82533
    endloop
  endfacet
  facet normal -0.653275 0.689615 -0.312513
    outer loop
      vertex 18.2584 9.66297 8.73063
      vertex 18.85 10.06 8.37007
      vertex 18.8019 9.97674 8.28689
    endloop
  endfacet
  facet normal -0.603043 0.774517 -0.190953
    outer loop
      vertex 18.8019 9.97674 8.28689
      vertex 18.2121 9.60235 8.63097
      vertex 18.2584 9.66297 8.73063
    endloop
  endfacet
  facet normal -0.602973 0.774631 -0.19071
    outer loop
      vertex 18.2121 9.60235 8.63097
      vertex 18.8019 9.97674 8.28689
      vertex 18.7407 9.90755 8.19935
    endloop
  endfacet
  facet normal -0.653223 0.0645526 -0.754409
    outer loop
      vertex 18.2584 10.2561 9.15001
      vertex 18.8925 10.4882 8.62082
      vertex 18.2924 10.1418 9.11079
    endloop
  endfacet
  facet normal -0.65327 0.0648283 -0.754345
    outer loop
      vertex 18.8925 10.4882 8.62082
      vertex 18.2584 10.2561 9.15001
      vertex 18.8644 10.6059 8.65527
    endloop
  endfacet
  facet normal -0.603006 -0.0781881 -0.793896
    outer loop
      vertex 18.2121 10.3702 9.17394
      vertex 18.8644 10.6059 8.65527
      vertex 18.2584 10.2561 9.15001
    endloop
  endfacet
  facet normal -0.602931 -0.0784608 -0.793925
    outer loop
      vertex 18.8644 10.6059 8.65527
      vertex 18.2121 10.3702 9.17394
      vertex 18.8216 10.7221 8.67629
    endloop
  endfacet
  facet normal -0.687591 0.206381 -0.696151
    outer loop
      vertex 18.2924 10.1418 9.11079
      vertex 18.9052 10.372 8.57377
      vertex 18.3131 10.0301 9.05723
    endloop
  endfacet
  facet normal -0.687609 0.20668 -0.696044
    outer loop
      vertex 18.9052 10.372 8.57377
      vertex 18.2924 10.1418 9.11079
      vertex 18.8925 10.4882 8.62082
    endloop
  endfacet
  facet normal 0.165082 -0.889259 -0.426575
    outer loop
      vertex 18.1372 11.2946 8.37007
      vertex 17.6659 10.9468 8.91272
      vertex 17.5796 10.9727 8.82533
    endloop
  endfacet
  facet normal 0.16504 -0.889251 -0.426607
    outer loop
      vertex 17.6659 10.9468 8.91272
      vertex 18.1372 11.2946 8.37007
      vertex 18.2365 11.2762 8.44684
    endloop
  endfacet
  facet normal 0.0552139 -0.845903 -0.53047
    outer loop
      vertex 18.2365 11.2762 8.44684
      vertex 17.7544 10.9037 8.99066
      vertex 17.6659 10.9468 8.91272
    endloop
  endfacet
  facet normal 0.0552025 -0.8459 -0.530478
    outer loop
      vertex 17.7544 10.9037 8.99066
      vertex 18.2365 11.2762 8.44684
      vertex 18.3366 11.2398 8.5153
    endloop
  endfacet
  facet normal -0.165251 -0.698531 -0.696237
    outer loop
      vertex 18.435 11.1864 8.57377
      vertex 17.9292 10.7708 9.11079
      vertex 17.8429 10.8446 9.05723
    endloop
  endfacet
  facet normal -0.164798 -0.698832 -0.696043
    outer loop
      vertex 17.9292 10.7708 9.11079
      vertex 18.435 11.1864 8.57377
      vertex 18.5293 11.1173 8.62082
    endloop
  endfacet
  facet normal -0.45934 -0.355608 -0.813972
    outer loop
      vertex 18.1544 10.4815 9.18198
      vertex 18.6964 10.9389 8.67629
      vertex 18.7651 10.834 8.68335
    endloop
  endfacet
  facet normal -0.459171 -0.355814 -0.813977
    outer loop
      vertex 18.6964 10.9389 8.67629
      vertex 18.1544 10.4815 9.18198
      vertex 18.0869 10.587 9.17394
    endloop
  endfacet
  facet normal 0.369401 0.482921 0.793934
    outer loop
      vertex 17.8392 10.155 7.5429
      vertex 17.4976 9.81679 7.90756
      vertex 17.9185 10.0598 7.56391
    endloop
  endfacet
  facet normal 0.36941 0.482912 0.793935
    outer loop
      vertex 17.4976 9.81679 7.90756
      vertex 17.8392 10.155 7.5429
      vertex 17.4219 9.91404 7.88363
    endloop
  endfacet
  facet normal 0.459123 0.355883 0.813974
    outer loop
      vertex 17.7705 10.2598 7.53583
      vertex 17.4219 9.91404 7.88363
      vertex 17.8392 10.155 7.5429
    endloop
  endfacet
  facet normal 0.459297 0.355692 0.813959
    outer loop
      vertex 17.4219 9.91404 7.88363
      vertex 17.7705 10.2598 7.53583
      vertex 17.3544 10.0196 7.87559
    endloop
  endfacet
  facet normal 0.16509 0.69862 0.696186
    outer loop
      vertex 18.0063 9.97658 7.59837
      vertex 17.6659 9.65645 8.00034
      vertex 18.1006 9.90742 7.64541
    endloop
  endfacet
  facet normal 0.165058 0.698639 0.696174
    outer loop
      vertex 17.6659 9.65645 8.00034
      vertex 18.0063 9.97658 7.59837
      vertex 17.5796 9.73021 7.94678
    endloop
  endfacet
  facet normal -0.369524 0.90948 0.190522
    outer loop
      vertex 18.4946 9.7993 7.93229
      vertex 18.0869 9.5301 8.4266
      vertex 18.5851 9.81773 8.01984
    endloop
  endfacet
  facet normal -0.36943 0.909499 0.190611
    outer loop
      vertex 18.0869 9.5301 8.4266
      vertex 18.4946 9.7993 7.93229
      vertex 18.0112 9.52024 8.32693
    endloop
  endfacet
  facet normal 0.687596 -0.206474 0.696118
    outer loop
      vertex 17.1957 10.4709 8.00034
      vertex 17.6431 10.6056 7.59837
      vertex 17.6304 10.7219 7.64541
    endloop
  endfacet
  facet normal 0.687597 -0.206539 0.696097
    outer loop
      vertex 17.6431 10.6056 7.59837
      vertex 17.1957 10.4709 8.00034
      vertex 17.2164 10.3593 7.94678
    endloop
  endfacet
  facet normal 0.704923 -0.342742 0.620977
    outer loop
      vertex 17.1887 10.5771 8.0669
      vertex 17.6304 10.7219 7.64541
      vertex 17.6333 10.8338 7.70388
    endloop
  endfacet
  facet normal 0.704924 -0.342731 0.620981
    outer loop
      vertex 17.6304 10.7219 7.64541
      vertex 17.1887 10.5771 8.0669
      vertex 17.1957 10.4709 8.00034
    endloop
  endfacet
  facet normal 0.653205 -0.0644339 0.754434
    outer loop
      vertex 17.2164 10.3593 7.94678
      vertex 17.6713 10.488 7.56391
      vertex 17.6431 10.6056 7.59837
    endloop
  endfacet
  facet normal 0.65322 -0.0645542 0.754412
    outer loop
      vertex 17.6713 10.488 7.56391
      vertex 17.2164 10.3593 7.94678
      vertex 17.2504 10.245 7.90756
    endloop
  endfacet
  facet normal 0.687602 -0.587503 0.426666
    outer loop
      vertex 17.1957 10.6753 8.14484
      vertex 17.6856 11.0339 7.84911
      vertex 17.2164 10.763 8.23224
    endloop
  endfacet
  facet normal 0.687604 -0.587466 0.426713
    outer loop
      vertex 17.6856 11.0339 7.84911
      vertex 17.1957 10.6753 8.14484
      vertex 17.6519 10.9387 7.77235
    endloop
  endfacet
  facet normal 0.704933 -0.471088 0.530232
    outer loop
      vertex 17.1887 10.5771 8.0669
      vertex 17.6519 10.9387 7.77235
      vertex 17.1957 10.6753 8.14484
    endloop
  endfacet
  facet normal 0.704933 -0.471086 0.530234
    outer loop
      vertex 17.6519 10.9387 7.77235
      vertex 17.1887 10.5771 8.0669
      vertex 17.6333 10.8338 7.70388
    endloop
  endfacet
  facet normal 0.537601 -0.840772 0.0639322
    outer loop
      vertex 17.2968 10.8987 8.4266
      vertex 17.8678 11.2397 8.10959
      vertex 17.3544 10.9433 8.52878
    endloop
  endfacet
  facet normal 0.537513 -0.840846 0.0636934
    outer loop
      vertex 17.8678 11.2397 8.10959
      vertex 17.2968 10.8987 8.4266
      vertex 17.7949 11.1863 8.01984
    endloop
  endfacet
  facet normal -0.704901 0.471352 -0.530039
    outer loop
      vertex 18.3131 9.82576 8.91272
      vertex 18.9023 10.26 8.5153
      vertex 18.8837 10.1552 8.44684
    endloop
  endfacet
  facet normal -0.704892 0.471224 -0.530165
    outer loop
      vertex 18.9023 10.26 8.5153
      vertex 18.3131 9.82576 8.91272
      vertex 18.3201 9.92392 8.99066
    endloop
  endfacet
  facet normal -0.687592 0.587493 -0.426696
    outer loop
      vertex 18.2924 9.73805 8.82533
      vertex 18.8837 10.1552 8.44684
      vertex 18.85 10.06 8.37007
    endloop
  endfacet
  facet normal -0.687595 0.587458 -0.426739
    outer loop
      vertex 18.8837 10.1552 8.44684
      vertex 18.2924 9.73805 8.82533
      vertex 18.3131 9.82576 8.91272
    endloop
  endfacet
  facet normal 0.369621 -0.909463 -0.190414
    outer loop
      vertex 17.9505 11.2761 8.19935
      vertex 17.4976 10.9808 8.73063
      vertex 17.4219 10.9709 8.63097
    endloop
  endfacet
  facet normal 0.369656 -0.909456 -0.19038
    outer loop
      vertex 17.4976 10.9808 8.73063
      vertex 17.9505 11.2761 8.19935
      vertex 18.0411 11.2946 8.28689
    endloop
  endfacet
  facet normal -0.270503 -0.598136 -0.754361
    outer loop
      vertex 18.0112 10.6842 9.15001
      vertex 18.5293 11.1173 8.62082
      vertex 18.6172 11.0341 8.65527
    endloop
  endfacet
  facet normal -0.270692 -0.597979 -0.754418
    outer loop
      vertex 18.5293 11.1173 8.62082
      vertex 18.0112 10.6842 9.15001
      vertex 17.9292 10.7708 9.11079
    endloop
  endfacet
  facet normal 0.0554967 0.781942 0.620876
    outer loop
      vertex 18.1006 9.90742 7.64541
      vertex 17.7544 9.59732 8.0669
      vertex 18.199 9.85401 7.70388
    endloop
  endfacet
  facet normal 0.0554916 0.781944 0.620874
    outer loop
      vertex 17.7544 9.59732 8.0669
      vertex 18.1006 9.90742 7.64541
      vertex 17.6659 9.65645 8.00034
    endloop
  endfacet
  facet normal -0.27061 0.910583 0.312423
    outer loop
      vertex 18.3985 9.79928 7.84911
      vertex 18.0112 9.52024 8.32693
      vertex 18.4946 9.7993 7.93229
    endloop
  endfacet
  facet normal -0.270549 0.910584 0.312473
    outer loop
      vertex 18.0112 9.52024 8.32693
      vertex 18.3985 9.79928 7.84911
      vertex 17.9292 9.52837 8.23224
    endloop
  endfacet
  facet normal -0.0555448 0.846032 0.53023
    outer loop
      vertex 18.199 9.85401 7.70388
      vertex 17.8429 9.55427 8.14484
      vertex 18.2991 9.81767 7.77235
    endloop
  endfacet
  facet normal -0.0554688 0.846009 0.530275
    outer loop
      vertex 17.8429 9.55427 8.14484
      vertex 18.199 9.85401 7.70388
      vertex 17.7544 9.59732 8.0669
    endloop
  endfacet
  facet normal -0.164982 0.889227 0.426681
    outer loop
      vertex 18.2991 9.81767 7.77235
      vertex 17.9292 9.52837 8.23224
      vertex 18.3985 9.79928 7.84911
    endloop
  endfacet
  facet normal -0.165133 0.88925 0.426574
    outer loop
      vertex 17.9292 9.52837 8.23224
      vertex 18.2991 9.81767 7.77235
      vertex 17.8429 9.55427 8.14484
    endloop
  endfacet
  facet normal 0.537808 0.21964 0.813954
    outer loop
      vertex 17.2968 10.1308 7.88363
      vertex 17.7705 10.2598 7.53583
      vertex 17.7141 10.3717 7.5429
    endloop
  endfacet
  facet normal 0.537784 0.219714 0.813949
    outer loop
      vertex 17.7705 10.2598 7.53583
      vertex 17.2968 10.1308 7.88363
      vertex 17.3544 10.0196 7.87559
    endloop
  endfacet
  facet normal 0.270745 -0.910578 -0.312321
    outer loop
      vertex 18.0411 11.2946 8.28689
      vertex 17.5796 10.9727 8.82533
      vertex 17.4976 10.9808 8.73063
    endloop
  endfacet
  facet normal 0.270508 -0.910579 -0.312525
    outer loop
      vertex 17.5796 10.9727 8.82533
      vertex 18.0411 11.2946 8.28689
      vertex 18.1372 11.2946 8.37007
    endloop
  endfacet
  facet normal -0.459234 0.886003 0.0640501
    outer loop
      vertex 18.6678 9.85411 8.10959
      vertex 18.0869 9.5301 8.4266
      vertex 18.1544 9.5577 8.52878
    endloop
  endfacet
  facet normal -0.459243 0.886 0.0640306
    outer loop
      vertex 18.0869 9.5301 8.4266
      vertex 18.6678 9.85411 8.10959
      vertex 18.5851 9.81773 8.01984
    endloop
  endfacet
  facet normal 0.270711 0.597994 0.754399
    outer loop
      vertex 17.9185 10.0598 7.56391
      vertex 17.5796 9.73021 7.94678
      vertex 18.0063 9.97658 7.59837
    endloop
  endfacet
  facet normal 0.270637 0.59805 0.754382
    outer loop
      vertex 17.5796 9.73021 7.94678
      vertex 17.9185 10.0598 7.56391
      vertex 17.4976 9.81679 7.90756
    endloop
  endfacet
  facet normal 0.602922 0.078457 0.793933
    outer loop
      vertex 17.2504 10.245 7.90756
      vertex 17.7141 10.3717 7.5429
      vertex 17.6713 10.488 7.56391
    endloop
  endfacet
  facet normal 0.602893 0.0785918 0.793942
    outer loop
      vertex 17.7141 10.3717 7.5429
      vertex 17.2504 10.245 7.90756
      vertex 17.2968 10.1308 7.88363
    endloop
  endfacet
  facet normal 0.653251 -0.689674 0.31243
    outer loop
      vertex 17.2164 10.763 8.23224
      vertex 17.7337 11.1171 7.93229
      vertex 17.2504 10.8381 8.32693
    endloop
  endfacet
  facet normal 0.653218 -0.689796 0.312229
    outer loop
      vertex 17.7337 11.1171 7.93229
      vertex 17.2164 10.763 8.23224
      vertex 17.6856 11.0339 7.84911
    endloop
  endfacet
  facet normal -0.884568 0.266524 0.382759
    outer loop
      vertex 18.1536 8.69322 9.12889
      vertex 18.1544 9.5577 8.52878
      vertex 18.043 8.60757 8.93293
    endloop
  endfacet
  facet normal -0.884473 0.266627 0.382906
    outer loop
      vertex 18.1536 8.69322 9.12889
      vertex 18.2121 9.60235 8.63097
      vertex 18.1544 9.5577 8.52878
    endloop
  endfacet
  facet normal -0.890005 0.261743 0.373339
    outer loop
      vertex 18.2121 9.60235 8.63097
      vertex 18.1536 8.69322 9.12889
      vertex 18.1559 8.69505 9.13309
    endloop
  endfacet
  facet normal -0.831661 0.297028 0.469163
    outer loop
      vertex 18.0869 9.5301 8.4266
      vertex 17.9136 8.55465 8.73696
      vertex 18.1544 9.5577 8.52878
    endloop
  endfacet
  facet normal -0.829651 0.297671 0.472304
    outer loop
      vertex 17.9136 8.55465 8.73696
      vertex 18.0869 9.5301 8.4266
      vertex 17.9108 8.55351 8.73276
    endloop
  endfacet
  facet normal -0.158461 -0.868753 0.469211
    outer loop
      vertex 17.2968 10.8987 8.4266
      vertex 16.4759 11.3219 8.93293
      vertex 16.3629 11.2344 8.73276
    endloop
  endfacet
  facet normal -0.158806 -0.868917 0.46879
    outer loop
      vertex 16.4759 11.3219 8.93293
      vertex 17.2968 10.8987 8.4266
      vertex 17.3544 10.9433 8.52878
    endloop
  endfacet
  facet normal -0.211553 -0.0609349 0.975465
    outer loop
      vertex 16.6053 9.30995 7.6688
      vertex 17.3544 10.0196 7.87559
      vertex 16.4759 9.51235 7.65338
    endloop
  endfacet
  facet normal -0.490478 -0.869182 0.0628731
    outer loop
      vertex 17.2558 11.2461 9.83451
      vertex 17.7544 10.9037 8.99066
      vertex 17.2594 11.2443 9.83771
    endloop
  endfacet
  facet normal -0.484399 -0.872224 0.0676992
    outer loop
      vertex 17.7544 10.9037 8.99066
      vertex 17.2558 11.2461 9.83451
      vertex 17.6659 10.9468 8.91272
    endloop
  endfacet
  facet normal -0.558898 0.269997 0.78405
    outer loop
      vertex 17.4292 8.60263 8.17762
      vertex 17.7544 9.59732 8.0669
      vertex 17.2594 8.68519 8.02815
    endloop
  endfacet
  facet normal -0.045673 -0.532665 0.845093
    outer loop
      vertex 17.1887 10.5771 8.0669
      vertex 16.1516 10.6002 8.02541
      vertex 17.1957 10.4709 8.00034
    endloop
  endfacet
  facet normal -0.0456528 -0.539086 0.841013
    outer loop
      vertex 16.1516 10.6002 8.02541
      vertex 17.1887 10.5771 8.0669
      vertex 16.1513 10.6045 8.02815
    endloop
  endfacet
  facet normal -0.0573392 -0.69784 0.713955
    outer loop
      vertex 17.2164 10.763 8.23224
      vertex 16.2056 10.9686 8.35202
      vertex 16.1658 10.8004 8.18442
    endloop
  endfacet
  facet normal -0.98586 -0.161675 -0.0440714
    outer loop
      vertex 18.3539 9.53301 9.96811
      vertex 18.3142 9.7471 10.0708
      vertex 18.3131 10.0301 9.05723
    endloop
  endfacet
  facet normal -0.704259 0.313658 0.636897
    outer loop
      vertex 17.7625 8.5342 8.53753
      vertex 18.0112 9.52024 8.32693
      vertex 17.6052 8.54978 8.35592
    endloop
  endfacet
  facet normal -0.831754 0.297018 0.469005
    outer loop
      vertex 18.043 8.60757 8.93293
      vertex 18.1544 9.5577 8.52878
      vertex 17.9136 8.55465 8.73696
    endloop
  endfacet
  facet normal -0.633143 0.299241 0.713852
    outer loop
      vertex 17.8429 9.55427 8.14484
      vertex 17.6019 8.55012 8.35202
      vertex 17.9292 9.52837 8.23224
    endloop
  endfacet
  facet normal -0.63301 0.299234 0.713973
    outer loop
      vertex 17.6019 8.55012 8.35202
      vertex 17.8429 9.55427 8.14484
      vertex 17.4328 8.60086 8.18083
    endloop
  endfacet
  facet normal -0.410196 0.170611 0.895897
    outer loop
      vertex 17.0825 8.80406 7.89555
      vertex 17.6659 9.65645 8.00034
      vertex 17.5796 9.73021 7.94678
    endloop
  endfacet
  facet normal -0.407052 0.168228 0.89778
    outer loop
      vertex 17.6659 9.65645 8.00034
      vertex 17.0825 8.80406 7.89555
      vertex 17.0861 8.80103 7.89775
    endloop
  endfacet
  facet normal -0.484088 0.22678 0.845121
    outer loop
      vertex 17.2558 8.68762 8.02541
      vertex 17.7544 9.59732 8.0669
      vertex 17.6659 9.65645 8.00034
    endloop
  endfacet
  facet normal -0.487199 0.22859 0.842843
    outer loop
      vertex 17.7544 9.59732 8.0669
      vertex 17.2558 8.68762 8.02541
      vertex 17.2594 8.68519 8.02815
    endloop
  endfacet
  facet normal -0.0804997 -0.76678 0.636842
    outer loop
      vertex 17.2164 10.763 8.23224
      vertex 16.2707 11.1126 8.53363
      vertex 16.2056 10.9686 8.35202
    endloop
  endfacet
  facet normal -0.0573386 -0.69791 0.713886
    outer loop
      vertex 16.1658 10.8004 8.18442
      vertex 17.1957 10.6753 8.14484
      vertex 17.2164 10.763 8.23224
    endloop
  endfacet
  facet normal -0.0574372 -0.698528 0.713274
    outer loop
      vertex 17.1957 10.6753 8.14484
      vertex 16.1658 10.8004 8.18442
      vertex 16.165 10.7968 8.18083
    endloop
  endfacet
  facet normal -0.633207 -0.772717 -0.044247
    outer loop
      vertex 17.8429 10.8446 9.05723
      vertex 17.5983 10.987 10.0708
      vertex 17.4328 11.1285 9.96811
    endloop
  endfacet
  facet normal -0.559072 -0.829092 0.00670093
    outer loop
      vertex 17.8429 10.8446 9.05723
      vertex 17.4328 11.1285 9.96811
      vertex 17.2631 11.2419 9.84044
    endloop
  endfacet
  facet normal -0.625157 -0.779477 -0.0399387
    outer loop
      vertex 17.5983 10.987 10.0708
      vertex 17.9292 10.7708 9.11079
      vertex 17.6019 10.984 10.073
    endloop
  endfacet
  facet normal -0.633272 -0.772662 -0.0442704
    outer loop
      vertex 17.9292 10.7708 9.11079
      vertex 17.5983 10.987 10.0708
      vertex 17.8429 10.8446 9.05723
    endloop
  endfacet
  facet normal -0.704198 -0.705095 -0.0833398
    outer loop
      vertex 18.0112 10.6842 9.15001
      vertex 17.7625 10.8144 10.1499
      vertex 17.6052 10.9804 10.0746
    endloop
  endfacet
  facet normal -0.71366 -0.694573 -0.0908657
    outer loop
      vertex 17.6019 10.984 10.073
      vertex 18.0112 10.6842 9.15001
      vertex 17.6052 10.9804 10.0746
    endloop
  endfacet
  facet normal -0.704453 -0.704828 -0.0834517
    outer loop
      vertex 18.0112 10.6842 9.15001
      vertex 17.6019 10.984 10.073
      vertex 17.9292 10.7708 9.11079
    endloop
  endfacet
  facet normal -0.211438 -0.89929 0.382846
    outer loop
      vertex 17.4219 10.9709 8.63097
      vertex 16.6081 11.376 9.13309
      vertex 16.4787 11.323 8.93713
    endloop
  endfacet
  facet normal -0.928605 -0.354337 -0.110175
    outer loop
      vertex 18.2584 10.2561 9.15001
      vertex 18.2468 9.9756 10.1499
      vertex 18.1578 10.1946 10.1957
    endloop
  endfacet
  facet normal -0.962619 0.164649 0.215071
    outer loop
      vertex 18.3119 8.95779 9.50994
      vertex 18.2924 9.73805 8.82533
      vertex 18.2584 9.66297 8.73063
    endloop
  endfacet
  facet normal -0.9625 0.164931 0.215389
    outer loop
      vertex 18.2924 9.73805 8.82533
      vertex 18.3119 8.95779 9.50994
      vertex 18.3133 8.96088 9.51383
    endloop
  endfacet
  facet normal -0.997535 0.0170975 0.0680581
    outer loop
      vertex 18.3131 9.82576 8.91272
      vertex 18.3542 9.13671 9.68823
      vertex 18.3201 9.92392 8.99066
    endloop
  endfacet
  facet normal -0.99739 0.0189238 0.0696731
    outer loop
      vertex 18.3542 9.13671 9.68823
      vertex 18.3131 9.82576 8.91272
      vertex 18.3539 9.13268 9.68503
    endloop
  endfacet
  facet normal -0.928599 0.222058 0.297311
    outer loop
      vertex 18.2449 8.8113 9.32424
      vertex 18.2121 9.60235 8.63097
      vertex 18.1559 8.69505 9.13309
    endloop
  endfacet
  facet normal -0.771013 0.312925 0.554633
    outer loop
      vertex 17.7625 8.5342 8.53753
      vertex 18.0869 9.5301 8.4266
      vertex 18.0112 9.52024 8.32693
    endloop
  endfacet
  facet normal -0.771739 0.313042 0.553556
    outer loop
      vertex 18.0869 9.5301 8.4266
      vertex 17.7625 8.5342 8.53753
      vertex 17.7656 8.53461 8.54162
    endloop
  endfacet
  facet normal -0.770954 0.312922 0.554715
    outer loop
      vertex 17.9108 8.55351 8.73276
      vertex 18.0869 9.5301 8.4266
      vertex 17.7656 8.53461 8.54162
    endloop
  endfacet
  facet normal -0.704314 0.313626 0.636852
    outer loop
      vertex 17.6019 8.55012 8.35202
      vertex 18.0112 9.52024 8.32693
      vertex 17.9292 9.52837 8.23224
    endloop
  endfacet
  facet normal -0.7105 0.316026 0.628743
    outer loop
      vertex 18.0112 9.52024 8.32693
      vertex 17.6019 8.55012 8.35202
      vertex 17.6052 8.54978 8.35592
    endloop
  endfacet
  facet normal -0.338857 0.102663 0.93522
    outer loop
      vertex 16.917 8.94552 7.79284
      vertex 17.5796 9.73021 7.94678
      vertex 16.7597 9.11155 7.71762
    endloop
  endfacet
  facet normal -0.410181 0.170603 0.895905
    outer loop
      vertex 17.0825 8.80406 7.89555
      vertex 17.5796 9.73021 7.94678
      vertex 16.917 8.94552 7.79284
    endloop
  endfacet
  facet normal -0.484152 0.226806 0.845078
    outer loop
      vertex 17.2558 8.68762 8.02541
      vertex 17.6659 9.65645 8.00034
      vertex 17.0861 8.80103 7.89775
    endloop
  endfacet
  facet normal -0.338876 0.102692 0.93521
    outer loop
      vertex 17.4976 9.81679 7.90756
      vertex 16.7597 9.11155 7.71762
      vertex 17.5796 9.73021 7.94678
    endloop
  endfacet
  facet normal -0.342627 0.10712 0.933344
    outer loop
      vertex 16.7597 9.11155 7.71762
      vertex 17.4976 9.81679 7.90756
      vertex 16.7564 9.11511 7.716
    endloop
  endfacet
  facet normal -0.0456353 -0.619309 0.78382
    outer loop
      vertex 17.1957 10.6753 8.14484
      vertex 16.165 10.7968 8.18083
      vertex 16.1516 10.6086 8.03135
    endloop
  endfacet
  facet normal -0.0799893 -0.76613 0.637689
    outer loop
      vertex 17.2164 10.763 8.23224
      vertex 16.2721 11.1157 8.53753
      vertex 16.2707 11.1126 8.53363
    endloop
  endfacet
  facet normal -0.0804362 -0.766692 0.636956
    outer loop
      vertex 16.2721 11.1157 8.53753
      vertex 17.2164 10.763 8.23224
      vertex 17.2504 10.8381 8.32693
    endloop
  endfacet
  facet normal -0.0573251 -0.440589 0.895877
    outer loop
      vertex 17.1957 10.4709 8.00034
      vertex 16.2056 10.1778 7.79284
      vertex 17.2164 10.3593 7.94678
    endloop
  endfacet
  facet normal -0.057385 -0.440437 0.895947
    outer loop
      vertex 16.2056 10.1778 7.79284
      vertex 17.1957 10.4709 8.00034
      vertex 16.165 10.3965 7.89775
    endloop
  endfacet
  facet normal -0.0456694 -0.532639 0.845109
    outer loop
      vertex 16.165 10.3965 7.89775
      vertex 17.1957 10.4709 8.00034
      vertex 16.1516 10.6002 8.02541
    endloop
  endfacet
  facet normal -0.0804966 -0.344843 0.935203
    outer loop
      vertex 16.2707 9.95858 7.71762
      vertex 17.2504 10.245 7.90756
      vertex 17.2164 10.3593 7.94678
    endloop
  endfacet
  facet normal -0.0800631 -0.346054 0.934792
    outer loop
      vertex 17.2504 10.245 7.90756
      vertex 16.2707 9.95858 7.71762
      vertex 16.2721 9.95388 7.716
    endloop
  endfacet
  facet normal -0.114526 -0.248104 0.96194
    outer loop
      vertex 16.361 9.73492 7.67011
      vertex 17.2504 10.245 7.90756
      vertex 16.2721 9.95388 7.716
    endloop
  endfacet
  facet normal -0.551697 -0.833917 0.0146079
    outer loop
      vertex 17.2594 11.2443 9.83771
      vertex 17.8429 10.8446 9.05723
      vertex 17.2631 11.2419 9.84044
    endloop
  endfacet
  facet normal -0.558885 -0.829217 0.00682792
    outer loop
      vertex 17.8429 10.8446 9.05723
      vertex 17.2594 11.2443 9.83771
      vertex 17.7544 10.9037 8.99066
    endloop
  endfacet
  facet normal -0.348943 -0.915133 0.201917
    outer loop
      vertex 17.4976 10.9808 8.73063
      vertex 16.7597 11.3949 9.33222
      vertex 16.7564 11.3953 9.32833
    endloop
  endfacet
  facet normal -0.338764 -0.91598 0.214986
    outer loop
      vertex 16.7597 11.3949 9.33222
      vertex 17.4976 10.9808 8.73063
      vertex 17.5796 10.9727 8.82533
    endloop
  endfacet
  facet normal -0.483988 -0.872432 0.0679498
    outer loop
      vertex 17.6659 10.9468 8.91272
      vertex 17.2558 11.2461 9.83451
      vertex 17.0861 11.3286 9.68503
    endloop
  endfacet
  facet normal -0.338661 -0.915979 0.215152
    outer loop
      vertex 17.5796 10.9727 8.82533
      vertex 16.917 11.3794 9.51383
      vertex 16.7597 11.3949 9.33222
    endloop
  endfacet
  facet normal -0.962739 -0.25727 -0.0833412
    outer loop
      vertex 18.2584 10.2561 9.15001
      vertex 18.3119 9.75638 10.0746
      vertex 18.2468 9.9756 10.1499
    endloop
  endfacet
  facet normal -0.985876 -0.161581 -0.0440452
    outer loop
      vertex 18.3142 9.7471 10.0708
      vertex 18.2924 10.1418 9.11079
      vertex 18.3131 10.0301 9.05723
    endloop
  endfacet
  facet normal -0.984205 -0.170472 -0.0477385
    outer loop
      vertex 18.2924 10.1418 9.11079
      vertex 18.3142 9.7471 10.0708
      vertex 18.3133 9.75168 10.073
    endloop
  endfacet
  facet normal -0.884595 -0.449654 -0.123706
    outer loop
      vertex 18.2121 10.3702 9.17394
      vertex 18.1536 10.2038 10.1971
      vertex 18.1544 10.4815 9.18198
    endloop
  endfacet
  facet normal -0.888075 -0.442988 -0.122821
    outer loop
      vertex 18.1536 10.2038 10.1971
      vertex 18.2121 10.3702 9.17394
      vertex 18.1559 10.1993 10.1967
    endloop
  endfacet
  facet normal -0.884556 -0.449726 -0.123726
    outer loop
      vertex 18.1544 10.4815 9.18198
      vertex 18.1536 10.2038 10.1971
      vertex 18.043 10.4171 10.2125
    endloop
  endfacet
  facet normal -0.997541 0.0170272 0.0679791
    outer loop
      vertex 18.3542 9.13671 9.68823
      vertex 18.3676 9.32497 9.83771
      vertex 18.3201 9.92392 8.99066
    endloop
  endfacet
  facet normal -0.962731 0.164342 0.214802
    outer loop
      vertex 18.3119 8.95779 9.50994
      vertex 18.2584 9.66297 8.73063
      vertex 18.2468 8.8138 9.32833
    endloop
  endfacet
  facet normal -0.928889 0.22157 0.296769
    outer loop
      vertex 18.2449 8.8113 9.32424
      vertex 18.2584 9.66297 8.73063
      vertex 18.2121 9.60235 8.63097
    endloop
  endfacet
  facet normal -0.929092 0.221282 0.29635
    outer loop
      vertex 18.2584 9.66297 8.73063
      vertex 18.2449 8.8113 9.32424
      vertex 18.2468 8.8138 9.32833
    endloop
  endfacet
  facet normal -0.559041 0.270031 0.783936
    outer loop
      vertex 17.4292 8.60263 8.17762
      vertex 17.8429 9.55427 8.14484
      vertex 17.7544 9.59732 8.0669
    endloop
  endfacet
  facet normal -0.56271 0.271518 0.780792
    outer loop
      vertex 17.8429 9.55427 8.14484
      vertex 17.4292 8.60263 8.17762
      vertex 17.4328 8.60086 8.18083
    endloop
  endfacet
  facet normal -0.27212 0.0248339 0.961943
    outer loop
      vertex 16.7564 9.11511 7.716
      vertex 17.4976 9.81679 7.90756
      vertex 16.6112 9.30162 7.67011
    endloop
  endfacet
  facet normal -0.0456774 -0.619026 0.784041
    outer loop
      vertex 16.1516 10.6086 8.03135
      vertex 17.1887 10.5771 8.0669
      vertex 17.1957 10.6753 8.14484
    endloop
  endfacet
  facet normal -0.0456545 -0.612551 0.789111
    outer loop
      vertex 17.1887 10.5771 8.0669
      vertex 16.1516 10.6086 8.03135
      vertex 16.1513 10.6045 8.02815
    endloop
  endfacet
  facet normal -0.114558 -0.82432 0.554412
    outer loop
      vertex 17.2968 10.8987 8.4266
      vertex 16.3629 11.2344 8.73276
      vertex 16.274 11.1182 8.54162
    endloop
  endfacet
  facet normal -0.0805151 -0.344806 0.935215
    outer loop
      vertex 16.2707 9.95858 7.71762
      vertex 17.2164 10.3593 7.94678
      vertex 16.2056 10.1778 7.79284
    endloop
  endfacet
  facet normal -0.114527 -0.248102 0.96194
    outer loop
      vertex 16.361 9.73492 7.67011
      vertex 17.2968 10.1308 7.88363
      vertex 17.2504 10.245 7.90756
    endloop
  endfacet
  facet normal -0.114795 -0.247532 0.962055
    outer loop
      vertex 17.2968 10.1308 7.88363
      vertex 16.361 9.73492 7.67011
      vertex 16.3629 9.73023 7.66913
    endloop
  endfacet
  facet normal -0.158584 -0.152673 0.97547
    outer loop
      vertex 17.2968 10.1308 7.88363
      vertex 16.4759 9.51235 7.65338
      vertex 17.3544 10.0196 7.87559
    endloop
  endfacet
  facet normal -0.158536 -0.152736 0.975468
    outer loop
      vertex 16.4759 9.51235 7.65338
      vertex 17.2968 10.1308 7.88363
      vertex 16.3629 9.73023 7.66913
    endloop
  endfacet
  facet normal -0.770976 -0.627278 -0.110082
    outer loop
      vertex 18.0112 10.6842 9.15001
      vertex 17.9077 10.6279 10.1957
      vertex 17.7625 10.8144 10.1499
    endloop
  endfacet
  facet normal -0.410225 -0.901523 0.13774
    outer loop
      vertex 17.5796 10.9727 8.82533
      vertex 17.0825 11.3297 9.68144
      vertex 16.917 11.3794 9.51383
    endloop
  endfacet
  facet normal -0.411508 -0.90112 0.136545
    outer loop
      vertex 17.0825 11.3297 9.68144
      vertex 17.6659 10.9468 8.91272
      vertex 17.0861 11.3286 9.68503
    endloop
  endfacet
  facet normal -0.410125 -0.901557 0.137813
    outer loop
      vertex 17.6659 10.9468 8.91272
      vertex 17.0825 11.3297 9.68144
      vertex 17.5796 10.9727 8.82533
    endloop
  endfacet
  facet normal -0.272174 -0.91519 0.297236
    outer loop
      vertex 17.4219 10.9709 8.63097
      vertex 16.7533 11.3949 9.32424
      vertex 16.6081 11.376 9.13309
    endloop
  endfacet
  facet normal -0.272878 -0.915271 0.29634
    outer loop
      vertex 16.7533 11.3949 9.32424
      vertex 17.4976 10.9808 8.73063
      vertex 16.7564 11.3953 9.32833
    endloop
  endfacet
  facet normal -0.271932 -0.915186 0.297467
    outer loop
      vertex 17.4976 10.9808 8.73063
      vertex 16.7533 11.3949 9.32424
      vertex 17.4219 10.9709 8.63097
    endloop
  endfacet
  facet normal -0.962613 -0.257668 -0.0835637
    outer loop
      vertex 18.2924 10.1418 9.11079
      vertex 18.3119 9.75638 10.0746
      vertex 18.2584 10.2561 9.15001
    endloop
  endfacet
  facet normal -0.96246 -0.258173 -0.0837687
    outer loop
      vertex 18.3119 9.75638 10.0746
      vertex 18.2924 10.1418 9.11079
      vertex 18.3133 9.75168 10.073
    endloop
  endfacet
  facet normal -0.928813 -0.353794 -0.110164
    outer loop
      vertex 18.1578 10.1946 10.1957
      vertex 18.2121 10.3702 9.17394
      vertex 18.2584 10.2561 9.15001
    endloop
  endfacet
  facet normal -0.929399 -0.352322 -0.109942
    outer loop
      vertex 18.2121 10.3702 9.17394
      vertex 18.1578 10.1946 10.1957
      vertex 18.1559 10.1993 10.1967
    endloop
  endfacet
  facet normal -0.997536 -0.0698564 0.00652849
    outer loop
      vertex 18.3201 9.92392 8.99066
      vertex 18.3673 9.32933 9.84044
      vertex 18.3131 10.0301 9.05723
    endloop
  endfacet
  facet normal -0.997403 -0.0718419 0.00513183
    outer loop
      vertex 18.3673 9.32933 9.84044
      vertex 18.3201 9.92392 8.99066
      vertex 18.3676 9.32497 9.83771
    endloop
  endfacet
  facet normal -0.997541 -0.0697691 0.00660699
    outer loop
      vertex 18.3673 9.32933 9.84044
      vertex 18.3539 9.53301 9.96811
      vertex 18.3131 10.0301 9.05723
    endloop
  endfacet
  facet normal -0.985861 0.09544 0.137731
    outer loop
      vertex 18.2924 9.73805 8.82533
      vertex 18.3539 9.13268 9.68503
      vertex 18.3131 9.82576 8.91272
    endloop
  endfacet
  facet normal -0.985828 0.0956075 0.137846
    outer loop
      vertex 18.3539 9.13268 9.68503
      vertex 18.2924 9.73805 8.82533
      vertex 18.3133 8.96088 9.51383
    endloop
  endfacet
  facet normal -0.272138 0.0248672 0.961937
    outer loop
      vertex 17.4219 9.91404 7.88363
      vertex 16.6112 9.30162 7.67011
      vertex 17.4976 9.81679 7.90756
    endloop
  endfacet
  facet normal -0.272094 0.0248049 0.961951
    outer loop
      vertex 16.6112 9.30162 7.67011
      vertex 17.4219 9.91404 7.88363
      vertex 16.6081 9.30562 7.66913
    endloop
  endfacet
  facet normal -0.211527 -0.0609633 0.975469
    outer loop
      vertex 16.6053 9.30995 7.6688
      vertex 17.4219 9.91404 7.88363
      vertex 17.3544 10.0196 7.87559
    endloop
  endfacet
  facet normal -0.210807 -0.0619688 0.975561
    outer loop
      vertex 17.4219 9.91404 7.88363
      vertex 16.6053 9.30995 7.6688
      vertex 16.6081 9.30562 7.66913
    endloop
  endfacet
  facet normal -0.113889 -0.82326 0.556122
    outer loop
      vertex 17.2504 10.8381 8.32693
      vertex 16.274 11.1182 8.54162
      vertex 16.2721 11.1157 8.53753
    endloop
  endfacet
  facet normal -0.11454 -0.824273 0.554486
    outer loop
      vertex 16.274 11.1182 8.54162
      vertex 17.2504 10.8381 8.32693
      vertex 17.2968 10.8987 8.4266
    endloop
  endfacet
  facet normal -0.770845 -0.62744 -0.110078
    outer loop
      vertex 18.0869 10.587 9.17394
      vertex 17.9077 10.6279 10.1957
      vertex 18.0112 10.6842 9.15001
    endloop
  endfacet
  facet normal -0.772042 -0.625919 -0.110349
    outer loop
      vertex 17.9077 10.6279 10.1957
      vertex 18.0869 10.587 9.17394
      vertex 17.9108 10.6239 10.1967
    endloop
  endfacet
  facet normal -0.831576 -0.541474 -0.123646
    outer loop
      vertex 18.1544 10.4815 9.18198
      vertex 17.9108 10.6239 10.1967
      vertex 18.0869 10.587 9.17394
    endloop
  endfacet
  facet normal -0.831761 -0.541169 -0.123733
    outer loop
      vertex 17.9108 10.6239 10.1967
      vertex 18.1544 10.4815 9.18198
      vertex 18.043 10.4171 10.2125
    endloop
  endfacet
  facet normal -0.213968 -0.900531 0.378499
    outer loop
      vertex 17.3544 10.9433 8.52878
      vertex 16.4787 11.323 8.93713
      vertex 16.4759 11.3219 8.93293
    endloop
  endfacet
  facet normal -0.211534 -0.89936 0.382629
    outer loop
      vertex 16.4787 11.323 8.93713
      vertex 17.3544 10.9433 8.52878
      vertex 17.4219 10.9709 8.63097
    endloop
  endfacet
  facet normal -0.706972 0.408172 -0.577569
    outer loop
      vertex -24.2174 -7.40596 -0.0244942
      vertex 0.319239 35.1273 0
      vertex 0.349238 35.1446 -0.0244942
    endloop
  endfacet
  facet normal -0.707601 0.399771 -0.582653
    outer loop
      vertex -24.2451 -7.41929 0
      vertex -24.2174 -7.40596 -0.0244942
      vertex -24.2443 -7.41905 -0.000806889
    endloop
  endfacet
  facet normal -0.707054 0.408219 -0.577436
    outer loop
      vertex -24.2174 -7.40596 -0.0244942
      vertex -24.2451 -7.41929 0
      vertex 0.319239 35.1273 0
    endloop
  endfacet
  facet normal 0.707126 -0.408249 0.577326
    outer loop
      vertex -3.29044 36.8394 10.8277
      vertex -4.66364 33.1747 9.91819
      vertex -4.50636 33.1903 9.73658
    endloop
  endfacet
  facet normal 0.712455 -0.400782 0.576005
    outer loop
      vertex -6.09607 34.7064 12.7557
      vertex -4.66701 33.1743 9.92208
      vertex -4.66364 33.1747 9.91819
    endloop
  endfacet
  facet normal 0.707086 -0.408282 0.577352
    outer loop
      vertex -6.09607 34.7064 12.7557
      vertex -4.83609 33.1236 10.0933
      vertex -4.66701 33.1743 9.92208
    endloop
  endfacet
  facet normal 0.708327 -0.40666 0.576975
    outer loop
      vertex -6.09607 34.7064 12.7557
      vertex -4.83973 33.1218 10.0965
      vertex -4.83609 33.1236 10.0933
    endloop
  endfacet
  facet normal 0.707075 -0.408296 0.577356
    outer loop
      vertex -5.35187 32.7789 10.4813
      vertex -6.71102 33.9162 12.9501
      vertex -7.25944 33.0588 13.0154
    endloop
  endfacet
  facet normal 0.707079 -0.408288 0.577356
    outer loop
      vertex -6.09607 34.7064 12.7557
      vertex -5.00944 33.0393 10.246
      vertex -4.83973 33.1218 10.0965
    endloop
  endfacet
  facet normal 0.707837 -0.40737 0.577075
    outer loop
      vertex -6.09607 34.7064 12.7557
      vertex -5.01308 33.0368 10.2487
      vertex -5.00944 33.0393 10.246
    endloop
  endfacet
  facet normal 0.707163 -0.408185 0.577326
    outer loop
      vertex -6.09607 34.7064 12.7557
      vertex -5.18279 32.9234 10.3764
      vertex -5.01308 33.0368 10.2487
    endloop
  endfacet
  facet normal 0.707039 -0.408359 0.577355
    outer loop
      vertex -6.71102 33.9162 12.9501
      vertex -5.34832 32.782 10.4791
      vertex -5.18279 32.9234 10.3764
    endloop
  endfacet
  facet normal 0.710065 -0.403728 0.576898
    outer loop
      vertex -6.71102 33.9162 12.9501
      vertex -5.35187 32.7789 10.4813
      vertex -5.34832 32.782 10.4791
    endloop
  endfacet
  facet normal 0.70434 -0.414855 0.576021
    outer loop
      vertex -7.25944 33.0588 13.0154
      vertex -5.35524 32.7754 10.4829
      vertex -5.35187 32.7789 10.4813
    endloop
  endfacet
  facet normal 0.70705 -0.40837 0.577334
    outer loop
      vertex -7.25944 33.0588 13.0154
      vertex -5.51252 32.6094 10.5581
      vertex -5.35524 32.7754 10.4829
    endloop
  endfacet
  facet normal 0.707186 -0.408074 0.577376
    outer loop
      vertex -7.25944 33.0588 13.0154
      vertex -5.65767 32.4228 10.604
      vertex -5.51252 32.6094 10.5581
    endloop
  endfacet
  facet normal 0.708145 -0.406203 0.57752
    outer loop
      vertex -7.25944 33.0588 13.0154
      vertex -5.66078 32.4188 10.605
      vertex -5.65767 32.4228 10.604
    endloop
  endfacet
  facet normal 0.707126 -0.408188 0.57737
    outer loop
      vertex -7.72784 32.155 12.9501
      vertex -5.66078 32.4188 10.605
      vertex -7.25944 33.0588 13.0154
    endloop
  endfacet
  facet normal 0.705389 -0.414275 0.575155
    outer loop
      vertex -5.66078 32.4188 10.605
      vertex -7.72784 32.155 12.9501
      vertex -5.66355 32.4145 10.6053
    endloop
  endfacet
  facet normal 0.707096 -0.408315 0.577317
    outer loop
      vertex -5.66355 32.4145 10.6053
      vertex -7.72784 32.155 12.9501
      vertex -5.793 32.2121 10.6207
    endloop
  endfacet
  facet normal 0.707167 -0.408101 0.577381
    outer loop
      vertex -7.72784 32.155 12.9501
      vertex -5.90593 31.9942 10.605
      vertex -5.793 32.2121 10.6207
    endloop
  endfacet
  facet normal 0.707105 -0.408259 0.577344
    outer loop
      vertex -8.10468 31.2274 12.7557
      vertex -5.90593 31.9942 10.605
      vertex -7.72784 32.155 12.9501
    endloop
  endfacet
  facet normal 0.706847 -0.409908 0.576492
    outer loop
      vertex -5.90593 31.9942 10.605
      vertex -8.10468 31.2274 12.7557
      vertex -5.90784 31.9895 10.604
    endloop
  endfacet
  facet normal 0.707089 -0.408373 0.577283
    outer loop
      vertex -5.90784 31.9895 10.604
      vertex -8.10468 31.2274 12.7557
      vertex -5.99679 31.7706 10.5581
    endloop
  endfacet
  facet normal 0.707124 -0.408209 0.577357
    outer loop
      vertex -5.99679 31.7706 10.5581
      vertex -8.10468 31.2274 12.7557
      vertex -6.06193 31.5514 10.4829
    endloop
  endfacet
  facet normal 0.70735 -0.407358 0.577682
    outer loop
      vertex -6.06193 31.5514 10.4829
      vertex -8.10468 31.2274 12.7557
      vertex -6.06333 31.5467 10.4813
    endloop
  endfacet
  facet normal 0.707103 -0.408283 0.57733
    outer loop
      vertex -8.38068 30.2986 12.4369
      vertex -6.06333 31.5467 10.4813
      vertex -8.10468 31.2274 12.7557
    endloop
  endfacet
  facet normal 0.707135 -0.407146 0.578094
    outer loop
      vertex -6.06333 31.5467 10.4813
      vertex -8.38068 30.2986 12.4369
      vertex -6.06418 31.5421 10.4791
    endloop
  endfacet
  facet normal 0.707104 -0.408209 0.577382
    outer loop
      vertex -6.06418 31.5421 10.4791
      vertex -8.38068 30.2986 12.4369
      vertex -6.10392 31.328 10.3764
    endloop
  endfacet
  facet normal 0.707095 -0.408303 0.577326
    outer loop
      vertex -6.10392 31.328 10.3764
      vertex -8.38068 30.2986 12.4369
      vertex -6.11728 31.1243 10.2487
    endloop
  endfacet
  facet normal 0.708064 -0.401513 0.580889
    outer loop
      vertex -6.11728 31.1243 10.2487
      vertex -8.38068 30.2986 12.4369
      vertex -6.11756 31.1199 10.246
    endloop
  endfacet
  facet normal 0.706659 -0.411184 0.575813
    outer loop
      vertex -6.11756 31.1199 10.246
      vertex -8.38068 30.2986 12.4369
      vertex -6.11728 31.1159 10.2428
    endloop
  endfacet
  facet normal 0.707097 -0.408262 0.577353
    outer loop
      vertex -8.54904 29.3917 12.0018
      vertex -6.11728 31.1159 10.2428
      vertex -8.38068 30.2986 12.4369
    endloop
  endfacet
  facet normal 0.707107 -0.408366 0.577267
    outer loop
      vertex -6.11728 31.1159 10.2428
      vertex -8.54904 29.3917 12.0018
      vertex -6.10392 30.9277 10.0933
    endloop
  endfacet
  facet normal 0.706888 -0.403112 0.581214
    outer loop
      vertex -6.10392 30.9277 10.0933
      vertex -8.54904 29.3917 12.0018
      vertex -6.10307 30.924 10.0897
    endloop
  endfacet
  facet normal 0.707097 -0.408283 0.577337
    outer loop
      vertex -6.10307 30.924 10.0897
      vertex -8.54904 29.3917 12.0018
      vertex -6.06333 30.7558 9.92208
    endloop
  endfacet
  facet normal 0.707095 -0.408399 0.577258
    outer loop
      vertex -6.06333 30.7558 9.92208
      vertex -8.54904 29.3917 12.0018
      vertex -5.99818 30.6119 9.74047
    endloop
  endfacet
  facet normal 0.70711 -0.408189 0.577389
    outer loop
      vertex -8.60563 28.5287 11.461
      vertex -5.99818 30.6119 9.74047
      vertex -8.54904 29.3917 12.0018
    endloop
  endfacet
  facet normal 0.707051 -0.40787 0.577686
    outer loop
      vertex -5.99818 30.6119 9.74047
      vertex -8.60563 28.5287 11.461
      vertex -5.99679 30.6088 9.73658
    endloop
  endfacet
  facet normal 0.707006 -0.407625 0.577913
    outer loop
      vertex -5.99679 30.6088 9.73658
      vertex -8.60563 28.5287 11.461
      vertex -5.99488 30.6063 9.73248
    endloop
  endfacet
  facet normal 0.707104 -0.408165 0.577412
    outer loop
      vertex -5.99488 30.6063 9.73248
      vertex -8.60563 28.5287 11.461
      vertex -5.90593 30.49 9.54134
    endloop
  endfacet
  facet normal 0.70711 -0.408255 0.577341
    outer loop
      vertex -8.38069 27.0186 10.1176
      vertex -5.51563 30.3296 8.94987
      vertex -5.66078 30.3485 9.14101
    endloop
  endfacet
  facet normal 0.707119 -0.40828 0.577313
    outer loop
      vertex -8.54905 27.7312 10.8277
      vertex -5.79537 30.4044 9.34538
      vertex -8.60563 28.5287 11.461
    endloop
  endfacet
  facet normal 0.707119 -0.40829 0.577305
    outer loop
      vertex -5.90593 30.49 9.54134
      vertex -8.60563 28.5287 11.461
      vertex -5.79537 30.4044 9.34538
    endloop
  endfacet
  facet normal 0.707123 -0.408261 0.577322
    outer loop
      vertex -4.50636 33.1903 9.73658
      vertex -1.92281 37.1159 9.3482
      vertex -2.58914 37.0498 10.1176
    endloop
  endfacet
  facet normal 0.707092 -0.40825 0.577367
    outer loop
      vertex -4.50636 33.1903 9.73658
      vertex -2.58914 37.0498 10.1176
      vertex -3.29044 36.8394 10.8277
    endloop
  endfacet
  facet normal 0.707115 -0.408244 0.577344
    outer loop
      vertex -1.92281 37.1159 9.3482
      vertex -4.50325 33.1898 9.73248
      vertex -4.3581 33.1709 9.54134
    endloop
  endfacet
  facet normal 0.707128 -0.408249 0.577324
    outer loop
      vertex -4.66364 33.1747 9.91819
      vertex -3.29044 36.8394 10.8277
      vertex -4.00944 36.4896 11.461
    endloop
  endfacet
  facet normal 0.707096 -0.408258 0.577356
    outer loop
      vertex -4.66364 33.1747 9.91819
      vertex -4.00944 36.4896 11.461
      vertex -4.72844 36.0091 12.0018
    endloop
  endfacet
  facet normal 0.707089 -0.408262 0.577362
    outer loop
      vertex -4.66364 33.1747 9.91819
      vertex -4.72844 36.0091 12.0018
      vertex -5.42974 35.4098 12.4369
    endloop
  endfacet
  facet normal 0.703801 -0.405482 0.583308
    outer loop
      vertex -1.92281 37.1159 9.3482
      vertex -4.50636 33.1903 9.73658
      vertex -4.50325 33.1898 9.73248
    endloop
  endfacet
  facet normal 0.707142 -0.408212 0.577333
    outer loop
      vertex -4.66364 33.1747 9.91819
      vertex -5.42974 35.4098 12.4369
      vertex -6.09607 34.7064 12.7557
    endloop
  endfacet
  facet normal 0.707115 -0.408266 0.577328
    outer loop
      vertex -4.22588 33.1169 9.34118
      vertex -1.30786 37.0357 8.53841
      vertex -4.35533 33.1698 9.53714
    endloop
  endfacet
  facet normal 0.707106 -0.408248 0.577351
    outer loop
      vertex -5.18279 32.9234 10.3764
      vertex -6.09607 34.7064 12.7557
      vertex -6.71102 33.9162 12.9501
    endloop
  endfacet
  facet normal 0.707089 -0.408225 0.577389
    outer loop
      vertex -1.92281 37.1159 9.3482
      vertex -4.3581 33.1709 9.54134
      vertex -1.30786 37.0357 8.53841
    endloop
  endfacet
  facet normal 0.708376 -0.409974 0.574565
    outer loop
      vertex -4.35533 33.1698 9.53714
      vertex -1.30786 37.0357 8.53841
      vertex -4.3581 33.1709 9.54134
    endloop
  endfacet
  facet normal 0.707109 -0.408259 0.57734
    outer loop
      vertex -1.30786 37.0357 8.53841
      vertex -4.22588 33.1169 9.34118
      vertex -0.759439 36.8115 7.70818
    endloop
  endfacet
  facet normal 0.707079 -0.408196 0.577421
    outer loop
      vertex -4.11532 33.0312 9.14521
      vertex -0.759439 36.8115 7.70818
      vertex -4.22588 33.1169 9.34118
    endloop
  endfacet
  facet normal 0.707972 -0.409852 0.575149
    outer loop
      vertex -4.11295 33.0294 9.14101
      vertex -0.759439 36.8115 7.70818
      vertex -4.11532 33.0312 9.14521
    endloop
  endfacet
  facet normal 0.70713 -0.408295 0.577289
    outer loop
      vertex -4.024 32.9132 8.94987
      vertex -0.759439 36.8115 7.70818
      vertex -4.11295 33.0294 9.14101
    endloop
  endfacet
  facet normal 0.707298 -0.408561 0.576895
    outer loop
      vertex -4.0221 32.9107 8.94577
      vertex -0.759439 36.8115 7.70818
      vertex -4.024 32.9132 8.94987
    endloop
  endfacet
  facet normal 0.707098 -0.408246 0.577363
    outer loop
      vertex -3.95695 32.7667 8.76416
      vertex -0.759439 36.8115 7.70818
      vertex -4.0221 32.9107 8.94577
    endloop
  endfacet
  facet normal 0.706421 -0.407324 0.578841
    outer loop
      vertex -3.95555 32.7636 8.76027
      vertex -0.759439 36.8115 7.70818
      vertex -3.95695 32.7667 8.76416
    endloop
  endfacet
  facet normal 0.707101 -0.408246 0.577358
    outer loop
      vertex -3.91496 32.5918 8.58908
      vertex -0.759439 36.8115 7.70818
      vertex -3.95555 32.7636 8.76027
    endloop
  endfacet
  facet normal 0.70491 -0.405674 0.581834
    outer loop
      vertex -3.91467 32.5877 8.58587
      vertex -0.759439 36.8115 7.70818
      vertex -3.91496 32.5918 8.58908
    endloop
  endfacet
  facet normal 0.707153 -0.4083 0.577257
    outer loop
      vertex -3.90132 32.3995 8.4364
      vertex -0.759439 36.8115 7.70818
      vertex -3.91467 32.5877 8.58587
    endloop
  endfacet
  facet normal 0.707107 -0.408253 0.577347
    outer loop
      vertex -0.759439 36.8115 7.70818
      vertex -3.90132 32.3995 8.4364
      vertex 2.10011 35.1606 3.03856
    endloop
  endfacet
  facet normal 0.707329 -0.405555 0.578974
    outer loop
      vertex -3.9016 32.3951 8.43366
      vertex 2.10011 35.1606 3.03856
      vertex -3.90132 32.3995 8.4364
    endloop
  endfacet
  facet normal 0.707111 -0.408217 0.577367
    outer loop
      vertex -3.91496 32.1914 8.306
      vertex 2.10011 35.1606 3.03856
      vertex -3.9016 32.3951 8.43366
    endloop
  endfacet
  facet normal 0.706745 -0.413974 0.573704
    outer loop
      vertex -3.91581 32.1869 8.3038
      vertex 2.10011 35.1606 3.03856
      vertex -3.91496 32.1914 8.306
    endloop
  endfacet
  facet normal 0.707108 -0.408227 0.577364
    outer loop
      vertex -3.95555 31.9728 8.20109
      vertex 2.10011 35.1606 3.03856
      vertex -3.91581 32.1869 8.3038
    endloop
  endfacet
  facet normal 0.707105 -0.4083 0.577316
    outer loop
      vertex -4.0207 31.7536 8.12586
      vertex 2.10011 35.1606 3.03856
      vertex -3.95555 31.9728 8.20109
    endloop
  endfacet
  facet normal 0.707106 -0.408239 0.577358
    outer loop
      vertex 2.10011 35.1606 3.03856
      vertex -4.0207 31.7536 8.12586
      vertex 2.10011 33.9321 2.16991
    endloop
  endfacet
  facet normal 0.707086 -0.408373 0.577288
    outer loop
      vertex -4.0221 31.7489 8.12425
      vertex 2.10011 33.9321 2.16991
      vertex -4.0207 31.7536 8.12586
    endloop
  endfacet
  facet normal 0.707117 -0.408163 0.577397
    outer loop
      vertex -4.11104 31.5299 8.07836
      vertex 2.10011 33.9321 2.16991
      vertex -4.0221 31.7489 8.12425
    endloop
  endfacet
  facet normal 0.707164 -0.407813 0.577588
    outer loop
      vertex -4.11295 31.5252 8.07738
      vertex 2.10011 33.9321 2.16991
      vertex -4.11104 31.5299 8.07836
    endloop
  endfacet
  facet normal 0.707403 -0.405974 0.578589
    outer loop
      vertex -4.11532 31.5206 8.07705
      vertex 2.10011 33.9321 2.16991
      vertex -4.11295 31.5252 8.07738
    endloop
  endfacet
  facet normal 0.707107 -0.408253 0.577347
    outer loop
      vertex -4.22588 31.3073 8.06163
      vertex 2.10011 33.9321 2.16991
      vertex -4.11532 31.5206 8.07705
    endloop
  endfacet
  facet normal 0.707099 -0.408321 0.577308
    outer loop
      vertex -4.3581 31.1006 8.07738
      vertex 2.10011 33.9321 2.16991
      vertex -4.22588 31.3073 8.06163
    endloop
  endfacet
  facet normal 0.707098 -0.408329 0.577304
    outer loop
      vertex -4.36121 31.0966 8.07836
      vertex 2.10011 33.9321 2.16991
      vertex -4.3581 31.1006 8.07738
    endloop
  endfacet
  facet normal 0.707104 -0.408268 0.577339
    outer loop
      vertex -4.50636 30.9101 8.12425
      vertex 2.10011 33.9321 2.16991
      vertex -4.36121 31.0966 8.07836
    endloop
  endfacet
  facet normal 0.709744 -0.407366 0.574732
    outer loop
      vertex -5.55944 24.5717 4.9321
      vertex -4.50636 30.9101 8.12425
      vertex -4.50973 30.9065 8.12586
    endloop
  endfacet
  facet normal 0.70707 -0.408261 0.577386
    outer loop
      vertex -5.55944 24.5717 4.9321
      vertex -4.50973 30.9065 8.12586
      vertex -4.66701 30.7405 8.20109
    endloop
  endfacet
  facet normal 0.707119 -0.408243 0.577339
    outer loop
      vertex -5.55944 24.5717 4.9321
      vertex -4.66701 30.7405 8.20109
      vertex -4.83609 30.596 8.306
    endloop
  endfacet
  facet normal 0.707097 -0.408246 0.577364
    outer loop
      vertex -7.25944 25.5532 7.70818
      vertex -4.83609 30.596 8.306
      vertex -5.0058 30.4826 8.43366
    endloop
  endfacet
  facet normal 0.70534 -0.407804 0.57982
    outer loop
      vertex -7.25944 25.5532 7.70818
      vertex -5.0058 30.4826 8.43366
      vertex -5.00944 30.4802 8.4364
    endloop
  endfacet
  facet normal 0.708188 -0.408927 0.575542
    outer loop
      vertex -7.72784 25.916 8.53841
      vertex -5.00944 30.4802 8.4364
      vertex -5.01308 30.4784 8.4396
    endloop
  endfacet
  facet normal 0.707163 -0.40828 0.577259
    outer loop
      vertex -7.72784 25.916 8.53841
      vertex -5.01308 30.4784 8.4396
      vertex -5.18279 30.3958 8.58908
    endloop
  endfacet
  facet normal 0.707122 -0.408258 0.577324
    outer loop
      vertex -8.10468 26.4085 9.3482
      vertex -5.18634 30.3948 8.59267
      vertex -5.35187 30.3451 8.76027
    endloop
  endfacet
  facet normal 0.70584 -0.404709 0.581378
    outer loop
      vertex -5.79537 30.4044 9.34538
      vertex -8.54905 27.7312 10.8277
      vertex -5.793 30.4025 9.34118
    endloop
  endfacet
  facet normal 0.707135 -0.408343 0.577249
    outer loop
      vertex -5.793 30.4025 9.34118
      vertex -8.54905 27.7312 10.8277
      vertex -5.66078 30.3485 9.14101
    endloop
  endfacet
  facet normal 0.707109 -0.408254 0.577343
    outer loop
      vertex -8.38069 27.0186 10.1176
      vertex -5.66078 30.3485 9.14101
      vertex -8.54905 27.7312 10.8277
    endloop
  endfacet
  facet normal 0.707448 -0.408841 0.576512
    outer loop
      vertex -5.51563 30.3296 8.94987
      vertex -8.38069 27.0186 10.1176
      vertex -5.51252 30.3292 8.94577
    endloop
  endfacet
  facet normal 0.705924 -0.406203 0.580232
    outer loop
      vertex -5.51252 30.3292 8.94577
      vertex -8.38069 27.0186 10.1176
      vertex -5.50915 30.3295 8.94188
    endloop
  endfacet
  facet normal 0.707119 -0.408275 0.577317
    outer loop
      vertex -5.50915 30.3295 8.94188
      vertex -8.38069 27.0186 10.1176
      vertex -5.35187 30.3451 8.76027
    endloop
  endfacet
  facet normal 0.707098 -0.408234 0.577371
    outer loop
      vertex -8.10468 26.4085 9.3482
      vertex -5.35187 30.3451 8.76027
      vertex -8.38069 27.0186 10.1176
    endloop
  endfacet
  facet normal 0.704055 -0.404854 0.583438
    outer loop
      vertex -5.18634 30.3948 8.59267
      vertex -8.10468 26.4085 9.3482
      vertex -5.18279 30.3958 8.58908
    endloop
  endfacet
  facet normal 0.707108 -0.40825 0.577347
    outer loop
      vertex -7.72784 25.916 8.53841
      vertex -5.18279 30.3958 8.58908
      vertex -8.10468 26.4085 9.3482
    endloop
  endfacet
  facet normal 0.707115 -0.408248 0.57734
    outer loop
      vertex -5.00944 30.4802 8.4364
      vertex -7.72784 25.916 8.53841
      vertex -7.25944 25.5532 7.70818
    endloop
  endfacet
  facet normal 0.707105 -0.408249 0.577352
    outer loop
      vertex -4.83609 30.596 8.306
      vertex -7.25944 25.5532 7.70818
      vertex -5.55944 24.5717 4.9321
    endloop
  endfacet
  facet normal 0.707106 -0.408247 0.577352
    outer loop
      vertex -4.50636 30.9101 8.12425
      vertex -5.55944 24.5717 4.9321
      vertex 2.10011 33.9321 2.16991
    endloop
  endfacet
  facet normal 0.707109 -0.408252 0.577344
    outer loop
      vertex -5.55944 24.5717 4.9321
      vertex -3.58573 24.084 2.16991
      vertex 2.10011 33.9321 2.16991
    endloop
  endfacet
  facet normal 0.707181 -0.408095 0.577368
    outer loop
      vertex -5.55944 24.5717 4.9321
      vertex -3.69295 23.8982 2.16991
      vertex -3.58573 24.084 2.16991
    endloop
  endfacet
  facet normal 0.706637 -0.409181 0.577265
    outer loop
      vertex -5.55944 24.5717 4.9321
      vertex -3.66193 23.8803 2.11925
      vertex -3.69295 23.8982 2.16991
    endloop
  endfacet
  facet normal 0.706222 -0.410007 0.577187
    outer loop
      vertex -5.55944 24.5717 4.9321
      vertex -3.58891 23.8382 2
      vertex -3.66193 23.8803 2.11925
    endloop
  endfacet
  facet normal 0.70711 -0.408249 0.577345
    outer loop
      vertex -23.7594 -6.95163 4.9321
      vertex -3.58891 23.8382 2
      vertex -5.55944 24.5717 4.9321
    endloop
  endfacet
  facet normal 0.706292 -0.408277 0.578326
    outer loop
      vertex -23.8635 -7.17703 4.90011
      vertex -23.7594 -6.95163 4.9321
      vertex -23.8171 -7.06285 4.92405
    endloop
  endfacet
  facet normal 0.705415 -0.408047 0.579558
    outer loop
      vertex -23.7594 -6.95163 4.9321
      vertex -23.8635 -7.17703 4.90011
      vertex -23.8974 -7.29134 4.86089
    endloop
  endfacet
  facet normal 0.707961 -0.408379 0.57621
    outer loop
      vertex -23.9182 -7.40297 4.80733
      vertex -23.7594 -6.95163 4.9321
      vertex -23.8974 -7.29134 4.86089
    endloop
  endfacet
  facet normal 0.706907 -0.408368 0.577511
    outer loop
      vertex -23.7594 -6.95163 4.9321
      vertex -23.9182 -7.40297 4.80733
      vertex -23.7594 -7.87538 4.2789
    endloop
  endfacet
  facet normal 0.707577 -0.407729 0.577141
    outer loop
      vertex -23.7594 -7.87538 4.2789
      vertex -23.9182 -7.40297 4.80733
      vertex -23.9251 -7.50916 4.74077
    endloop
  endfacet
  facet normal 0.706372 -0.409001 0.577717
    outer loop
      vertex -23.7594 -7.87538 4.2789
      vertex -23.9251 -7.50916 4.74077
      vertex -23.9182 -7.60732 4.66284
    endloop
  endfacet
  facet normal 0.707955 -0.407155 0.577083
    outer loop
      vertex -23.7594 -7.87538 4.2789
      vertex -23.9182 -7.60732 4.66284
      vertex -23.8974 -7.69503 4.57544
    endloop
  endfacet
  facet normal 0.705475 -0.410338 0.577865
    outer loop
      vertex -23.7594 -7.87538 4.2789
      vertex -23.8974 -7.69503 4.57544
      vertex -23.8635 -7.77011 4.48074
    endloop
  endfacet
  facet normal 0.706228 -0.409275 0.577699
    outer loop
      vertex -23.7594 -7.87538 4.2789
      vertex -23.8635 -7.77011 4.48074
      vertex -23.8171 -7.83073 4.38107
    endloop
  endfacet
  facet normal 0.707102 -0.408255 0.577351
    outer loop
      vertex -23.7594 -6.95163 4.9321
      vertex -23.7594 -7.87538 4.2789
      vertex -22.4344 -8.64037 2.11519
    endloop
  endfacet
  facet normal 0.707788 -0.407364 0.57714
    outer loop
      vertex -23.7594 -6.95163 4.9321
      vertex -22.4344 -8.64037 2.11519
      vertex -22.3571 -8.66926 2
    endloop
  endfacet
  facet normal 0.703025 -0.41671 0.576288
    outer loop
      vertex -22.3571 -8.66926 2
      vertex -22.4344 -8.64037 2.11519
      vertex -22.367 -8.66797 2.01301
    endloop
  endfacet
  facet normal 0.707114 -0.408253 0.577338
    outer loop
      vertex -23.7594 -6.95163 4.9321
      vertex -22.3571 -8.66926 2
      vertex -3.58891 23.8382 2
    endloop
  endfacet
  facet normal 0.706961 -0.408163 0.57759
    outer loop
      vertex 2.44056 31.4531 0
      vertex -2.13328 23.4963 -0.0244942
      vertex 2.47056 31.4704 -0.0244942
    endloop
  endfacet
  facet normal 0.707391 -0.408409 0.576888
    outer loop
      vertex -2.13328 23.4963 -0.0244942
      vertex 2.44056 31.4531 0
      vertex -2.15747 23.489 0
    endloop
  endfacet
  facet normal 0.499995 0.866028 7.64836e-06
    outer loop
      vertex 2.10011 35.1606 3.03856
      vertex -2.85955 38.024 5.99345
      vertex -0.759439 36.8115 7.70818
    endloop
  endfacet
  facet normal 0.499995 0.866028 7.77825e-06
    outer loop
      vertex -2.85955 38.024 5.99345
      vertex 2.10011 35.1606 3.03856
      vertex -2.2949e-07 36.3731 1.32383
    endloop
  endfacet
  facet normal 0.459217 0.88601 0.0640799
    outer loop
      vertex -0.759439 36.8115 7.70818
      vertex -3.40797 38.2482 6.82368
      vertex -1.30786 37.0357 8.53841
    endloop
  endfacet
  facet normal 0.459217 0.88601 0.0640795
    outer loop
      vertex -3.40797 38.2482 6.82368
      vertex -0.759439 36.8115 7.70818
      vertex -2.85955 38.024 5.99345
    endloop
  endfacet
  facet normal 0.369518 0.909479 0.190537
    outer loop
      vertex -1.30786 37.0357 8.53841
      vertex -4.02291 38.3284 7.63347
      vertex -1.92281 37.1159 9.3482
    endloop
  endfacet
  facet normal 0.369519 0.909479 0.190533
    outer loop
      vertex -4.02291 38.3284 7.63347
      vertex -1.30786 37.0357 8.53841
      vertex -3.40797 38.2482 6.82368
    endloop
  endfacet
  facet normal 0.270514 0.910584 0.312505
    outer loop
      vertex -3.01584 37.7101 8.56297
      vertex -2.58914 37.0498 10.1176
      vertex -1.92281 37.1159 9.3482
    endloop
  endfacet
  facet normal 0.27061 0.910567 0.312472
    outer loop
      vertex -2.58914 37.0498 10.1176
      vertex -3.01584 37.7101 8.56297
      vertex -3.72913 37.708 9.18682
    endloop
  endfacet
  facet normal 0.270101 0.910524 0.313035
    outer loop
      vertex -4.02291 38.3284 7.63347
      vertex -3.01584 37.7101 8.56297
      vertex -1.92281 37.1159 9.3482
    endloop
  endfacet
  facet normal 0.271212 0.910592 0.311876
    outer loop
      vertex -3.01584 37.7101 8.56297
      vertex -4.02291 38.3284 7.63347
      vertex -3.3968 37.9301 8.25192
    endloop
  endfacet
  facet normal 0.268211 0.910463 0.314832
    outer loop
      vertex -3.3968 37.9301 8.25192
      vertex -4.02291 38.3284 7.63347
      vertex -3.48208 37.9793 8.18229
    endloop
  endfacet
  facet normal 0.270535 0.910547 0.312595
    outer loop
      vertex -3.48208 37.9793 8.18229
      vertex -4.02291 38.3284 7.63347
      vertex -4.07731 38.323 7.69628
    endloop
  endfacet
  facet normal 0.165139 0.889249 0.426574
    outer loop
      vertex -3.72913 37.708 9.18682
      vertex -3.29044 36.8394 10.8277
      vertex -2.58914 37.0498 10.1176
    endloop
  endfacet
  facet normal 0.165031 0.889254 0.426605
    outer loop
      vertex -3.29044 36.8394 10.8277
      vertex -3.72913 37.708 9.18682
      vertex -4.53227 37.5563 9.81373
    endloop
  endfacet
  facet normal 0.0554488 0.846026 0.53025
    outer loop
      vertex -4.53227 37.5563 9.81373
      vertex -4.00944 36.4896 11.461
      vertex -3.29044 36.8394 10.8277
    endloop
  endfacet
  facet normal 0.0554681 0.846028 0.530245
    outer loop
      vertex -4.00944 36.4896 11.461
      vertex -4.53227 37.5563 9.81373
      vertex -5.34211 37.259 10.3728
    endloop
  endfacet
  facet normal -0.0555517 0.78193 0.620887
    outer loop
      vertex -5.34211 37.259 10.3728
      vertex -4.72844 36.0091 12.0018
      vertex -4.00944 36.4896 11.461
    endloop
  endfacet
  facet normal -0.055438 0.781961 0.620857
    outer loop
      vertex -4.72844 36.0091 12.0018
      vertex -5.4452 37.2026 10.4346
      vertex -6.13869 36.8233 10.8504
    endloop
  endfacet
  facet normal -0.0555767 0.781924 0.620892
    outer loop
      vertex -4.72844 36.0091 12.0018
      vertex -5.34211 37.259 10.3728
      vertex -5.4452 37.2026 10.4346
    endloop
  endfacet
  facet normal -0.16507 0.698614 0.696197
    outer loop
      vertex -6.13869 36.8233 10.8504
      vertex -5.42974 35.4098 12.4369
      vertex -4.72844 36.0091 12.0018
    endloop
  endfacet
  facet normal -0.165055 0.698619 0.696195
    outer loop
      vertex -5.42974 35.4098 12.4369
      vertex -6.13869 36.8233 10.8504
      vertex -6.9024 36.2601 11.2345
    endloop
  endfacet
  facet normal -0.27053 0.598158 0.754335
    outer loop
      vertex -6.9024 36.2601 11.2345
      vertex -6.09607 34.7064 12.7557
      vertex -5.42974 35.4098 12.4369
    endloop
  endfacet
  facet normal -0.270636 0.598106 0.754338
    outer loop
      vertex -6.09607 34.7064 12.7557
      vertex -6.9024 36.2601 11.2345
      vertex -7.61445 35.583 11.5159
    endloop
  endfacet
  facet normal -0.369493 0.482864 0.793926
    outer loop
      vertex -7.61445 35.583 11.5159
      vertex -6.71102 33.9162 12.9501
      vertex -6.09607 34.7064 12.7557
    endloop
  endfacet
  facet normal -0.369473 0.482876 0.793927
    outer loop
      vertex -6.71102 33.9162 12.9501
      vertex -7.61445 35.583 11.5159
      vertex -8.25728 34.809 11.6875
    endloop
  endfacet
  facet normal -0.459245 0.35574 0.813968
    outer loop
      vertex -8.25728 34.809 11.6875
      vertex -7.25944 33.0588 13.0154
      vertex -6.71102 33.9162 12.9501
    endloop
  endfacet
  facet normal -0.459243 0.355741 0.813968
    outer loop
      vertex -7.25944 33.0588 13.0154
      vertex -8.25728 34.809 11.6875
      vertex -8.81507 33.9569 11.7452
    endloop
  endfacet
  facet normal -0.537703 0.219839 0.81397
    outer loop
      vertex -9.2741 33.0478 11.6875
      vertex -7.25944 33.0588 13.0154
      vertex -8.81507 33.9569 11.7452
    endloop
  endfacet
  facet normal -0.537701 0.219857 0.813966
    outer loop
      vertex -7.25944 33.0588 13.0154
      vertex -9.2741 33.0478 11.6875
      vertex -7.72784 32.155 12.9501
    endloop
  endfacet
  facet normal -0.602915 0.0785712 0.793927
    outer loop
      vertex -9.62306 32.104 11.5159
      vertex -7.72784 32.155 12.9501
      vertex -9.2741 33.0478 11.6875
    endloop
  endfacet
  facet normal -0.602916 0.0785502 0.793928
    outer loop
      vertex -7.72784 32.155 12.9501
      vertex -9.62306 32.104 11.5159
      vertex -8.10468 31.2274 12.7557
    endloop
  endfacet
  facet normal -0.6533 -0.064732 0.754327
    outer loop
      vertex -9.85334 31.1489 11.2345
      vertex -8.10468 31.2274 12.7557
      vertex -9.62306 32.104 11.5159
    endloop
  endfacet
  facet normal -0.653297 -0.0647814 0.754325
    outer loop
      vertex -8.10468 31.2274 12.7557
      vertex -9.85334 31.1489 11.2345
      vertex -8.38068 30.2986 12.4369
    endloop
  endfacet
  facet normal -0.687561 -0.206323 0.696197
    outer loop
      vertex -9.95929 30.2059 10.8504
      vertex -8.38068 30.2986 12.4369
      vertex -9.85334 31.1489 11.2345
    endloop
  endfacet
  facet normal -0.687553 -0.20637 0.696192
    outer loop
      vertex -8.38068 30.2986 12.4369
      vertex -9.95929 30.2059 10.8504
      vertex -8.54904 29.3917 12.0018
    endloop
  endfacet
  facet normal -0.704914 -0.342974 0.620858
    outer loop
      vertex -9.9383 29.2982 10.3728
      vertex -8.54904 29.3917 12.0018
      vertex -9.95929 30.2059 10.8504
    endloop
  endfacet
  facet normal -0.704952 -0.342851 0.620883
    outer loop
      vertex -8.54904 29.3917 12.0018
      vertex -9.9383 29.2982 10.3728
      vertex -8.60563 28.5287 11.461
    endloop
  endfacet
  facet normal -0.704919 -0.471004 0.530325
    outer loop
      vertex -8.54905 27.7312 10.8277
      vertex -9.9383 29.2982 10.3728
      vertex -9.79089 28.4481 9.81373
    endloop
  endfacet
  facet normal -0.704955 -0.471066 0.530221
    outer loop
      vertex -9.9383 29.2982 10.3728
      vertex -8.54905 27.7312 10.8277
      vertex -8.60563 28.5287 11.461
    endloop
  endfacet
  facet normal -0.687568 -0.587607 0.426579
    outer loop
      vertex -8.38069 27.0186 10.1176
      vertex -9.79089 28.4481 9.81373
      vertex -9.52067 27.6768 9.18682
    endloop
  endfacet
  facet normal -0.687554 -0.587581 0.426635
    outer loop
      vertex -9.79089 28.4481 9.81373
      vertex -8.38069 27.0186 10.1176
      vertex -8.54905 27.7312 10.8277
    endloop
  endfacet
  facet normal -0.653297 -0.689612 0.312472
    outer loop
      vertex -9.52067 27.6768 9.18682
      vertex -8.10468 26.4085 9.3482
      vertex -8.38069 27.0186 10.1176
    endloop
  endfacet
  facet normal -0.653297 -0.689613 0.312468
    outer loop
      vertex -9.16585 27.058 8.56298
      vertex -8.10468 26.4085 9.3482
      vertex -9.52067 27.6768 9.18682
    endloop
  endfacet
  facet normal -0.653744 -0.688682 0.313584
    outer loop
      vertex -10.2048 27.621 7.63347
      vertex -9.16585 27.058 8.56298
      vertex -9.54681 27.278 8.25193
    endloop
  endfacet
  facet normal -0.65356 -0.689036 0.313191
    outer loop
      vertex -10.2048 27.621 7.63347
      vertex -9.54681 27.278 8.25193
      vertex -10.2273 27.6709 7.6963
    endloop
  endfacet
  facet normal -0.653365 -0.689445 0.312698
    outer loop
      vertex -9.16585 27.058 8.56298
      vertex -10.2048 27.621 7.63347
      vertex -8.10468 26.4085 9.3482
    endloop
  endfacet
  facet normal -0.602903 -0.774712 0.190602
    outer loop
      vertex -10.2048 27.621 7.63347
      vertex -7.72784 25.916 8.53841
      vertex -8.10468 26.4085 9.3482
    endloop
  endfacet
  facet normal -0.602902 -0.774714 0.190596
    outer loop
      vertex -7.72784 25.916 8.53841
      vertex -10.2048 27.621 7.63347
      vertex -9.82795 27.1285 6.82368
    endloop
  endfacet
  facet normal -0.537675 -0.840717 0.064037
    outer loop
      vertex -9.82795 27.1285 6.82368
      vertex -7.25944 25.5532 7.70818
      vertex -7.72784 25.916 8.53841
    endloop
  endfacet
  facet normal -0.537675 -0.840717 0.064037
    outer loop
      vertex -7.25944 25.5532 7.70818
      vertex -9.82795 27.1285 6.82368
      vertex -9.35955 26.7657 5.99345
    endloop
  endfacet
  facet normal -0.500001 -0.866025 7.88771e-07
    outer loop
      vertex -9.35955 26.7657 5.99345
      vertex -5.55944 24.5717 4.9321
      vertex -7.25944 25.5532 7.70818
    endloop
  endfacet
  facet normal -0.500001 -0.866025 7.88771e-07
    outer loop
      vertex -5.55944 24.5717 4.9321
      vertex -9.35955 26.7657 5.99345
      vertex -7.65955 25.7842 3.21737
    endloop
  endfacet
  facet normal -0.5 0.288674 0.816497
    outer loop
      vertex -7.65955 25.7842 3.21737
      vertex -23.7594 -6.95163 4.9321
      vertex -5.55944 24.5717 4.9321
    endloop
  endfacet
  facet normal -0.499988 0.288669 0.816506
    outer loop
      vertex -23.7594 -6.95163 4.9321
      vertex -7.65955 25.7842 3.21737
      vertex -25.8596 -5.73913 3.21737
    endloop
  endfacet
  facet normal -0.537793 0.219605 0.813973
    outer loop
      vertex -25.9172 -5.85035 3.20932
      vertex -23.7594 -6.95163 4.9321
      vertex -25.8596 -5.73913 3.21737
    endloop
  endfacet
  facet normal -0.537609 0.219991 0.81399
    outer loop
      vertex -23.7594 -6.95163 4.9321
      vertex -25.9172 -5.85035 3.20932
      vertex -23.8171 -7.06285 4.92405
    endloop
  endfacet
  facet normal -0.602904 0.0785414 0.793938
    outer loop
      vertex -25.9636 -5.96453 3.18538
      vertex -23.8171 -7.06285 4.92405
      vertex -25.9172 -5.85035 3.20932
    endloop
  endfacet
  facet normal -0.602904 0.0785414 0.793938
    outer loop
      vertex -23.8171 -7.06285 4.92405
      vertex -25.9636 -5.96453 3.18538
      vertex -23.8635 -7.17703 4.90011
    endloop
  endfacet
  facet normal -0.653373 -0.0650156 0.754239
    outer loop
      vertex -25.9975 -6.07884 3.14616
      vertex -23.8635 -7.17703 4.90011
      vertex -25.9636 -5.96453 3.18538
    endloop
  endfacet
  facet normal -0.653373 -0.0650156 0.754239
    outer loop
      vertex -23.8635 -7.17703 4.90011
      vertex -25.9975 -6.07884 3.14616
      vertex -23.8974 -7.29134 4.86089
    endloop
  endfacet
  facet normal -0.687504 -0.206004 0.696347
    outer loop
      vertex -26.0183 -6.19047 3.0926
      vertex -23.8974 -7.29134 4.86089
      vertex -25.9975 -6.07884 3.14616
    endloop
  endfacet
  facet normal -0.687504 -0.206004 0.696347
    outer loop
      vertex -23.8974 -7.29134 4.86089
      vertex -26.0183 -6.19047 3.0926
      vertex -23.9182 -7.40297 4.80733
    endloop
  endfacet
  facet normal -0.704947 -0.343211 0.62069
    outer loop
      vertex -26.0252 -6.29667 3.02604
      vertex -23.9182 -7.40297 4.80733
      vertex -26.0183 -6.19047 3.0926
    endloop
  endfacet
  facet normal -0.704948 -0.343234 0.620676
    outer loop
      vertex -23.9182 -7.40297 4.80733
      vertex -26.0252 -6.29667 3.02604
      vertex -23.9251 -7.50916 4.74077
    endloop
  endfacet
  facet normal -0.704949 -0.470766 0.530496
    outer loop
      vertex -23.9182 -7.60732 4.66284
      vertex -26.0252 -6.29667 3.02604
      vertex -26.0183 -6.39482 2.94811
    endloop
  endfacet
  facet normal -0.70495 -0.470738 0.530521
    outer loop
      vertex -26.0252 -6.29667 3.02604
      vertex -23.9182 -7.60732 4.66284
      vertex -23.9251 -7.50916 4.74077
    endloop
  endfacet
  facet normal -0.687503 -0.587862 0.426331
    outer loop
      vertex -23.8974 -7.69503 4.57544
      vertex -26.0183 -6.39482 2.94811
      vertex -25.9975 -6.48253 2.86071
    endloop
  endfacet
  facet normal -0.687503 -0.587862 0.426331
    outer loop
      vertex -26.0183 -6.39482 2.94811
      vertex -23.8974 -7.69503 4.57544
      vertex -23.9182 -7.60732 4.66284
    endloop
  endfacet
  facet normal -0.653372 -0.689434 0.312707
    outer loop
      vertex -25.9975 -6.48253 2.86071
      vertex -23.8635 -7.77011 4.48074
      vertex -23.8974 -7.69503 4.57544
    endloop
  endfacet
  facet normal -0.653372 -0.689434 0.312707
    outer loop
      vertex -23.8635 -7.77011 4.48074
      vertex -25.9975 -6.48253 2.86071
      vertex -25.9636 -6.55761 2.76601
    endloop
  endfacet
  facet normal -0.60288 -0.774745 0.190543
    outer loop
      vertex -25.9636 -6.55761 2.76601
      vertex -23.8171 -7.83073 4.38107
      vertex -23.8635 -7.77011 4.48074
    endloop
  endfacet
  facet normal -0.602901 -0.774716 0.190593
    outer loop
      vertex -23.8171 -7.83073 4.38107
      vertex -25.9636 -6.55761 2.76601
      vertex -25.9172 -6.61824 2.66634
    endloop
  endfacet
  facet normal -0.53757 -0.840798 0.0638531
    outer loop
      vertex -25.9172 -6.61824 2.66634
      vertex -23.7594 -7.87538 4.2789
      vertex -23.8171 -7.83073 4.38107
    endloop
  endfacet
  facet normal -0.537541 -0.840821 0.0637969
    outer loop
      vertex -23.7594 -7.87538 4.2789
      vertex -25.9172 -6.61824 2.66634
      vertex -25.8595 -6.66288 2.56417
    endloop
  endfacet
  facet normal -0.500035 -0.866005 5.33356e-05
    outer loop
      vertex -25.5141 -6.86235 2
      vertex -23.7594 -7.87538 4.2789
      vertex -25.8595 -6.66288 2.56417
    endloop
  endfacet
  facet normal -0.499993 -0.866029 1.05294e-05
    outer loop
      vertex -23.7594 -7.87538 4.2789
      vertex -25.5141 -6.86235 2
      vertex -22.5755 -8.55892 2
    endloop
  endfacet
  facet normal -0.499957 -0.86605 3.56292e-05
    outer loop
      vertex -23.7594 -7.87538 4.2789
      vertex -22.5755 -8.55892 2
      vertex -22.4344 -8.64037 2.11519
    endloop
  endfacet
  facet normal -0.459318 -0.885975 -0.063833
    outer loop
      vertex -22.3829 -8.65877 2
      vertex -22.4344 -8.64037 2.11519
      vertex -22.5755 -8.55892 2
    endloop
  endfacet
  facet normal -0.459937 -0.88563 -0.0641652
    outer loop
      vertex -22.4344 -8.64037 2.11519
      vertex -22.3829 -8.65877 2
      vertex -22.367 -8.66797 2.01301
    endloop
  endfacet
  facet normal -0.3697 -0.909273 -0.191166
    outer loop
      vertex -22.3571 -8.66926 2
      vertex -22.367 -8.66797 2.01301
      vertex -22.3829 -8.65877 2
    endloop
  endfacet
  facet normal -0.163116 -0.889724 -0.426362
    outer loop
      vertex -24.2443 -7.41905 -0.000806889
      vertex -24.2433 -7.41962 0
      vertex -24.2451 -7.41929 0
    endloop
  endfacet
  facet normal -0.0548046 -0.846283 -0.529908
    outer loop
      vertex -24.2174 -7.40596 -0.0244942
      vertex -24.2433 -7.41962 0
      vertex -24.2443 -7.41905 -0.000806889
    endloop
  endfacet
  facet normal -0.0554066 -0.845958 -0.530363
    outer loop
      vertex -24.2433 -7.41962 0
      vertex -24.2174 -7.40596 -0.0244942
      vertex -24.0893 -7.41435 -0.0244942
    endloop
  endfacet
  facet normal -0.0554021 -0.845974 -0.530338
    outer loop
      vertex -24.2433 -7.41962 0
      vertex -24.0893 -7.41435 -0.0244942
      vertex -24.0593 -7.43167 0
    endloop
  endfacet
  facet normal 0.0554287 -0.781982 -0.620832
    outer loop
      vertex -23.9193 -7.4023 -0.0244942
      vertex -24.0593 -7.43167 0
      vertex -24.0893 -7.41435 -0.0244942
    endloop
  endfacet
  facet normal 0.0554287 -0.781982 -0.620832
    outer loop
      vertex -24.0593 -7.43167 0
      vertex -23.9193 -7.4023 -0.0244942
      vertex -23.8893 -7.41962 0
    endloop
  endfacet
  facet normal 0.165068 -0.698632 -0.696179
    outer loop
      vertex -23.7674 -7.36641 -0.0244942
      vertex -23.8893 -7.41962 0
      vertex -23.9193 -7.4023 -0.0244942
    endloop
  endfacet
  facet normal 0.165068 -0.698632 -0.696179
    outer loop
      vertex -23.8893 -7.41962 0
      vertex -23.7674 -7.36641 -0.0244942
      vertex -23.7374 -7.38373 0
    endloop
  endfacet
  facet normal 0.270676 -0.598026 -0.754387
    outer loop
      vertex -23.7374 -7.38373 0
      vertex -23.6374 -7.30757 -0.0244942
      vertex -23.6074 -7.32489 0
    endloop
  endfacet
  facet normal 0.270676 -0.598026 -0.754387
    outer loop
      vertex -23.6374 -7.30757 -0.0244942
      vertex -23.7374 -7.38373 0
      vertex -23.7674 -7.36641 -0.0244942
    endloop
  endfacet
  facet normal 0.369436 -0.482893 -0.793934
    outer loop
      vertex -23.6074 -7.32489 0
      vertex -23.5324 -7.22724 -0.0244942
      vertex -23.5024 -7.24456 0
    endloop
  endfacet
  facet normal 0.369436 -0.482893 -0.793934
    outer loop
      vertex -23.5324 -7.22724 -0.0244942
      vertex -23.6074 -7.32489 0
      vertex -23.6374 -7.30757 -0.0244942
    endloop
  endfacet
  facet normal 0.459103 -0.355916 -0.813971
    outer loop
      vertex -23.5024 -7.24456 0
      vertex -23.455 -7.1274 -0.0244942
      vertex -23.425 -7.14472 0
    endloop
  endfacet
  facet normal 0.459103 -0.355916 -0.813971
    outer loop
      vertex -23.455 -7.1274 -0.0244942
      vertex -23.5024 -7.24456 0
      vertex -23.5324 -7.22724 -0.0244942
    endloop
  endfacet
  facet normal 0.500089 -0.288727 -0.816424
    outer loop
      vertex -23.425 -7.14472 0
      vertex -5.187 24.5137 -0.0244942
      vertex -5.157 24.4964 0
    endloop
  endfacet
  facet normal 0.499993 -0.288671 -0.816502
    outer loop
      vertex -5.187 24.5137 -0.0244942
      vertex -23.425 -7.14472 0
      vertex -23.455 -7.1274 -0.0244942
    endloop
  endfacet
  facet normal -0.369483 -0.909622 -0.189922
    outer loop
      vertex -3.95803 24.0145 -0.0244942
      vertex -5.157 24.4964 0
      vertex -5.187 24.5137 -0.0244942
    endloop
  endfacet
  facet normal -0.36929 -0.908966 -0.193405
    outer loop
      vertex -5.157 24.4964 0
      vertex -3.95803 24.0145 -0.0244942
      vertex -3.92803 23.9971 0
    endloop
  endfacet
  facet normal -0.270377 -0.909731 -0.315095
    outer loop
      vertex -2.34938 23.5364 -0.0244942
      vertex -3.92803 23.9971 0
      vertex -3.95803 24.0145 -0.0244942
    endloop
  endfacet
  facet normal -0.270634 -0.910786 -0.311811
    outer loop
      vertex -3.92803 23.9971 0
      vertex -2.34938 23.5364 -0.0244942
      vertex -2.31938 23.5191 0
    endloop
  endfacet
  facet normal -0.165057 -0.889499 -0.426085
    outer loop
      vertex -2.13328 23.4963 -0.0244942
      vertex -2.31938 23.5191 0
      vertex -2.34938 23.5364 -0.0244942
    endloop
  endfacet
  facet normal -0.165191 -0.888573 -0.42796
    outer loop
      vertex -2.31938 23.5191 0
      vertex -2.13328 23.4963 -0.0244942
      vertex -2.15747 23.489 0
    endloop
  endfacet
  facet normal 0.164944 -0.698732 -0.696109
    outer loop
      vertex -6.20235 32.9914 8.96787
      vertex -5.67922 32.5658 9.51903
      vertex -6.29634 32.9221 9.01516
    endloop
  endfacet
  facet normal 0.165281 -0.698507 -0.696255
    outer loop
      vertex -5.67922 32.5658 9.51903
      vertex -6.20235 32.9914 8.96787
      vertex -5.59291 32.6396 9.46548
    endloop
  endfacet
  facet normal 0.602919 -0.0784992 -0.793931
    outer loop
      vertex -6.63119 32.4106 9.04979
      vertex -5.96207 32.1652 9.58219
      vertex -6.00845 32.051 9.55826
    endloop
  endfacet
  facet normal 0.602903 -0.0785587 -0.793938
    outer loop
      vertex -5.96207 32.1652 9.58219
      vertex -6.63119 32.4106 9.04979
      vertex -6.58825 32.5267 9.07091
    endloop
  endfacet
  facet normal 0.687576 0.587563 -0.426625
    outer loop
      vertex -6.04242 31.533 9.23358
      vertex -6.65185 31.9606 8.84029
      vertex -6.06314 31.6207 9.32097
    endloop
  endfacet
  facet normal 0.687563 0.587705 -0.42645
    outer loop
      vertex -6.65185 31.9606 8.84029
      vertex -6.04242 31.533 9.23358
      vertex -6.61859 31.8657 8.76313
    endloop
  endfacet
  facet normal -0.270535 -0.910546 -0.312598
    outer loop
      vertex -5.81019 33.1006 8.67952
      vertex -5.32961 32.7676 9.23358
      vertex -5.90579 33.1003 8.76313
    endloop
  endfacet
  facet normal -0.27023 -0.910545 -0.312862
    outer loop
      vertex -5.32961 32.7676 9.23358
      vertex -5.81019 33.1006 8.67952
      vertex -5.2476 32.7758 9.13888
    endloop
  endfacet
  facet normal -0.16492 -0.889191 -0.426779
    outer loop
      vertex -5.90579 33.1003 8.76313
      vertex -5.41592 32.7417 9.32097
      vertex -6.00464 33.0816 8.84029
    endloop
  endfacet
  facet normal -0.165123 -0.889228 -0.426625
    outer loop
      vertex -5.41592 32.7417 9.32097
      vertex -5.90579 33.1003 8.76313
      vertex -5.32961 32.7676 9.23358
    endloop
  endfacet
  facet normal 0.0554303 -0.782032 -0.620768
    outer loop
      vertex -6.10431 33.045 8.9091
      vertex -5.59291 32.6396 9.46548
      vertex -6.20235 32.9914 8.96787
    endloop
  endfacet
  facet normal 0.0553565 -0.78207 -0.620727
    outer loop
      vertex -5.59291 32.6396 9.46548
      vertex -6.10431 33.045 8.9091
      vertex -5.50442 32.6987 9.39891
    endloop
  endfacet
  facet normal 0.270654 -0.598045 -0.75438
    outer loop
      vertex -5.76123 32.4792 9.55826
      vertex -6.29634 32.9221 9.01516
      vertex -5.67922 32.5658 9.51903
    endloop
  endfacet
  facet normal 0.270492 -0.59818 -0.754331
    outer loop
      vertex -6.29634 32.9221 9.01516
      vertex -5.76123 32.4792 9.55826
      vertex -6.38398 32.8388 9.04979
    endloop
  endfacet
  facet normal 0.459339 -0.355585 -0.813982
    outer loop
      vertex -5.90442 32.2764 9.59023
      vertex -6.4631 32.7435 9.07091
      vertex -5.83692 32.382 9.58219
    endloop
  endfacet
  facet normal 0.459278 -0.35566 -0.813984
    outer loop
      vertex -6.4631 32.7435 9.07091
      vertex -5.90442 32.2764 9.59023
      vertex -6.53175 32.6386 9.07801
    endloop
  endfacet
  facet normal 0.537547 0.840823 -0.063722
    outer loop
      vertex -5.90442 31.3527 8.93703
      vertex -6.51036 31.7139 8.59153
      vertex -5.96207 31.3973 9.03921
    endloop
  endfacet
  facet normal 0.537643 0.840742 -0.0639749
    outer loop
      vertex -6.51036 31.7139 8.59153
      vertex -5.90442 31.3527 8.93703
      vertex -6.43806 31.6608 8.50131
    endloop
  endfacet
  facet normal 0.704919 0.470927 -0.530393
    outer loop
      vertex -6.06314 31.6207 9.32097
      vertex -6.66999 32.0652 8.9091
      vertex -6.0701 31.7189 9.39891
    endloop
  endfacet
  facet normal 0.704929 0.471071 -0.530252
    outer loop
      vertex -6.66999 32.0652 8.9091
      vertex -6.06314 31.6207 9.32097
      vertex -6.65185 31.9606 8.84029
    endloop
  endfacet
  facet normal 0.53767 -0.219895 -0.813976
    outer loop
      vertex -6.58825 32.5267 9.07091
      vertex -5.90442 32.2764 9.59023
      vertex -5.96207 32.1652 9.58219
    endloop
  endfacet
  facet normal 0.53769 -0.219841 -0.813977
    outer loop
      vertex -5.90442 32.2764 9.59023
      vertex -6.58825 32.5267 9.07091
      vertex -6.53175 32.6386 9.07801
    endloop
  endfacet
  facet normal 0.704929 0.342753 -0.620963
    outer loop
      vertex -6.06314 31.8251 9.46548
      vertex -6.66999 32.0652 8.9091
      vertex -6.67258 32.177 8.96787
    endloop
  endfacet
  facet normal 0.704917 0.342976 -0.620854
    outer loop
      vertex -6.66999 32.0652 8.9091
      vertex -6.06314 31.8251 9.46548
      vertex -6.0701 31.7189 9.39891
    endloop
  endfacet
  facet normal -0.459287 -0.885976 -0.0640474
    outer loop
      vertex -5.72021 33.0825 8.59153
      vertex -5.10442 32.7383 8.93703
      vertex -5.17191 32.7659 9.03921
    endloop
  endfacet
  facet normal -0.459397 -0.885936 -0.0638124
    outer loop
      vertex -5.10442 32.7383 8.93703
      vertex -5.72021 33.0825 8.59153
      vertex -5.63806 33.0464 8.50131
    endloop
  endfacet
  facet normal -0.537627 0.220006 0.813974
    outer loop
      vertex -5.54437 32.0686 7.92462
      vertex -5.04677 31.9258 8.29188
      vertex -5.48787 32.1804 7.93172
    endloop
  endfacet
  facet normal -0.537741 0.219659 0.813993
    outer loop
      vertex -5.04677 31.9258 8.29188
      vertex -5.54437 32.0686 7.92462
      vertex -5.10442 31.8145 8.28383
    endloop
  endfacet
  facet normal -0.687574 -0.206501 0.696131
    outer loop
      vertex -5.41658 32.4142 7.98747
      vertex -4.94569 32.2659 8.40858
      vertex -5.40354 32.5302 8.03476
    endloop
  endfacet
  facet normal -0.68757 -0.206338 0.696184
    outer loop
      vertex -4.94569 32.2659 8.40858
      vertex -5.41658 32.4142 7.98747
      vertex -4.96642 32.1543 8.35503
    endloop
  endfacet
  facet normal -0.704918 -0.470834 0.530477
    outer loop
      vertex -4.93873 32.3721 8.47515
      vertex -5.42427 32.7466 8.16234
      vertex -5.40612 32.6419 8.09353
    endloop
  endfacet
  facet normal -0.70496 -0.471227 0.530072
    outer loop
      vertex -5.42427 32.7466 8.16234
      vertex -4.93873 32.3721 8.47515
      vertex -4.9457 32.4702 8.55309
    endloop
  endfacet
  facet normal -0.459115 0.355814 0.814008
    outer loop
      vertex -5.54437 32.0686 7.92462
      vertex -5.17191 31.709 8.29188
      vertex -5.10442 31.8145 8.28383
    endloop
  endfacet
  facet normal -0.459262 0.35565 0.813997
    outer loop
      vertex -5.17191 31.709 8.29188
      vertex -5.54437 32.0686 7.92462
      vertex -5.61302 31.9637 7.93172
    endloop
  endfacet
  facet normal -0.0552618 0.782019 0.6208
    outer loop
      vertex -5.87377 31.7158 8.03476
      vertex -5.50442 31.3923 8.47515
      vertex -5.41592 31.4514 8.40858
    endloop
  endfacet
  facet normal -0.0558671 0.781737 0.621101
    outer loop
      vertex -5.50442 31.3923 8.47515
      vertex -5.87377 31.7158 8.03476
      vertex -5.97181 31.6621 8.09353
    endloop
  endfacet
  facet normal 0.165112 0.889254 0.426573
    outer loop
      vertex -6.07148 31.6255 8.16234
      vertex -5.67922 31.3233 8.64049
      vertex -5.59291 31.3492 8.55309
    endloop
  endfacet
  facet normal 0.165448 0.889308 0.426331
    outer loop
      vertex -5.67922 31.3233 8.64049
      vertex -6.07148 31.6255 8.16234
      vertex -6.17033 31.6069 8.2395
    endloop
  endfacet
  facet normal 0.459238 0.886001 0.064053
    outer loop
      vertex -5.83692 31.3251 8.83485
      vertex -6.43806 31.6608 8.50131
      vertex -5.90442 31.3527 8.93703
    endloop
  endfacet
  facet normal 0.459348 0.885961 0.0638155
    outer loop
      vertex -6.43806 31.6608 8.50131
      vertex -5.83692 31.3251 8.83485
      vertex -6.3559 31.6247 8.4111
    endloop
  endfacet
  facet normal -0.369401 -0.9095 -0.190666
    outer loop
      vertex -5.72021 33.0825 8.59153
      vertex -5.2476 32.7758 9.13888
      vertex -5.81019 33.1006 8.67952
    endloop
  endfacet
  facet normal -0.369674 -0.909445 -0.190399
    outer loop
      vertex -5.2476 32.7758 9.13888
      vertex -5.72021 33.0825 8.59153
      vertex -5.17191 32.7659 9.03921
    endloop
  endfacet
  facet normal -0.0554183 -0.846017 -0.530268
    outer loop
      vertex -6.00464 33.0816 8.84029
      vertex -5.50442 32.6987 9.39891
      vertex -6.10431 33.045 8.9091
    endloop
  endfacet
  facet normal -0.0557149 -0.84612 -0.530073
    outer loop
      vertex -5.50442 32.6987 9.39891
      vertex -6.00464 33.0816 8.84029
      vertex -5.41592 32.7417 9.32097
    endloop
  endfacet
  facet normal 0.369301 -0.483032 -0.793912
    outer loop
      vertex -5.83692 32.382 9.58219
      vertex -6.38398 32.8388 9.04979
      vertex -5.76123 32.4792 9.55826
    endloop
  endfacet
  facet normal 0.36956 -0.482769 -0.793952
    outer loop
      vertex -6.38398 32.8388 9.04979
      vertex -5.83692 32.382 9.58219
      vertex -6.4631 32.7435 9.07091
    endloop
  endfacet
  facet normal 0.653333 0.689569 -0.312491
    outer loop
      vertex -6.00845 31.4579 9.13888
      vertex -6.61859 31.8657 8.76313
      vertex -6.04242 31.533 9.23358
    endloop
  endfacet
  facet normal 0.653296 0.689692 -0.312298
    outer loop
      vertex -6.61859 31.8657 8.76313
      vertex -6.00845 31.4579 9.13888
      vertex -6.57104 31.7828 8.67952
    endloop
  endfacet
  facet normal 0.60293 0.774723 -0.190472
    outer loop
      vertex -5.96207 31.3973 9.03921
      vertex -6.57104 31.7828 8.67952
      vertex -6.00845 31.4579 9.13888
    endloop
  endfacet
  facet normal 0.603 0.77461 -0.19071
    outer loop
      vertex -6.57104 31.7828 8.67952
      vertex -5.96207 31.3973 9.03921
      vertex -6.51036 31.7139 8.59153
    endloop
  endfacet
  facet normal 0.687575 0.206335 -0.69618
    outer loop
      vertex -6.67258 32.177 8.96787
      vertex -6.04241 31.9367 9.51903
      vertex -6.06314 31.8251 9.46548
    endloop
  endfacet
  facet normal 0.687585 0.206496 -0.696122
    outer loop
      vertex -6.04241 31.9367 9.51903
      vertex -6.67258 32.177 8.96787
      vertex -6.65954 32.293 9.01516
    endloop
  endfacet
  facet normal 0.653296 0.0647964 -0.754325
    outer loop
      vertex -6.65954 32.293 9.01516
      vertex -6.00845 32.051 9.55826
      vertex -6.04241 31.9367 9.51903
    endloop
  endfacet
  facet normal 0.653271 0.0646531 -0.754359
    outer loop
      vertex -6.00845 32.051 9.55826
      vertex -6.65954 32.293 9.01516
      vertex -6.63119 32.4106 9.04979
    endloop
  endfacet
  facet normal -0.603072 -0.774475 0.191032
    outer loop
      vertex -5.56575 32.9933 8.4111
      vertex -5.00039 32.633 8.73518
      vertex -5.04677 32.6937 8.83485
    endloop
  endfacet
  facet normal -0.602995 -0.774603 0.190755
    outer loop
      vertex -5.00039 32.633 8.73518
      vertex -5.56575 32.9933 8.4111
      vertex -5.50508 32.9244 8.3231
    endloop
  endfacet
  facet normal -0.6029 0.0785416 0.793941
    outer loop
      vertex -5.48787 32.1804 7.93172
      vertex -5.00039 32.0399 8.3158
      vertex -5.44492 32.2966 7.95284
    endloop
  endfacet
  facet normal -0.602882 0.0786194 0.793947
    outer loop
      vertex -5.00039 32.0399 8.3158
      vertex -5.48787 32.1804 7.93172
      vertex -5.04677 31.9258 8.29188
    endloop
  endfacet
  facet normal -0.704909 -0.342951 0.620877
    outer loop
      vertex -5.40354 32.5302 8.03476
      vertex -4.93873 32.3721 8.47515
      vertex -5.40612 32.6419 8.09353
    endloop
  endfacet
  facet normal -0.704906 -0.342982 0.620863
    outer loop
      vertex -4.93873 32.3721 8.47515
      vertex -5.40354 32.5302 8.03476
      vertex -4.94569 32.2659 8.40858
    endloop
  endfacet
  facet normal -0.653172 -0.689893 0.312111
    outer loop
      vertex -5.50508 32.9244 8.3231
      vertex -4.96642 32.558 8.64049
      vertex -5.00039 32.633 8.73518
    endloop
  endfacet
  facet normal -0.653214 -0.689743 0.312355
    outer loop
      vertex -4.96642 32.558 8.64049
      vertex -5.50508 32.9244 8.3231
      vertex -5.45752 32.8415 8.2395
    endloop
  endfacet
  facet normal -0.270693 0.598067 0.754348
    outer loop
      vertex -5.69214 31.8684 7.95284
      vertex -5.32961 31.5252 8.35503
      vertex -5.2476 31.6118 8.3158
    endloop
  endfacet
  facet normal -0.270538 0.598187 0.754309
    outer loop
      vertex -5.32961 31.5252 8.35503
      vertex -5.69214 31.8684 7.95284
      vertex -5.77977 31.7851 7.98747
    endloop
  endfacet
  facet normal -0.165248 0.698488 0.696281
    outer loop
      vertex -5.77977 31.7851 7.98747
      vertex -5.41592 31.4514 8.40858
      vertex -5.32961 31.5252 8.35503
    endloop
  endfacet
  facet normal -0.16489 0.698707 0.696146
    outer loop
      vertex -5.41592 31.4514 8.40858
      vertex -5.77977 31.7851 7.98747
      vertex -5.87377 31.7158 8.03476
    endloop
  endfacet
  facet normal 0.369656 0.909455 0.190385
    outer loop
      vertex -6.26592 31.6066 8.3231
      vertex -5.83692 31.3251 8.83485
      vertex -5.76123 31.3152 8.73518
    endloop
  endfacet
  facet normal 0.369393 0.909509 0.190635
    outer loop
      vertex -5.83692 31.3251 8.83485
      vertex -6.26592 31.6066 8.3231
      vertex -6.3559 31.6247 8.4111
    endloop
  endfacet
  facet normal 0.0551958 0.845917 0.53045
    outer loop
      vertex -5.97181 31.6621 8.09353
      vertex -5.59291 31.3492 8.55309
      vertex -5.50442 31.3923 8.47515
    endloop
  endfacet
  facet normal 0.0554463 0.845996 0.530298
    outer loop
      vertex -5.59291 31.3492 8.55309
      vertex -5.97181 31.6621 8.09353
      vertex -6.07148 31.6255 8.16234
    endloop
  endfacet
  facet normal -0.537515 -0.840841 0.0637481
    outer loop
      vertex -5.63806 33.0464 8.50131
      vertex -5.04677 32.6937 8.83485
      vertex -5.10442 32.7383 8.93703
    endloop
  endfacet
  facet normal -0.5376 -0.84077 0.0639735
    outer loop
      vertex -5.04677 32.6937 8.83485
      vertex -5.63806 33.0464 8.50131
      vertex -5.56575 32.9933 8.4111
    endloop
  endfacet
  facet normal -0.653284 -0.0647011 0.754343
    outer loop
      vertex -5.44492 32.2966 7.95284
      vertex -4.96642 32.1543 8.35503
      vertex -5.41658 32.4142 7.98747
    endloop
  endfacet
  facet normal -0.653283 -0.0646935 0.754345
    outer loop
      vertex -4.96642 32.1543 8.35503
      vertex -5.44492 32.2966 7.95284
      vertex -5.00039 32.0399 8.3158
    endloop
  endfacet
  facet normal -0.687602 -0.587653 0.426458
    outer loop
      vertex -4.9457 32.4702 8.55309
      vertex -5.45752 32.8415 8.2395
      vertex -5.42427 32.7466 8.16234
    endloop
  endfacet
  facet normal -0.687625 -0.587273 0.426945
    outer loop
      vertex -5.45752 32.8415 8.2395
      vertex -4.9457 32.4702 8.55309
      vertex -4.96642 32.558 8.64049
    endloop
  endfacet
  facet normal -0.369345 0.482986 0.79392
    outer loop
      vertex -5.61302 31.9637 7.93172
      vertex -5.2476 31.6118 8.3158
      vertex -5.17191 31.709 8.29188
    endloop
  endfacet
  facet normal -0.369571 0.482776 0.793943
    outer loop
      vertex -5.2476 31.6118 8.3158
      vertex -5.61302 31.9637 7.93172
      vertex -5.69214 31.8684 7.95284
    endloop
  endfacet
  facet normal 0.270752 0.910554 0.312386
    outer loop
      vertex -6.17033 31.6069 8.2395
      vertex -5.76123 31.3152 8.73518
      vertex -5.67922 31.3233 8.64049
    endloop
  endfacet
  facet normal 0.270517 0.910556 0.312582
    outer loop
      vertex -5.76123 31.3152 8.73518
      vertex -6.17033 31.6069 8.2395
      vertex -6.26592 31.6066 8.3231
    endloop
  endfacet
  facet normal 0.21159 -0.899375 0.382564
    outer loop
      vertex -4.22588 33.1169 9.34118
      vertex -4.35533 33.1698 9.53714
      vertex -5.10442 32.7383 8.93703
    endloop
  endfacet
  facet normal 0.215113 -0.900578 0.377738
    outer loop
      vertex -5.17191 32.7659 9.03921
      vertex -4.35533 33.1698 9.53714
      vertex -4.3581 33.1709 9.54134
    endloop
  endfacet
  facet normal 0.211522 -0.899359 0.382638
    outer loop
      vertex -4.35533 33.1698 9.53714
      vertex -5.17191 32.7659 9.03921
      vertex -5.10442 32.7383 8.93703
    endloop
  endfacet
  facet normal 0.0456278 -0.530151 0.846675
    outer loop
      vertex -4.93873 32.3721 8.47515
      vertex -3.9016 32.3951 8.43366
      vertex -3.90132 32.3995 8.4364
    endloop
  endfacet
  facet normal 0.0456203 -0.532709 0.845068
    outer loop
      vertex -3.9016 32.3951 8.43366
      vertex -4.93873 32.3721 8.47515
      vertex -4.94569 32.2659 8.40858
    endloop
  endfacet
  facet normal 0.704278 0.313668 0.636871
    outer loop
      vertex -5.50915 30.3295 8.94188
      vertex -5.35187 30.3451 8.76027
      vertex -5.67922 31.3233 8.64049
    endloop
  endfacet
  facet normal 0.884592 -0.44966 -0.123705
    outer loop
      vertex -5.793 32.2121 10.6207
      vertex -5.96207 32.1652 9.58219
      vertex -5.90442 32.2764 9.59023
    endloop
  endfacet
  facet normal 0.884639 -0.449564 -0.123717
    outer loop
      vertex -5.96207 32.1652 9.58219
      vertex -5.793 32.2121 10.6207
      vertex -5.90593 31.9942 10.605
    endloop
  endfacet
  facet normal 0.559016 -0.82913 0.00663454
    outer loop
      vertex -5.01308 33.0368 10.2487
      vertex -5.18279 32.9234 10.3764
      vertex -5.59291 32.6396 9.46548
    endloop
  endfacet
  facet normal 0.0449017 -0.613871 0.788128
    outer loop
      vertex -4.9457 32.4702 8.55309
      vertex -3.91467 32.5877 8.58587
      vertex -3.91496 32.5918 8.58908
    endloop
  endfacet
  facet normal 0.0456743 -0.619423 0.783728
    outer loop
      vertex -3.91467 32.5877 8.58587
      vertex -4.9457 32.4702 8.55309
      vertex -4.93873 32.3721 8.47515
    endloop
  endfacet
  facet normal 0.0804918 -0.344883 0.935188
    outer loop
      vertex -4.0207 31.7536 8.12586
      vertex -3.95555 31.9728 8.20109
      vertex -4.96642 32.1543 8.35503
    endloop
  endfacet
  facet normal 0.338912 0.102714 0.935194
    outer loop
      vertex -4.66701 30.7405 8.20109
      vertex -4.50973 30.9065 8.12586
      vertex -5.32961 31.5252 8.35503
    endloop
  endfacet
  facet normal 0.771047 0.312926 0.554584
    outer loop
      vertex -5.66078 30.3485 9.14101
      vertex -5.51563 30.3296 8.94987
      vertex -5.83692 31.3251 8.83485
    endloop
  endfacet
  facet normal 0.962661 0.164536 0.21497
    outer loop
      vertex -5.99818 30.6119 9.74047
      vertex -6.04242 31.533 9.23358
      vertex -6.06333 30.7558 9.92208
    endloop
  endfacet
  facet normal 0.985946 -0.161192 -0.0438952
    outer loop
      vertex -6.06418 31.5421 10.4791
      vertex -6.04241 31.9367 9.51903
      vertex -6.06333 31.5467 10.4813
    endloop
  endfacet
  facet normal 0.985815 -0.161912 -0.0441939
    outer loop
      vertex -6.04241 31.9367 9.51903
      vertex -6.06418 31.5421 10.4791
      vertex -6.06314 31.8251 9.46548
    endloop
  endfacet
  facet normal 0.771195 -0.626991 -0.110187
    outer loop
      vertex -5.51252 32.6094 10.5581
      vertex -5.65767 32.4228 10.604
      vertex -5.76123 32.4792 9.55826
    endloop
  endfacet
  facet normal 0.56579 -0.824549 -0.000703295
    outer loop
      vertex -5.59291 32.6396 9.46548
      vertex -5.00944 33.0393 10.246
      vertex -5.01308 33.0368 10.2487
    endloop
  endfacet
  facet normal 0.558919 -0.829194 0.00681104
    outer loop
      vertex -5.00944 33.0393 10.246
      vertex -5.59291 32.6396 9.46548
      vertex -5.50442 32.6987 9.39891
    endloop
  endfacet
  facet normal 0.158472 -0.868703 0.469299
    outer loop
      vertex -4.11532 33.0312 9.14521
      vertex -4.22588 33.1169 9.34118
      vertex -5.10442 32.7383 8.93703
    endloop
  endfacet
  facet normal 0.0456349 -0.619291 0.783834
    outer loop
      vertex -3.90132 32.3995 8.4364
      vertex -3.91467 32.5877 8.58587
      vertex -4.93873 32.3721 8.47515
    endloop
  endfacet
  facet normal 0.0573989 -0.697847 0.713943
    outer loop
      vertex -3.95555 32.7636 8.76027
      vertex -4.9457 32.4702 8.55309
      vertex -3.91496 32.5918 8.58908
    endloop
  endfacet
  facet normal 0.0572314 -0.697518 0.714278
    outer loop
      vertex -4.9457 32.4702 8.55309
      vertex -3.95555 32.7636 8.76027
      vertex -4.96642 32.558 8.64049
    endloop
  endfacet
  facet normal 0.114409 -0.823931 0.555021
    outer loop
      vertex -5.00039 32.633 8.73518
      vertex -4.024 32.9132 8.94987
      vertex -5.04677 32.6937 8.83485
    endloop
  endfacet
  facet normal 0.114309 -0.823775 0.555274
    outer loop
      vertex -4.024 32.9132 8.94987
      vertex -5.00039 32.633 8.73518
      vertex -4.0221 32.9107 8.94577
    endloop
  endfacet
  facet normal 0.0805593 -0.766755 0.636865
    outer loop
      vertex -3.95695 32.7667 8.76416
      vertex -4.0221 32.9107 8.94577
      vertex -5.00039 32.633 8.73518
    endloop
  endfacet
  facet normal 0.0456095 -0.532631 0.845117
    outer loop
      vertex -3.91496 32.1914 8.306
      vertex -3.9016 32.3951 8.43366
      vertex -4.94569 32.2659 8.40858
    endloop
  endfacet
  facet normal 0.114552 -0.24809 0.96194
    outer loop
      vertex -4.11104 31.5299 8.07836
      vertex -4.0221 31.7489 8.12425
      vertex -5.00039 32.0399 8.3158
    endloop
  endfacet
  facet normal 0.557397 0.269121 0.785419
    outer loop
      vertex -5.50442 31.3923 8.47515
      vertex -5.01308 30.4784 8.4396
      vertex -5.00944 30.4802 8.4364
    endloop
  endfacet
  facet normal 0.558986 0.270032 0.783975
    outer loop
      vertex -5.01308 30.4784 8.4396
      vertex -5.50442 31.3923 8.47515
      vertex -5.59291 31.3492 8.55309
    endloop
  endfacet
  facet normal 0.633024 0.299261 0.713949
    outer loop
      vertex -5.35187 30.3451 8.76027
      vertex -5.18634 30.3948 8.59267
      vertex -5.67922 31.3233 8.64049
    endloop
  endfacet
  facet normal 0.410091 0.170513 0.895963
    outer loop
      vertex -5.41592 31.4514 8.40858
      vertex -4.66701 30.7405 8.20109
      vertex -5.32961 31.5252 8.35503
    endloop
  endfacet
  facet normal 0.410134 0.170567 0.895934
    outer loop
      vertex -4.66701 30.7405 8.20109
      vertex -5.41592 31.4514 8.40858
      vertex -4.83609 30.596 8.306
    endloop
  endfacet
  facet normal 0.928638 -0.354249 -0.110177
    outer loop
      vertex -5.90784 31.9895 10.604
      vertex -5.99679 31.7706 10.5581
      vertex -6.00845 32.051 9.55826
    endloop
  endfacet
  facet normal 0.997554 -0.0695767 0.0067008
    outer loop
      vertex -6.11728 31.1243 10.2487
      vertex -6.0701 31.7189 9.39891
      vertex -6.06314 31.8251 9.46548
    endloop
  endfacet
  facet normal 0.997643 -0.0681946 0.00767277
    outer loop
      vertex -6.0701 31.7189 9.39891
      vertex -6.11728 31.1243 10.2487
      vertex -6.11756 31.1199 10.246
    endloop
  endfacet
  facet normal 0.985835 0.0955711 0.137824
    outer loop
      vertex -6.06333 30.7558 9.92208
      vertex -6.04242 31.533 9.23358
      vertex -6.10307 30.924 10.0897
    endloop
  endfacet
  facet normal 0.272128 -0.915231 0.29715
    outer loop
      vertex -4.3581 33.1709 9.54134
      vertex -4.50325 33.1898 9.73248
      vertex -5.17191 32.7659 9.03921
    endloop
  endfacet
  facet normal 0.338943 -0.915944 0.214858
    outer loop
      vertex -4.50636 33.1903 9.73658
      vertex -4.66364 33.1747 9.91819
      vertex -5.2476 32.7758 9.13888
    endloop
  endfacet
  facet normal 0.261413 -0.914168 0.309775
    outer loop
      vertex -5.2476 32.7758 9.13888
      vertex -4.50325 33.1898 9.73248
      vertex -4.50636 33.1903 9.73658
    endloop
  endfacet
  facet normal 0.271887 -0.915228 0.29738
    outer loop
      vertex -4.50325 33.1898 9.73248
      vertex -5.2476 32.7758 9.13888
      vertex -5.17191 32.7659 9.03921
    endloop
  endfacet
  facet normal 0.15865 -0.868945 0.468791
    outer loop
      vertex -5.04677 32.6937 8.83485
      vertex -4.11532 33.0312 9.14521
      vertex -5.10442 32.7383 8.93703
    endloop
  endfacet
  facet normal 0.160959 -0.871024 0.464123
    outer loop
      vertex -4.11532 33.0312 9.14521
      vertex -5.04677 32.6937 8.83485
      vertex -4.11295 33.0294 9.14101
    endloop
  endfacet
  facet normal 0.114556 -0.824307 0.554432
    outer loop
      vertex -4.024 32.9132 8.94987
      vertex -4.11295 33.0294 9.14101
      vertex -5.04677 32.6937 8.83485
    endloop
  endfacet
  facet normal 0.158932 -0.151869 0.975539
    outer loop
      vertex -5.04677 31.9258 8.29188
      vertex -4.11532 31.5206 8.07705
      vertex -4.11295 31.5252 8.07738
    endloop
  endfacet
  facet normal 0.158563 -0.152684 0.975472
    outer loop
      vertex -4.11532 31.5206 8.07705
      vertex -5.04677 31.9258 8.29188
      vertex -5.10442 31.8145 8.28383
    endloop
  endfacet
  facet normal 0.158556 -0.152704 0.97547
    outer loop
      vertex -4.22588 31.3073 8.06163
      vertex -4.11532 31.5206 8.07705
      vertex -5.10442 31.8145 8.28383
    endloop
  endfacet
  facet normal 0.831633 0.297075 0.469183
    outer loop
      vertex -5.66078 30.3485 9.14101
      vertex -5.90442 31.3527 8.93703
      vertex -5.793 30.4025 9.34118
    endloop
  endfacet
  facet normal 0.831654 0.297073 0.469147
    outer loop
      vertex -5.90442 31.3527 8.93703
      vertex -5.66078 30.3485 9.14101
      vertex -5.83692 31.3251 8.83485
    endloop
  endfacet
  facet normal 0.635173 0.300095 0.711687
    outer loop
      vertex -5.59291 31.3492 8.55309
      vertex -5.18634 30.3948 8.59267
      vertex -5.18279 30.3958 8.58908
    endloop
  endfacet
  facet normal 0.633084 0.299296 0.713881
    outer loop
      vertex -5.18634 30.3948 8.59267
      vertex -5.59291 31.3492 8.55309
      vertex -5.67922 31.3233 8.64049
    endloop
  endfacet
  facet normal 0.559034 0.27007 0.783928
    outer loop
      vertex -5.18279 30.3958 8.58908
      vertex -5.01308 30.4784 8.4396
      vertex -5.59291 31.3492 8.55309
    endloop
  endfacet
  facet normal 0.211554 -0.0609031 0.975467
    outer loop
      vertex -5.17191 31.709 8.29188
      vertex -4.22588 31.3073 8.06163
      vertex -5.10442 31.8145 8.28383
    endloop
  endfacet
  facet normal 0.211523 -0.060977 0.975469
    outer loop
      vertex -4.22588 31.3073 8.06163
      vertex -5.17191 31.709 8.29188
      vertex -4.3581 31.1006 8.07738
    endloop
  endfacet
  facet normal 0.962681 -0.257459 -0.0834298
    outer loop
      vertex -6.00845 32.051 9.55826
      vertex -5.99679 31.7706 10.5581
      vertex -6.06193 31.5514 10.4829
    endloop
  endfacet
  facet normal 0.997552 -0.0696088 0.00667199
    outer loop
      vertex -6.06314 31.8251 9.46548
      vertex -6.10392 31.328 10.3764
      vertex -6.11728 31.1243 10.2487
    endloop
  endfacet
  facet normal 0.985835 -0.161801 -0.0441629
    outer loop
      vertex -6.06314 31.8251 9.46548
      vertex -6.06418 31.5421 10.4791
      vertex -6.10392 31.328 10.3764
    endloop
  endfacet
  facet normal 0.884574 0.266534 0.382739
    outer loop
      vertex -5.79537 30.4044 9.34538
      vertex -5.90442 31.3527 8.93703
      vertex -5.96207 31.3973 9.03921
    endloop
  endfacet
  facet normal 0.886104 0.265493 0.379912
    outer loop
      vertex -5.90442 31.3527 8.93703
      vertex -5.79537 30.4044 9.34538
      vertex -5.793 30.4025 9.34118
    endloop
  endfacet
  facet normal 0.986202 0.0939089 0.136336
    outer loop
      vertex -6.10307 30.924 10.0897
      vertex -6.06314 31.6207 9.32097
      vertex -6.10392 30.9277 10.0933
    endloop
  endfacet
  facet normal 0.985834 0.0955744 0.137826
    outer loop
      vertex -6.06314 31.6207 9.32097
      vertex -6.10307 30.924 10.0897
      vertex -6.04242 31.533 9.23358
    endloop
  endfacet
  facet normal 0.704257 -0.705032 -0.083374
    outer loop
      vertex -5.35524 32.7754 10.4829
      vertex -5.51252 32.6094 10.5581
      vertex -5.76123 32.4792 9.55826
    endloop
  endfacet
  facet normal 0.831665 -0.541324 -0.123702
    outer loop
      vertex -5.66355 32.4145 10.6053
      vertex -5.793 32.2121 10.6207
      vertex -5.90442 32.2764 9.59023
    endloop
  endfacet
  facet normal 0.632909 -0.772968 -0.0441314
    outer loop
      vertex -5.18279 32.9234 10.3764
      vertex -5.34832 32.782 10.4791
      vertex -5.59291 32.6396 9.46548
    endloop
  endfacet
  facet normal 0.483991 -0.872429 0.067978
    outer loop
      vertex -4.83973 33.1218 10.0965
      vertex -5.00944 33.0393 10.246
      vertex -5.50442 32.6987 9.39891
    endloop
  endfacet
  facet normal 0.410049 -0.901569 0.13796
    outer loop
      vertex -5.41592 32.7417 9.32097
      vertex -4.66701 33.1743 9.92208
      vertex -4.83609 33.1236 10.0933
    endloop
  endfacet
  facet normal 0.410121 -0.901552 0.137857
    outer loop
      vertex -4.66701 33.1743 9.92208
      vertex -5.41592 32.7417 9.32097
      vertex -5.32961 32.7676 9.23358
    endloop
  endfacet
  facet normal 0.34696 -0.914863 0.206506
    outer loop
      vertex -5.32961 32.7676 9.23358
      vertex -4.66364 33.1747 9.91819
      vertex -4.66701 33.1743 9.92208
    endloop
  endfacet
  facet normal 0.339318 -0.915879 0.214544
    outer loop
      vertex -4.66364 33.1747 9.91819
      vertex -5.32961 32.7676 9.23358
      vertex -5.2476 32.7758 9.13888
    endloop
  endfacet
  facet normal 0.0806101 -0.767068 0.636481
    outer loop
      vertex -4.96642 32.558 8.64049
      vertex -3.95695 32.7667 8.76416
      vertex -5.00039 32.633 8.73518
    endloop
  endfacet
  facet normal 0.0799785 -0.765311 0.638672
    outer loop
      vertex -3.95695 32.7667 8.76416
      vertex -4.96642 32.558 8.64049
      vertex -3.95555 32.7636 8.76027
    endloop
  endfacet
  facet normal 0.0565261 -0.447105 0.892694
    outer loop
      vertex -4.94569 32.2659 8.40858
      vertex -3.91581 32.1869 8.3038
      vertex -3.91496 32.1914 8.306
    endloop
  endfacet
  facet normal 0.0573557 -0.440541 0.895899
    outer loop
      vertex -3.91581 32.1869 8.3038
      vertex -4.94569 32.2659 8.40858
      vertex -4.96642 32.1543 8.35503
    endloop
  endfacet
  facet normal 0.0573551 -0.440455 0.895941
    outer loop
      vertex -3.95555 31.9728 8.20109
      vertex -3.91581 32.1869 8.3038
      vertex -4.96642 32.1543 8.35503
    endloop
  endfacet
  facet normal 0.771158 0.312943 0.55442
    outer loop
      vertex -5.51252 30.3292 8.94577
      vertex -5.83692 31.3251 8.83485
      vertex -5.51563 30.3296 8.94987
    endloop
  endfacet
  facet normal 0.771105 0.312935 0.554499
    outer loop
      vertex -5.83692 31.3251 8.83485
      vertex -5.51252 30.3292 8.94577
      vertex -5.76123 31.3152 8.73518
    endloop
  endfacet
  facet normal 0.271797 0.0243791 0.962046
    outer loop
      vertex -5.17191 31.709 8.29188
      vertex -4.36121 31.0966 8.07836
      vertex -4.3581 31.1006 8.07738
    endloop
  endfacet
  facet normal 0.272112 0.0248311 0.961945
    outer loop
      vertex -4.36121 31.0966 8.07836
      vertex -5.17191 31.709 8.29188
      vertex -5.2476 31.6118 8.3158
    endloop
  endfacet
  facet normal 0.484131 0.226823 0.845085
    outer loop
      vertex -5.0058 30.4826 8.43366
      vertex -4.83609 30.596 8.306
      vertex -5.41592 31.4514 8.40858
    endloop
  endfacet
  facet normal 0.484172 0.22684 0.845057
    outer loop
      vertex -5.50442 31.3923 8.47515
      vertex -5.0058 30.4826 8.43366
      vertex -5.41592 31.4514 8.40858
    endloop
  endfacet
  facet normal 0.485402 0.227555 0.844159
    outer loop
      vertex -5.0058 30.4826 8.43366
      vertex -5.50442 31.3923 8.47515
      vertex -5.00944 30.4802 8.4364
    endloop
  endfacet
  facet normal 0.962698 -0.257405 -0.0833997
    outer loop
      vertex -6.06193 31.5514 10.4829
      vertex -6.04241 31.9367 9.51903
      vertex -6.00845 32.051 9.55826
    endloop
  endfacet
  facet normal 0.96246 -0.25819 -0.0837183
    outer loop
      vertex -6.04241 31.9367 9.51903
      vertex -6.06193 31.5514 10.4829
      vertex -6.06333 31.5467 10.4813
    endloop
  endfacet
  facet normal 0.884608 0.266519 0.382671
    outer loop
      vertex -5.90593 30.49 9.54134
      vertex -5.79537 30.4044 9.34538
      vertex -5.96207 31.3973 9.03921
    endloop
  endfacet
  facet normal 0.928684 0.221917 0.297151
    outer loop
      vertex -5.90593 30.49 9.54134
      vertex -5.96207 31.3973 9.03921
      vertex -5.99488 30.6063 9.73248
    endloop
  endfacet
  facet normal 0.997552 0.0169162 0.0678506
    outer loop
      vertex -6.10392 30.9277 10.0933
      vertex -6.06314 31.6207 9.32097
      vertex -6.11728 31.1159 10.2428
    endloop
  endfacet
  facet normal 0.997608 0.0160427 0.0672373
    outer loop
      vertex -6.11728 31.1159 10.2428
      vertex -6.0701 31.7189 9.39891
      vertex -6.11756 31.1199 10.246
    endloop
  endfacet
  facet normal 0.997555 0.0168702 0.0678256
    outer loop
      vertex -6.0701 31.7189 9.39891
      vertex -6.11728 31.1159 10.2428
      vertex -6.06314 31.6207 9.32097
    endloop
  endfacet
  facet normal 0.830298 -0.543478 -0.123433
    outer loop
      vertex -5.66355 32.4145 10.6053
      vertex -5.83692 32.382 9.58219
      vertex -5.66078 32.4188 10.605
    endloop
  endfacet
  facet normal 0.831795 -0.54111 -0.123762
    outer loop
      vertex -5.83692 32.382 9.58219
      vertex -5.66355 32.4145 10.6053
      vertex -5.90442 32.2764 9.59023
    endloop
  endfacet
  facet normal 0.771106 -0.627093 -0.110231
    outer loop
      vertex -5.83692 32.382 9.58219
      vertex -5.65767 32.4228 10.604
      vertex -5.66078 32.4188 10.605
    endloop
  endfacet
  facet normal 0.770864 -0.627399 -0.110177
    outer loop
      vertex -5.65767 32.4228 10.604
      vertex -5.83692 32.382 9.58219
      vertex -5.76123 32.4792 9.55826
    endloop
  endfacet
  facet normal 0.699608 -0.710066 -0.07972
    outer loop
      vertex -5.76123 32.4792 9.55826
      vertex -5.35187 32.7789 10.4813
      vertex -5.35524 32.7754 10.4829
    endloop
  endfacet
  facet normal 0.704386 -0.704887 -0.0835205
    outer loop
      vertex -5.35187 32.7789 10.4813
      vertex -5.76123 32.4792 9.55826
      vertex -5.67922 32.5658 9.51903
    endloop
  endfacet
  facet normal 0.639997 -0.766884 -0.0478868
    outer loop
      vertex -5.67922 32.5658 9.51903
      vertex -5.34832 32.782 10.4791
      vertex -5.35187 32.7789 10.4813
    endloop
  endfacet
  facet normal 0.63324 -0.77269 -0.0442503
    outer loop
      vertex -5.34832 32.782 10.4791
      vertex -5.67922 32.5658 9.51903
      vertex -5.59291 32.6396 9.46548
    endloop
  endfacet
  facet normal 0.487098 -0.870988 0.0641434
    outer loop
      vertex -5.50442 32.6987 9.39891
      vertex -4.83609 33.1236 10.0933
      vertex -4.83973 33.1218 10.0965
    endloop
  endfacet
  facet normal 0.483904 -0.872466 0.0681222
    outer loop
      vertex -4.83609 33.1236 10.0933
      vertex -5.50442 32.6987 9.39891
      vertex -5.41592 32.7417 9.32097
    endloop
  endfacet
  facet normal 0.0806061 -0.344655 0.935262
    outer loop
      vertex -5.00039 32.0399 8.3158
      vertex -4.0207 31.7536 8.12586
      vertex -4.96642 32.1543 8.35503
    endloop
  endfacet
  facet normal 0.0806844 -0.344436 0.935336
    outer loop
      vertex -4.0207 31.7536 8.12586
      vertex -5.00039 32.0399 8.3158
      vertex -4.0221 31.7489 8.12425
    endloop
  endfacet
  facet normal 0.704316 0.313662 0.636832
    outer loop
      vertex -5.76123 31.3152 8.73518
      vertex -5.50915 30.3295 8.94188
      vertex -5.67922 31.3233 8.64049
    endloop
  endfacet
  facet normal 0.705562 0.313689 0.635438
    outer loop
      vertex -5.50915 30.3295 8.94188
      vertex -5.76123 31.3152 8.73518
      vertex -5.51252 30.3292 8.94577
    endloop
  endfacet
  facet normal 0.272143 0.0248885 0.961935
    outer loop
      vertex -4.50636 30.9101 8.12425
      vertex -4.36121 31.0966 8.07836
      vertex -5.2476 31.6118 8.3158
    endloop
  endfacet
  facet normal 0.338171 0.101837 0.935559
    outer loop
      vertex -5.2476 31.6118 8.3158
      vertex -4.50973 30.9065 8.12586
      vertex -4.50636 30.9101 8.12425
    endloop
  endfacet
  facet normal 0.338906 0.102704 0.935198
    outer loop
      vertex -4.50973 30.9065 8.12586
      vertex -5.2476 31.6118 8.3158
      vertex -5.32961 31.5252 8.35503
    endloop
  endfacet
  facet normal 0.92874 -0.353986 -0.110158
    outer loop
      vertex -5.90784 31.9895 10.604
      vertex -5.96207 32.1652 9.58219
      vertex -5.90593 31.9942 10.605
    endloop
  endfacet
  facet normal 0.9287 -0.354086 -0.110174
    outer loop
      vertex -5.96207 32.1652 9.58219
      vertex -5.90784 31.9895 10.604
      vertex -6.00845 32.051 9.55826
    endloop
  endfacet
  facet normal 0.928635 0.221991 0.297248
    outer loop
      vertex -5.99488 30.6063 9.73248
      vertex -6.00845 31.4579 9.13888
      vertex -5.99679 30.6088 9.73658
    endloop
  endfacet
  facet normal 0.928663 0.221952 0.297191
    outer loop
      vertex -6.00845 31.4579 9.13888
      vertex -5.99488 30.6063 9.73248
      vertex -5.96207 31.3973 9.03921
    endloop
  endfacet
  facet normal 0.962688 0.164489 0.214883
    outer loop
      vertex -5.99818 30.6119 9.74047
      vertex -6.00845 31.4579 9.13888
      vertex -6.04242 31.533 9.23358
    endloop
  endfacet
  facet normal 0.96309 0.163662 0.213713
    outer loop
      vertex -6.00845 31.4579 9.13888
      vertex -5.99818 30.6119 9.74047
      vertex -5.99679 30.6088 9.73658
    endloop
  endfacet
  facet normal 0.114487 -0.248195 0.961921
    outer loop
      vertex -5.04677 31.9258 8.29188
      vertex -4.11104 31.5299 8.07836
      vertex -5.00039 32.0399 8.3158
    endloop
  endfacet
  facet normal 0.114905 -0.247304 0.962101
    outer loop
      vertex -4.11104 31.5299 8.07836
      vertex -5.04677 31.9258 8.29188
      vertex -4.11295 31.5252 8.07738
    endloop
  endfacet
  facet normal 0.000314396 -0.816506 -0.577337
    outer loop
      vertex -31.3108 -17.4154 0.18129
      vertex -31.2615 -17.4715 0.260657
      vertex -31.3201 -17.4377 0.212823
    endloop
  endfacet
  facet normal 9.14931e-05 -0.816571 -0.577244
    outer loop
      vertex -31.2615 -17.4715 0.260657
      vertex -31.3108 -17.4154 0.18129
      vertex -31.1677 -17.397 0.155284
    endloop
  endfacet
  facet normal 0 -0.816533 -0.577299
    outer loop
      vertex -31.2615 -17.4715 0.260657
      vertex -31.1677 -17.397 0.155284
      vertex -31.1414 -17.4715 0.260657
    endloop
  endfacet
  facet normal 3.71044e-06 -0.816344 -0.577566
    outer loop
      vertex -31.2628 -17.3484 0.0865912
      vertex -31.1677 -17.397 0.155284
      vertex -31.3108 -17.4154 0.18129
    endloop
  endfacet
  facet normal -0.000264694 -0.816519 -0.577319
    outer loop
      vertex -31.2628 -17.3484 0.0865912
      vertex -31.1881 -17.2872 0
      vertex -31.1677 -17.397 0.155284
    endloop
  endfacet
  facet normal -0.00247411 -0.815617 -0.578587
    outer loop
      vertex -31.1972 -17.2866 -0.000806889
      vertex -31.1881 -17.2872 0
      vertex -31.2628 -17.3484 0.0865912
    endloop
  endfacet
  facet normal -0.00255426 -0.816036 -0.577995
    outer loop
      vertex -31.1724 -17.2699 -0.0244942
      vertex -31.1881 -17.2872 0
      vertex -31.1972 -17.2866 -0.000806889
    endloop
  endfacet
  facet normal -0 -0.816811 -0.576905
    outer loop
      vertex 18.5224 -17.2699 -0.0244942
      vertex -31.1881 -17.2872 0
      vertex -31.1724 -17.2699 -0.0244942
    endloop
  endfacet
  facet normal 0 -0.816811 -0.576905
    outer loop
      vertex -31.1881 -17.2872 0
      vertex 18.5224 -17.2699 -0.0244942
      vertex 18.5478 -17.2872 0
    endloop
  endfacet
  facet normal 0.0969971 -0.762788 -0.639333
    outer loop
      vertex 18.5478 -17.2872 0
      vertex 18.5224 -17.2699 -0.0244942
      vertex 18.5472 -17.2866 -0.000806889
    endloop
  endfacet
  facet normal 0 0.816496 0.577351
    outer loop
      vertex 6.15 -15.1423 2.16279
      vertex 6.5 -17.1005 4.9321
      vertex 17.9 -17.1005 4.9321
    endloop
  endfacet
  facet normal 0 0.816496 0.577351
    outer loop
      vertex 6.5 -17.1005 4.9321
      vertex 6.15 -15.1423 2.16279
      vertex -6.5 -17.1005 4.9321
    endloop
  endfacet
  facet normal -5.35923e-05 0.816517 0.577321
    outer loop
      vertex 18.7 -16.6386 4.2789
      vertex 17.9 -17.1005 4.9321
      vertex 18.0252 -17.0948 4.92405
    endloop
  endfacet
  facet normal -3.40086e-07 0.816496 0.577351
    outer loop
      vertex -30.228 -15.0272 2
      vertex -6.5 -17.1005 4.9321
      vertex -6.15 -15.1423 2.16279
    endloop
  endfacet
  facet normal 0.000240043 0.816372 0.577526
    outer loop
      vertex 18.7 -16.6386 4.2789
      vertex 18.0252 -17.0948 4.92405
      vertex 18.1472 -17.0779 4.90011
    endloop
  endfacet
  facet normal 0 0.816498 0.577349
    outer loop
      vertex -6.5 -17.1005 4.9321
      vertex -30.228 -15.0272 2
      vertex -30.55 -17.1005 4.9321
    endloop
  endfacet
  facet normal -0.000653209 0.816747 0.576996
    outer loop
      vertex 18.7 -16.6386 4.2789
      vertex 18.1472 -17.0779 4.90011
      vertex 18.2632 -17.0501 4.86089
    endloop
  endfacet
  facet normal 5.11173e-05 0.816495 0.577353
    outer loop
      vertex -31.35 -15.6749 2.91608
      vertex -30.55 -17.1005 4.9321
      vertex -30.228 -15.0272 2
    endloop
  endfacet
  facet normal -0.000367195 0.816646 0.577139
    outer loop
      vertex 18.7 -16.6386 4.2789
      vertex 18.2632 -17.0501 4.86089
      vertex 18.3702 -17.0122 4.80733
    endloop
  endfacet
  facet normal -1.70897e-06 0.816485 0.577367
    outer loop
      vertex -31.35 -16.6386 4.2789
      vertex -30.55 -17.1005 4.9321
      vertex -31.35 -15.6749 2.91608
    endloop
  endfacet
  facet normal 0.000876181 0.81628 0.577656
    outer loop
      vertex 18.7 -16.6386 4.2789
      vertex 18.3702 -17.0122 4.80733
      vertex 18.4657 -16.9652 4.74077
    endloop
  endfacet
  facet normal 5.36388e-05 0.816517 0.577321
    outer loop
      vertex -30.55 -17.1005 4.9321
      vertex -31.35 -16.6386 4.2789
      vertex -30.6751 -17.0948 4.92405
    endloop
  endfacet
  facet normal 0.000122195 0.81646 0.577402
    outer loop
      vertex 18.7 -16.6386 4.2789
      vertex 18.4657 -16.9652 4.74077
      vertex 18.5472 -16.9101 4.66284
    endloop
  endfacet
  facet normal 0.000653209 0.816747 0.576996
    outer loop
      vertex -30.7972 -17.0779 4.90011
      vertex -31.35 -16.6386 4.2789
      vertex -30.9132 -17.0501 4.86089
    endloop
  endfacet
  facet normal 0.000110962 0.816462 0.577399
    outer loop
      vertex 18.7 -16.6386 4.2789
      vertex 18.5472 -16.9101 4.66284
      vertex 18.6128 -16.8483 4.57544
    endloop
  endfacet
  facet normal 0.000367195 0.816646 0.577139
    outer loop
      vertex -30.9132 -17.0501 4.86089
      vertex -31.35 -16.6386 4.2789
      vertex -31.0202 -17.0122 4.80733
    endloop
  endfacet
  facet normal -0.00131052 0.816659 0.57712
    outer loop
      vertex 18.7 -16.6386 4.2789
      vertex 18.6128 -16.8483 4.57544
      vertex 18.6608 -16.7813 4.48074
    endloop
  endfacet
  facet normal -0.000876181 0.81628 0.577656
    outer loop
      vertex -31.0202 -17.0122 4.80733
      vertex -31.35 -16.6386 4.2789
      vertex -31.1157 -16.9652 4.74077
    endloop
  endfacet
  facet normal -0.00274448 0.816787 0.576932
    outer loop
      vertex 18.7 -16.6386 4.2789
      vertex 18.6608 -16.7813 4.48074
      vertex 18.6902 -16.7108 4.38107
    endloop
  endfacet
  facet normal -0.000122195 0.81646 0.577402
    outer loop
      vertex -31.1157 -16.9652 4.74077
      vertex -31.35 -16.6386 4.2789
      vertex -31.1972 -16.9101 4.66284
    endloop
  endfacet
  facet normal -1.02118e-05 0.816492 0.577357
    outer loop
      vertex 17.9 -17.1005 4.9321
      vertex 18.7 -16.6386 4.2789
      vertex 18.7 -15.1086 2.11519
    endloop
  endfacet
  facet normal -0.000110962 0.816462 0.577399
    outer loop
      vertex -31.1972 -16.9101 4.66284
      vertex -31.35 -16.6386 4.2789
      vertex -31.2628 -16.8483 4.57544
    endloop
  endfacet
  facet normal 0.00131052 0.816659 0.57712
    outer loop
      vertex -31.2628 -16.8483 4.57544
      vertex -31.35 -16.6386 4.2789
      vertex -31.3108 -16.7813 4.48074
    endloop
  endfacet
  facet normal 0 0.816496 0.577351
    outer loop
      vertex -6.5 -17.1005 4.9321
      vertex 6.15 -15.1423 2.16279
      vertex -6.15 -15.1423 2.16279
    endloop
  endfacet
  facet normal -0.000939932 0.816616 0.577181
    outer loop
      vertex 17.9 -17.1005 4.9321
      vertex 18.7 -15.1086 2.11519
      vertex 18.6863 -15.0272 2
    endloop
  endfacet
  facet normal 0.00221224 0.816791 0.576929
    outer loop
      vertex 18.6863 -15.0272 2
      vertex 18.7 -15.1086 2.11519
      vertex 18.6902 -15.0364 2.01301
    endloop
  endfacet
  facet normal -0 0.816498 0.577349
    outer loop
      vertex 6.15 -15.0272 2
      vertex 17.9 -17.1005 4.9321
      vertex 18.6863 -15.0272 2
    endloop
  endfacet
  facet normal 1.18659e-05 0.81652 0.577317
    outer loop
      vertex 17.9 -17.1005 4.9321
      vertex 6.15 -15.0272 2
      vertex 6.15 -15.1423 2.16279
    endloop
  endfacet
  facet normal 0.00277209 0.81679 0.576929
    outer loop
      vertex -31.3108 -16.7813 4.48074
      vertex -31.35 -16.6386 4.2789
      vertex -31.3401 -16.7108 4.38107
    endloop
  endfacet
  facet normal -0 0.81652 0.577317
    outer loop
      vertex -30.228 -15.0272 2
      vertex -6.15 -15.1423 2.16279
      vertex -6.15 -15.0272 2
    endloop
  endfacet
  facet normal -0.000239805 0.816372 0.577526
    outer loop
      vertex -30.6751 -17.0948 4.92405
      vertex -31.35 -16.6386 4.2789
      vertex -30.7972 -17.0779 4.90011
    endloop
  endfacet
  facet normal 3.6616e-05 0.816492 0.577357
    outer loop
      vertex 0.245153 -20.8231 10.1967
      vertex 3.05176e-06 -22.5276 12.6072
      vertex 1.01683 -22.4814 12.5418
    endloop
  endfacet
  facet normal -2.48991e-05 0.81648 0.577373
    outer loop
      vertex 0.71146 -20.7356 10.073
      vertex 1.01683 -22.4814 12.5418
      vertex 2.00862 -22.3439 12.3474
    endloop
  endfacet
  facet normal -9.24887e-05 0.816498 0.577348
    outer loop
      vertex 3.05176e-06 -22.5276 12.6072
      vertex 0.245153 -20.8231 10.1967
      vertex 1.90735e-07 -20.8343 10.2125
    endloop
  endfacet
  facet normal -3.66709e-05 0.816493 0.577355
    outer loop
      vertex 1.10812 -20.5693 9.83771
      vertex 2.00862 -22.3439 12.3474
      vertex 2.95095 -22.1185 12.0287
    endloop
  endfacet
  facet normal 3.60978e-05 0.816498 0.577348
    outer loop
      vertex -0.240009 -20.8234 10.1971
      vertex 3.05176e-06 -22.5276 12.6072
      vertex 1.90735e-07 -20.8343 10.2125
    endloop
  endfacet
  facet normal -2.4855e-05 0.816487 0.577364
    outer loop
      vertex 1.39632 -20.3402 9.51383
      vertex 2.95095 -22.1185 12.0287
      vertex 3.82061 -21.8108 11.5936
    endloop
  endfacet
  facet normal 0.00274604 0.816622 0.577166
    outer loop
      vertex -0.245151 -20.8231 10.1967
      vertex 3.05176e-06 -22.5276 12.6072
      vertex -0.240009 -20.8234 10.1971
    endloop
  endfacet
  facet normal 3.25502e-05 0.816527 0.577307
    outer loop
      vertex 1.49042 -20.2091 9.32833
      vertex 3.82061 -21.8108 11.5936
      vertex 4.59619 -21.4284 11.0527
    endloop
  endfacet
  facet normal -3.66165e-05 0.816492 0.577357
    outer loop
      vertex 3.05176e-06 -22.5276 12.6072
      vertex -0.245151 -20.8231 10.1967
      vertex -1.01681 -22.4814 12.5418
    endloop
  endfacet
  facet normal 1.02152e-05 0.816498 0.577348
    outer loop
      vertex 1.54783 -20.071 9.13309
      vertex 4.59619 -21.4284 11.0527
      vertex 5.25862 -20.9806 10.4194
    endloop
  endfacet
  facet normal 4.39308e-05 0.81648 0.577373
    outer loop
      vertex -0.484267 -20.79 10.1499
      vertex -1.01681 -22.4814 12.5418
      vertex -0.250168 -20.8224 10.1957
    endloop
  endfacet
  facet normal -0.000161754 0.816502 0.577342
    outer loop
      vertex -0.706692 -20.7368 10.0746
      vertex -1.01681 -22.4814 12.5418
      vertex -0.484267 -20.79 10.1499
    endloop
  endfacet
  facet normal -0.00108978 0.816655 0.577126
    outer loop
      vertex -0.250168 -20.8224 10.1957
      vertex -1.01681 -22.4814 12.5418
      vertex -0.245151 -20.8231 10.1967
    endloop
  endfacet
  facet normal 0.00108998 0.816655 0.577126
    outer loop
      vertex 1.01683 -22.4814 12.5418
      vertex 0.250169 -20.8224 10.1957
      vertex 0.245153 -20.8231 10.1967
    endloop
  endfacet
  facet normal -4.39305e-05 0.81648 0.577373
    outer loop
      vertex 1.01683 -22.4814 12.5418
      vertex 0.484269 -20.79 10.1499
      vertex 0.250169 -20.8224 10.1957
    endloop
  endfacet
  facet normal 0.000161753 0.816502 0.577342
    outer loop
      vertex 1.01683 -22.4814 12.5418
      vertex 0.706694 -20.7368 10.0746
      vertex 0.484269 -20.79 10.1499
    endloop
  endfacet
  facet normal -0.0112685 0.815772 0.578263
    outer loop
      vertex 1.01683 -22.4814 12.5418
      vertex 0.71146 -20.7356 10.073
      vertex 0.706694 -20.7368 10.0746
    endloop
  endfacet
  facet normal 0.00806489 0.818623 0.574275
    outer loop
      vertex 2.00862 -22.3439 12.3474
      vertex 0.715858 -20.7341 10.0708
      vertex 0.71146 -20.7356 10.073
    endloop
  endfacet
  facet normal 3.97341e-05 0.816507 0.577335
    outer loop
      vertex 2.00862 -22.3439 12.3474
      vertex 0.921132 -20.6615 9.96811
      vertex 0.715858 -20.7341 10.0708
    endloop
  endfacet
  facet normal -8.22705e-05 0.816481 0.577373
    outer loop
      vertex 2.00862 -22.3439 12.3474
      vertex 1.1042 -20.5712 9.84044
      vertex 0.921132 -20.6615 9.96811
    endloop
  endfacet
  facet normal 0.00506818 0.817345 0.576126
    outer loop
      vertex 2.00862 -22.3439 12.3474
      vertex 1.10812 -20.5693 9.83771
      vertex 1.1042 -20.5712 9.84044
    endloop
  endfacet
  facet normal -0.00503562 0.814496 0.580147
    outer loop
      vertex 2.95095 -22.1185 12.0287
      vertex 1.11147 -20.567 9.83451
      vertex 1.10812 -20.5693 9.83771
    endloop
  endfacet
  facet normal -1.05381e-05 0.816482 0.57737
    outer loop
      vertex 1.56712 -19.9295 8.93293
      vertex 5.25862 -20.9806 10.4194
      vertex 5.79155 -20.4785 9.70937
    endloop
  endfacet
  facet normal -1.01235e-05 0.816497 0.577349
    outer loop
      vertex 2.95095 -22.1185 12.0287
      vertex 1.26783 -20.4613 9.68503
      vertex 1.11147 -20.567 9.83451
    endloop
  endfacet
  facet normal 0.00596644 0.818501 0.574474
    outer loop
      vertex 2.95095 -22.1185 12.0287
      vertex 1.27053 -20.4588 9.68144
      vertex 1.26783 -20.4613 9.68503
    endloop
  endfacet
  facet normal -0.000286873 0.81641 0.577472
    outer loop
      vertex 2.95095 -22.1185 12.0287
      vertex 1.39632 -20.3402 9.51383
      vertex 1.27053 -20.4588 9.68144
    endloop
  endfacet
  facet normal 4.28986e-05 0.816524 0.577312
    outer loop
      vertex 3.82061 -21.8108 11.5936
      vertex 1.48845 -20.2118 9.33222
      vertex 1.39632 -20.3402 9.51383
    endloop
  endfacet
  facet normal 0.00693253 0.81984 0.572551
    outer loop
      vertex 3.82061 -21.8108 11.5936
      vertex 1.49042 -20.2091 9.32833
      vertex 1.48845 -20.2118 9.33222
    endloop
  endfacet
  facet normal -0.000757761 0.815856 0.578255
    outer loop
      vertex 4.59619 -21.4284 11.0527
      vertex 1.49163 -20.2062 9.32424
      vertex 1.49042 -20.2091 9.32833
    endloop
  endfacet
  facet normal -7.59737e-05 0.816434 0.577439
    outer loop
      vertex 4.59619 -21.4284 11.0527
      vertex 1.54783 -20.071 9.13309
      vertex 1.49163 -20.2062 9.32424
    endloop
  endfacet
  facet normal 1.91708e-05 0.816523 0.577313
    outer loop
      vertex 1.54783 -19.7879 8.73276
      vertex 5.79155 -20.4785 9.70937
      vertex 6.18187 -19.9345 8.93995
    endloop
  endfacet
  facet normal 9.91953e-05 0.816619 0.577177
    outer loop
      vertex 5.25862 -20.9806 10.4194
      vertex 1.56672 -19.9325 8.93713
      vertex 1.54783 -20.071 9.13309
    endloop
  endfacet
  facet normal -0.00226423 0.813833 0.581094
    outer loop
      vertex 5.25862 -20.9806 10.4194
      vertex 1.56712 -19.9295 8.93293
      vertex 1.56672 -19.9325 8.93713
    endloop
  endfacet
  facet normal -4.97067e-05 0.816382 0.577512
    outer loop
      vertex 5.79155 -20.4785 9.70937
      vertex 1.54783 -19.7879 8.73276
      vertex 1.56712 -19.9295 8.93293
    endloop
  endfacet
  facet normal 2.77979e-05 0.816614 0.577184
    outer loop
      vertex 6.18187 -19.9345 8.93995
      vertex 1.49163 -19.6528 8.54162
      vertex 1.54783 -19.7879 8.73276
    endloop
  endfacet
  facet normal -0.000131033 0.815732 0.57843
    outer loop
      vertex 6.18187 -19.9345 8.93995
      vertex 1.49042 -19.6499 8.53753
      vertex 1.49163 -19.6528 8.54162
    endloop
  endfacet
  facet normal 6.28861e-08 0.816453 0.577412
    outer loop
      vertex 6.41999 -19.3618 8.13016
      vertex 1.49042 -19.6499 8.53753
      vertex 6.18187 -19.9345 8.93995
    endloop
  endfacet
  facet normal -1.26846e-05 0.816526 0.577309
    outer loop
      vertex 6.5 -18.7748 7.29993
      vertex 1.49042 -19.6499 8.53753
      vertex 6.41999 -19.3618 8.13016
    endloop
  endfacet
  facet normal 0.0019377 0.812786 0.58256
    outer loop
      vertex 1.49042 -19.6499 8.53753
      vertex 6.5 -18.7748 7.29993
      vertex 1.48845 -19.6471 8.53363
    endloop
  endfacet
  facet normal -9.03059e-06 0.816532 0.5773
    outer loop
      vertex 1.48845 -19.6471 8.53363
      vertex 6.5 -18.7748 7.29993
      vertex 1.39632 -19.5187 8.35202
    endloop
  endfacet
  facet normal -4.1127e-06 0.816521 0.577316
    outer loop
      vertex 1.39632 -19.5187 8.35202
      vertex 6.5 -18.7748 7.29993
      vertex 1.27053 -19.4002 8.18442
    endloop
  endfacet
  facet normal -0.00131621 0.82016 0.572132
    outer loop
      vertex 1.27053 -19.4002 8.18442
      vertex 6.5 -18.7748 7.29993
      vertex 1.26783 -19.3977 8.18083
    endloop
  endfacet
  facet normal -2.00597e-06 0.816498 0.577348
    outer loop
      vertex 6.5 -17.1005 4.9321
      vertex 1.26783 -19.3977 8.18083
      vertex 6.5 -18.7748 7.29993
    endloop
  endfacet
  facet normal 3.35755e-06 0.816494 0.577354
    outer loop
      vertex 1.26783 -19.3977 8.18083
      vertex 6.5 -17.1005 4.9321
      vertex 1.11147 -19.292 8.03135
    endloop
  endfacet
  facet normal 0.00340122 0.813695 0.581282
    outer loop
      vertex 1.11147 -19.292 8.03135
      vertex 6.5 -17.1005 4.9321
      vertex 1.10812 -19.2897 8.02815
    endloop
  endfacet
  facet normal -0.0035294 0.819383 0.573235
    outer loop
      vertex 1.10812 -19.2897 8.02815
      vertex 6.5 -17.1005 4.9321
      vertex 1.1042 -19.2878 8.02541
    endloop
  endfacet
  facet normal 6.19109e-05 0.816446 0.577422
    outer loop
      vertex 1.1042 -19.2878 8.02541
      vertex 6.5 -17.1005 4.9321
      vertex 0.921132 -19.1975 7.89775
    endloop
  endfacet
  facet normal 3.71745e-05 0.816468 0.577391
    outer loop
      vertex 0.921132 -19.1975 7.89775
      vertex 6.5 -17.1005 4.9321
      vertex 0.71146 -19.1233 7.79284
    endloop
  endfacet
  facet normal 2.76945e-05 0.816477 0.577378
    outer loop
      vertex 0.71146 -19.1233 7.79284
      vertex 6.5 -17.1005 4.9321
      vertex 0.489035 -19.0701 7.71762
    endloop
  endfacet
  facet normal -0.00451964 0.821068 0.570812
    outer loop
      vertex 0.489035 -19.0701 7.71762
      vertex 6.5 -17.1005 4.9321
      vertex 0.484269 -19.069 7.716
    endloop
  endfacet
  facet normal 0.000793812 0.81565 0.578544
    outer loop
      vertex 0.250169 -19.0365 7.67011
      vertex 6.5 -17.1005 4.9321
      vertex 0.245153 -19.0358 7.66913
    endloop
  endfacet
  facet normal 0.0001252 0.816371 0.577528
    outer loop
      vertex 0.484269 -19.069 7.716
      vertex 6.5 -17.1005 4.9321
      vertex 0.250169 -19.0365 7.67011
    endloop
  endfacet
  facet normal 0.0112685 0.815772 0.578263
    outer loop
      vertex -0.711458 -20.7356 10.073
      vertex -1.01681 -22.4814 12.5418
      vertex -0.706692 -20.7368 10.0746
    endloop
  endfacet
  facet normal 2.48992e-05 0.81648 0.577373
    outer loop
      vertex -1.01681 -22.4814 12.5418
      vertex -0.711458 -20.7356 10.073
      vertex -2.0086 -22.3439 12.3474
    endloop
  endfacet
  facet normal -0.00806349 0.818623 0.574275
    outer loop
      vertex -0.715857 -20.7341 10.0708
      vertex -2.0086 -22.3439 12.3474
      vertex -0.711458 -20.7356 10.073
    endloop
  endfacet
  facet normal -3.9734e-05 0.816507 0.577335
    outer loop
      vertex -0.921132 -20.6615 9.96811
      vertex -2.0086 -22.3439 12.3474
      vertex -0.715857 -20.7341 10.0708
    endloop
  endfacet
  facet normal 8.22708e-05 0.816481 0.577373
    outer loop
      vertex -1.1042 -20.5712 9.84044
      vertex -2.0086 -22.3439 12.3474
      vertex -0.921132 -20.6615 9.96811
    endloop
  endfacet
  facet normal -0.0050682 0.817345 0.576126
    outer loop
      vertex -1.10812 -20.5693 9.83771
      vertex -2.0086 -22.3439 12.3474
      vertex -1.1042 -20.5712 9.84044
    endloop
  endfacet
  facet normal 3.66713e-05 0.816493 0.577355
    outer loop
      vertex -2.0086 -22.3439 12.3474
      vertex -1.10812 -20.5693 9.83771
      vertex -2.95092 -22.1185 12.0287
    endloop
  endfacet
  facet normal 1.74742e-05 0.816501 0.577344
    outer loop
      vertex -1.26448 -20.4636 9.68823
      vertex -2.95092 -22.1185 12.0287
      vertex -1.10812 -20.5693 9.83771
    endloop
  endfacet
  facet normal 0.00537897 0.814664 0.579909
    outer loop
      vertex -1.26783 -20.4613 9.68503
      vertex -2.95092 -22.1185 12.0287
      vertex -1.26448 -20.4636 9.68823
    endloop
  endfacet
  facet normal 0.000146582 0.816451 0.577415
    outer loop
      vertex -1.39632 -20.3402 9.51383
      vertex -2.95092 -22.1185 12.0287
      vertex -1.26783 -20.4613 9.68503
    endloop
  endfacet
  facet normal 2.48547e-05 0.816487 0.577364
    outer loop
      vertex -2.95092 -22.1185 12.0287
      vertex -1.39632 -20.3402 9.51383
      vertex -3.8206 -21.8108 11.5936
    endloop
  endfacet
  facet normal -0.00638002 0.819974 0.572365
    outer loop
      vertex -1.39829 -20.3375 9.50994
      vertex -3.8206 -21.8108 11.5936
      vertex -1.39632 -20.3402 9.51383
    endloop
  endfacet
  facet normal -3.11022e-05 0.816527 0.577308
    outer loop
      vertex -1.49042 -20.2091 9.32833
      vertex -3.8206 -21.8108 11.5936
      vertex -1.39829 -20.3375 9.50994
    endloop
  endfacet
  facet normal -3.255e-05 0.816527 0.577307
    outer loop
      vertex -3.8206 -21.8108 11.5936
      vertex -1.49042 -20.2091 9.32833
      vertex -4.59619 -21.4284 11.0527
    endloop
  endfacet
  facet normal 0.000757761 0.815856 0.578255
    outer loop
      vertex -1.49163 -20.2062 9.32424
      vertex -4.59619 -21.4284 11.0527
      vertex -1.49042 -20.2091 9.32833
    endloop
  endfacet
  facet normal 7.59737e-05 0.816434 0.577439
    outer loop
      vertex -1.54783 -20.071 9.13309
      vertex -4.59619 -21.4284 11.0527
      vertex -1.49163 -20.2062 9.32424
    endloop
  endfacet
  facet normal -1.02154e-05 0.816498 0.577348
    outer loop
      vertex -4.59619 -21.4284 11.0527
      vertex -1.54783 -20.071 9.13309
      vertex -5.2586 -20.9806 10.4194
    endloop
  endfacet
  facet normal -0.00459999 0.822683 0.568481
    outer loop
      vertex -1.54823 -20.0681 9.12889
      vertex -5.2586 -20.9806 10.4194
      vertex -1.54783 -20.071 9.13309
    endloop
  endfacet
  facet normal 5.56113e-05 0.81643 0.577445
    outer loop
      vertex -1.56712 -19.9295 8.93293
      vertex -5.2586 -20.9806 10.4194
      vertex -1.54823 -20.0681 9.12889
    endloop
  endfacet
  facet normal 1.05382e-05 0.816482 0.57737
    outer loop
      vertex -5.2586 -20.9806 10.4194
      vertex -1.56712 -19.9295 8.93293
      vertex -5.79153 -20.4785 9.70937
    endloop
  endfacet
  facet normal 2.71621e-05 0.81644 0.577431
    outer loop
      vertex -1.54823 -19.7909 8.73696
      vertex -5.79153 -20.4785 9.70937
      vertex -1.56712 -19.9295 8.93293
    endloop
  endfacet
  facet normal 0.00136803 0.813671 0.581324
    outer loop
      vertex -1.54783 -19.7879 8.73276
      vertex -5.79153 -20.4785 9.70937
      vertex -1.54823 -19.7909 8.73696
    endloop
  endfacet
  facet normal -1.91707e-05 0.816523 0.577313
    outer loop
      vertex -5.79153 -20.4785 9.70937
      vertex -1.54783 -19.7879 8.73276
      vertex -6.18187 -19.9345 8.93995
    endloop
  endfacet
  facet normal -2.77979e-05 0.816614 0.577184
    outer loop
      vertex -1.49163 -19.6528 8.54162
      vertex -6.18187 -19.9345 8.93995
      vertex -1.54783 -19.7879 8.73276
    endloop
  endfacet
  facet normal 0.000131033 0.815732 0.57843
    outer loop
      vertex -1.49042 -19.6499 8.53753
      vertex -6.18187 -19.9345 8.93995
      vertex -1.49163 -19.6528 8.54162
    endloop
  endfacet
  facet normal 1.52099e-05 0.81653 0.577302
    outer loop
      vertex -6.5 -18.7748 7.29993
      vertex -1.49042 -19.6499 8.53753
      vertex -1.39829 -19.5215 8.35592
    endloop
  endfacet
  facet normal -0.00165088 0.812718 0.582656
    outer loop
      vertex -6.5 -18.7748 7.29993
      vertex -1.39829 -19.5215 8.35592
      vertex -1.39632 -19.5187 8.35202
    endloop
  endfacet
  facet normal 3.67074e-05 0.816595 0.577211
    outer loop
      vertex -6.5 -18.7748 7.29993
      vertex -1.39632 -19.5187 8.35202
      vertex -1.26783 -19.3977 8.18083
    endloop
  endfacet
  facet normal -0.00288511 0.814297 0.580442
    outer loop
      vertex -6.5 -17.1005 4.9321
      vertex -1.26783 -19.3977 8.18083
      vertex -1.26448 -19.3954 8.17762
    endloop
  endfacet
  facet normal -6.28863e-08 0.816453 0.577412
    outer loop
      vertex -1.49042 -19.6499 8.53753
      vertex -6.41996 -19.3618 8.13016
      vertex -6.18187 -19.9345 8.93995
    endloop
  endfacet
  facet normal -2.07352e-05 0.816484 0.577368
    outer loop
      vertex -6.5 -17.1005 4.9321
      vertex -1.26448 -19.3954 8.17762
      vertex -1.10812 -19.2897 8.02815
    endloop
  endfacet
  facet normal 0.0035294 0.819383 0.573235
    outer loop
      vertex -6.5 -17.1005 4.9321
      vertex -1.10812 -19.2897 8.02815
      vertex -1.1042 -19.2878 8.02541
    endloop
  endfacet
  facet normal -6.19109e-05 0.816446 0.577422
    outer loop
      vertex -6.5 -17.1005 4.9321
      vertex -1.1042 -19.2878 8.02541
      vertex -0.921132 -19.1975 7.89775
    endloop
  endfacet
  facet normal -0.00422552 0.812729 0.582627
    outer loop
      vertex -6.5 -17.1005 4.9321
      vertex -0.921132 -19.1975 7.89775
      vertex -0.916733 -19.1959 7.89555
    endloop
  endfacet
  facet normal 4.97926e-05 0.816551 0.577274
    outer loop
      vertex -6.5 -17.1005 4.9321
      vertex -0.916733 -19.1959 7.89555
      vertex -0.711458 -19.1233 7.79284
    endloop
  endfacet
  facet normal -2.76945e-05 0.816477 0.577378
    outer loop
      vertex -6.5 -17.1005 4.9321
      vertex -0.711458 -19.1233 7.79284
      vertex -0.489033 -19.0701 7.71762
    endloop
  endfacet
  facet normal 0.00451964 0.821068 0.570812
    outer loop
      vertex -6.5 -17.1005 4.9321
      vertex -0.489033 -19.0701 7.71762
      vertex -0.484267 -19.069 7.716
    endloop
  endfacet
  facet normal -0.000125201 0.816371 0.577528
    outer loop
      vertex -6.5 -17.1005 4.9321
      vertex -0.484267 -19.069 7.716
      vertex -0.250168 -19.0365 7.67011
    endloop
  endfacet
  facet normal -0.000793703 0.815651 0.578544
    outer loop
      vertex -6.5 -17.1005 4.9321
      vertex -0.250168 -19.0365 7.67011
      vertex -0.245151 -19.0358 7.66913
    endloop
  endfacet
  facet normal 9.9842e-06 0.816513 0.577327
    outer loop
      vertex -6.5 -17.1005 4.9321
      vertex -0.240009 -19.0356 7.6688
      vertex 1.90735e-07 -19.0247 7.65338
    endloop
  endfacet
  facet normal 1.26848e-05 0.816526 0.577309
    outer loop
      vertex -1.49042 -19.6499 8.53753
      vertex -6.5 -18.7748 7.29993
      vertex -6.41996 -19.3618 8.13016
    endloop
  endfacet
  facet normal 0.00464456 0.821471 0.570232
    outer loop
      vertex -0.240009 -19.0356 7.6688
      vertex -6.5 -17.1005 4.9321
      vertex -0.245151 -19.0358 7.66913
    endloop
  endfacet
  facet normal -0.000106061 0.816621 0.577174
    outer loop
      vertex 0.245153 -19.0358 7.66913
      vertex 6.5 -17.1005 4.9321
      vertex 1.90735e-07 -19.0247 7.65338
    endloop
  endfacet
  facet normal -0 0.816502 0.577343
    outer loop
      vertex -6.5 -17.1005 4.9321
      vertex 1.90735e-07 -19.0247 7.65338
      vertex 6.5 -17.1005 4.9321
    endloop
  endfacet
  facet normal 2.00597e-06 0.816498 0.577348
    outer loop
      vertex -1.26783 -19.3977 8.18083
      vertex -6.5 -17.1005 4.9321
      vertex -6.5 -18.7748 7.29993
    endloop
  endfacet
  facet normal 0 0.81524 0.579124
    outer loop
      vertex 5.71824 -13.5956 -0.0244942
      vertex -5.73661 -13.613 0
      vertex 5.73663 -13.613 0
    endloop
  endfacet
  facet normal 0 0.81524 0.579124
    outer loop
      vertex -5.73661 -13.613 0
      vertex 5.71824 -13.5956 -0.0244942
      vertex -5.71822 -13.5956 -0.0244942
    endloop
  endfacet
  facet normal -0.852916 0.301818 -0.425958
    outer loop
      vertex -5.71822 -13.5956 -0.0244942
      vertex -5.79153 -13.7682 0
      vertex -5.73661 -13.613 0
    endloop
  endfacet
  facet normal -0.852812 0.301736 -0.426225
    outer loop
      vertex -5.79153 -13.7682 0
      vertex -5.71822 -13.5956 -0.0244942
      vertex -5.79153 -13.8028 -0.0244942
    endloop
  endfacet
  facet normal -0.923974 0.220981 -0.312154
    outer loop
      vertex -5.79153 -13.8028 -0.0244942
      vertex -6.18187 -15.4003 0
      vertex -5.79153 -13.7682 0
    endloop
  endfacet
  facet normal -0.923721 0.220908 -0.312951
    outer loop
      vertex -6.18187 -15.4003 0
      vertex -5.79153 -13.8028 -0.0244942
      vertex -6.18187 -15.435 -0.0244942
    endloop
  endfacet
  facet normal -0.972315 0.134755 -0.190903
    outer loop
      vertex -6.18187 -15.435 -0.0244942
      vertex -6.36398 -16.7143 0
      vertex -6.18187 -15.4003 0
    endloop
  endfacet
  facet normal -0.972413 0.134779 -0.190386
    outer loop
      vertex -6.36398 -16.7143 0
      vertex -6.18187 -15.435 -0.0244942
      vertex -6.36398 -16.7489 -0.0244942
    endloop
  endfacet
  facet normal 0 0.577795 -0.816182
    outer loop
      vertex -30.55 -16.7489 -0.0244942
      vertex -6.36398 -16.7143 0
      vertex -6.36398 -16.7489 -0.0244942
    endloop
  endfacet
  facet normal 0 0.577795 -0.816182
    outer loop
      vertex -6.36398 -16.7143 0
      vertex -30.55 -16.7489 -0.0244942
      vertex -30.55 -16.7143 0
    endloop
  endfacet
  facet normal -0.078734 0.576002 -0.813648
    outer loop
      vertex -30.6751 -16.7314 0
      vertex -30.55 -16.7489 -0.0244942
      vertex -30.6751 -16.766 -0.0244942
    endloop
  endfacet
  facet normal -0.078734 0.576002 -0.813648
    outer loop
      vertex -30.55 -16.7489 -0.0244942
      vertex -30.6751 -16.7314 0
      vertex -30.55 -16.7143 0
    endloop
  endfacet
  facet normal -0.233309 0.560769 -0.794421
    outer loop
      vertex -30.7972 -16.7821 0
      vertex -30.6751 -16.766 -0.0244942
      vertex -30.7972 -16.8168 -0.0244942
    endloop
  endfacet
  facet normal -0.233299 0.561851 -0.793659
    outer loop
      vertex -30.6751 -16.766 -0.0244942
      vertex -30.7972 -16.7821 0
      vertex -30.6751 -16.7314 0
    endloop
  endfacet
  facet normal -0.382217 0.532898 -0.754937
    outer loop
      vertex -30.9132 -16.8653 0
      vertex -30.7972 -16.8168 -0.0244942
      vertex -30.9132 -16.9 -0.0244942
    endloop
  endfacet
  facet normal -0.382217 0.532898 -0.754937
    outer loop
      vertex -30.7972 -16.8168 -0.0244942
      vertex -30.9132 -16.8653 0
      vertex -30.7972 -16.7821 0
    endloop
  endfacet
  facet normal -0.522892 0.492512 -0.695713
    outer loop
      vertex -31.0202 -16.979 0
      vertex -30.9132 -16.9 -0.0244942
      vertex -31.0202 -17.0136 -0.0244942
    endloop
  endfacet
  facet normal -0.522495 0.491706 -0.696581
    outer loop
      vertex -30.9132 -16.9 -0.0244942
      vertex -31.0202 -16.979 0
      vertex -30.9132 -16.8653 0
    endloop
  endfacet
  facet normal -0.64954 0.439314 -0.620565
    outer loop
      vertex -31.0202 -17.0136 -0.0244942
      vertex -31.1157 -17.1202 0
      vertex -31.0202 -16.979 0
    endloop
  endfacet
  facet normal -0.64954 0.439314 -0.620565
    outer loop
      vertex -31.1157 -17.1202 0
      vertex -31.0202 -17.0136 -0.0244942
      vertex -31.1157 -17.1548 -0.0244942
    endloop
  endfacet
  facet normal -0.760035 0.374405 -0.531195
    outer loop
      vertex -31.1908 -17.2725 0
      vertex -31.1157 -17.1548 -0.0244942
      vertex -31.1724 -17.2699 -0.0244942
    endloop
  endfacet
  facet normal -0.760652 0.375082 -0.529833
    outer loop
      vertex -31.1157 -17.1548 -0.0244942
      vertex -31.1908 -17.2725 0
      vertex -31.1157 -17.1202 0
    endloop
  endfacet
  facet normal -0.759801 0.375257 -0.530928
    outer loop
      vertex -31.1908 -17.2725 0
      vertex -31.1724 -17.2699 -0.0244942
      vertex -31.1972 -17.2866 -0.000806889
    endloop
  endfacet
  facet normal -0.759871 0.375282 -0.53081
    outer loop
      vertex -31.1972 -17.238 0.0335533
      vertex -31.1908 -17.2725 0
      vertex -31.1972 -17.2866 -0.000806889
    endloop
  endfacet
  facet normal -0.852768 0.301369 -0.426571
    outer loop
      vertex -31.1972 -17.238 0.0335533
      vertex -31.2628 -17.2261 0.173103
      vertex -31.2193 -17.1189 0.161877
    endloop
  endfacet
  facet normal -0.852621 0.301653 -0.426666
    outer loop
      vertex -31.2628 -17.3484 0.0865912
      vertex -31.1972 -17.238 0.0335533
      vertex -31.1972 -17.2866 -0.000806889
    endloop
  endfacet
  facet normal -0.852653 0.301729 -0.426548
    outer loop
      vertex -31.1972 -17.238 0.0335533
      vertex -31.2628 -17.3484 0.0865912
      vertex -31.2628 -17.2261 0.173103
    endloop
  endfacet
  facet normal -0.923982 0.220855 -0.312218
    outer loop
      vertex -31.2628 -17.3484 0.0865912
      vertex -31.3108 -17.3877 0.200843
      vertex -31.2628 -17.2261 0.173103
    endloop
  endfacet
  facet normal -0.924021 0.22049 -0.31236
    outer loop
      vertex -31.3108 -17.3877 0.200843
      vertex -31.2628 -17.3484 0.0865912
      vertex -31.3108 -17.4154 0.18129
    endloop
  endfacet
  facet normal -0.972211 0.135006 -0.191258
    outer loop
      vertex -31.3108 -17.3877 0.200843
      vertex -31.3108 -17.4154 0.18129
      vertex -31.3201 -17.4377 0.212823
    endloop
  endfacet
  facet normal -1 0 0
    outer loop
      vertex -31.35 -18.0999 1.20135
      vertex -31.35 -16.6386 4.2789
      vertex -31.35 -15.6749 2.91608
    endloop
  endfacet
  facet normal -1 0 0
    outer loop
      vertex -31.35 -16.6386 4.2789
      vertex -31.35 -18.0999 1.20135
      vertex -31.35 -19.0636 2.56417
    endloop
  endfacet
  facet normal -0.996884 -0.0455449 0.0644104
    outer loop
      vertex -31.35 -19.0636 2.56417
      vertex -31.3401 -16.7108 4.38107
      vertex -31.35 -16.6386 4.2789
    endloop
  endfacet
  facet normal -0.996884 -0.0455449 0.0644104
    outer loop
      vertex -31.3401 -16.7108 4.38107
      vertex -31.35 -19.0636 2.56417
      vertex -31.3401 -19.1358 2.66634
    endloop
  endfacet
  facet normal -0.972387 -0.134738 0.190548
    outer loop
      vertex -31.3401 -19.1358 2.66634
      vertex -31.3108 -16.7813 4.48074
      vertex -31.3401 -16.7108 4.38107
    endloop
  endfacet
  facet normal -0.972387 -0.134738 0.190548
    outer loop
      vertex -31.3108 -16.7813 4.48074
      vertex -31.3401 -19.1358 2.66634
      vertex -31.3108 -19.2063 2.76601
    endloop
  endfacet
  facet normal -0.924022 -0.220743 0.312178
    outer loop
      vertex -31.3108 -19.2063 2.76601
      vertex -31.2628 -16.8483 4.57544
      vertex -31.3108 -16.7813 4.48074
    endloop
  endfacet
  facet normal -0.924022 -0.220743 0.312178
    outer loop
      vertex -31.2628 -16.8483 4.57544
      vertex -31.3108 -19.2063 2.76601
      vertex -31.2628 -19.2733 2.86071
    endloop
  endfacet
  facet normal -0.852624 -0.301679 0.42664
    outer loop
      vertex -31.2628 -19.2733 2.86071
      vertex -31.1972 -16.9101 4.66284
      vertex -31.2628 -16.8483 4.57544
    endloop
  endfacet
  facet normal -0.852624 -0.301679 0.42664
    outer loop
      vertex -31.1972 -16.9101 4.66284
      vertex -31.2628 -19.2733 2.86071
      vertex -31.1972 -19.3351 2.94811
    endloop
  endfacet
  facet normal -0.760464 -0.374919 0.530217
    outer loop
      vertex -31.1972 -19.3351 2.94811
      vertex -31.1157 -16.9652 4.74077
      vertex -31.1972 -16.9101 4.66284
    endloop
  endfacet
  facet normal -0.760464 -0.374919 0.530217
    outer loop
      vertex -31.1157 -16.9652 4.74077
      vertex -31.1972 -19.3351 2.94811
      vertex -31.1157 -19.3902 3.02604
    endloop
  endfacet
  facet normal -0.649065 -0.439209 0.621137
    outer loop
      vertex -31.1157 -19.3902 3.02604
      vertex -31.0202 -17.0122 4.80733
      vertex -31.1157 -16.9652 4.74077
    endloop
  endfacet
  facet normal -0.649065 -0.439209 0.621137
    outer loop
      vertex -31.0202 -17.0122 4.80733
      vertex -31.1157 -19.3902 3.02604
      vertex -31.0202 -19.4372 3.0926
    endloop
  endfacet
  facet normal -0.52275 -0.492182 0.696052
    outer loop
      vertex -31.0202 -19.4372 3.0926
      vertex -30.9132 -17.0501 4.86089
      vertex -31.0202 -17.0122 4.80733
    endloop
  endfacet
  facet normal -0.52275 -0.492182 0.696052
    outer loop
      vertex -30.9132 -17.0501 4.86089
      vertex -31.0202 -19.4372 3.0926
      vertex -30.9132 -19.4751 3.14616
    endloop
  endfacet
  facet normal -0.38285 -0.533361 0.754289
    outer loop
      vertex -30.9132 -19.4751 3.14616
      vertex -30.7972 -17.0779 4.90011
      vertex -30.9132 -17.0501 4.86089
    endloop
  endfacet
  facet normal -0.382458 -0.53347 0.754411
    outer loop
      vertex -30.7972 -17.0779 4.90011
      vertex -30.9132 -19.4751 3.14616
      vertex -30.7972 -19.5028 3.18538
    endloop
  endfacet
  facet normal -0.233374 -0.561422 0.79394
    outer loop
      vertex -30.7972 -19.5028 3.18538
      vertex -30.6751 -17.0948 4.92405
      vertex -30.7972 -17.0779 4.90011
    endloop
  endfacet
  facet normal -0.233809 -0.561347 0.793866
    outer loop
      vertex -30.6751 -17.0948 4.92405
      vertex -30.7972 -19.5028 3.18538
      vertex -30.6751 -19.5198 3.20932
    endloop
  endfacet
  facet normal -0.0786025 -0.575563 0.813971
    outer loop
      vertex -30.6751 -19.5198 3.20932
      vertex -30.55 -17.1005 4.9321
      vertex -30.6751 -17.0948 4.92405
    endloop
  endfacet
  facet normal -0.0786025 -0.575563 0.813971
    outer loop
      vertex -30.55 -17.1005 4.9321
      vertex -30.6751 -19.5198 3.20932
      vertex -30.55 -19.5255 3.21737
    endloop
  endfacet
  facet normal 0 -0.577349 0.816497
    outer loop
      vertex -30.55 -17.1005 4.9321
      vertex -6.5 -19.5255 3.21737
      vertex -6.5 -17.1005 4.9321
    endloop
  endfacet
  facet normal 0 -0.577349 0.816497
    outer loop
      vertex -6.5 -19.5255 3.21737
      vertex -30.55 -17.1005 4.9321
      vertex -30.55 -19.5255 3.21737
    endloop
  endfacet
  facet normal -1 0 0
    outer loop
      vertex -6.5 -19.5255 3.21737
      vertex -6.5 -18.7748 7.29993
      vertex -6.5 -17.1005 4.9321
    endloop
  endfacet
  facet normal -1 0 0
    outer loop
      vertex -6.5 -18.7748 7.29993
      vertex -6.5 -19.5255 3.21737
      vertex -6.5 -21.1998 5.5852
    endloop
  endfacet
  facet normal -0.996916 -0.0453081 0.0640754
    outer loop
      vertex -6.5 -21.1998 5.5852
      vertex -6.41996 -19.3618 8.13016
      vertex -6.5 -18.7748 7.29993
    endloop
  endfacet
  facet normal -0.996916 -0.0453081 0.0640754
    outer loop
      vertex -6.41996 -19.3618 8.13016
      vertex -6.5 -21.1998 5.5852
      vertex -6.41996 -21.7868 6.41543
    endloop
  endfacet
  facet normal -0.972376 -0.134764 0.190585
    outer loop
      vertex -6.41996 -21.7868 6.41543
      vertex -6.18187 -19.9345 8.93995
      vertex -6.41996 -19.3618 8.13016
    endloop
  endfacet
  facet normal -0.972373 -0.134775 0.190593
    outer loop
      vertex -6.18187 -19.9345 8.93995
      vertex -6.41996 -21.7868 6.41543
      vertex -6.18187 -22.3594 7.22522
    endloop
  endfacet
  facet normal -0.923871 -0.220954 0.312476
    outer loop
      vertex -6.18187 -19.9345 8.93995
      vertex -6.15 -21.1553 8.17094
      vertex -5.79153 -20.4785 9.70937
    endloop
  endfacet
  facet normal -0.923916 -0.220898 0.312384
    outer loop
      vertex -6.18187 -22.3594 7.22522
      vertex -6.15 -21.1553 8.17094
      vertex -6.18187 -19.9345 8.93995
    endloop
  endfacet
  facet normal -0.923956 -0.220837 0.312309
    outer loop
      vertex -6.15 -21.1553 8.17094
      vertex -6.18187 -22.3594 7.22522
      vertex -6.15 -22.4039 7.28804
    endloop
  endfacet
  facet normal -0.92387 -0.220959 0.312477
    outer loop
      vertex -5.79153 -20.4785 9.70937
      vertex -6.15 -21.1553 8.17094
      vertex -5.79153 -21.7764 8.7916
    endloop
  endfacet
  facet normal -0.85263 -0.301678 0.426629
    outer loop
      vertex -5.79153 -21.7764 8.7916
      vertex -5.2586 -20.9806 10.4194
      vertex -5.79153 -20.4785 9.70937
    endloop
  endfacet
  facet normal -0.852638 -0.301663 0.426624
    outer loop
      vertex -5.2586 -20.9806 10.4194
      vertex -5.79153 -21.7764 8.7916
      vertex -5.2586 -22.4006 9.41533
    endloop
  endfacet
  facet normal -0.760423 -0.374942 0.530259
    outer loop
      vertex -5.2586 -22.4006 9.41533
      vertex -4.59619 -21.4284 11.0527
      vertex -5.2586 -20.9806 10.4194
    endloop
  endfacet
  facet normal -0.760408 -0.374963 0.530266
    outer loop
      vertex -4.59619 -21.4284 11.0527
      vertex -5.2586 -22.4006 9.41533
      vertex -4.59619 -22.9573 9.97158
    endloop
  endfacet
  facet normal -0.649451 -0.439026 0.620862
    outer loop
      vertex -4.59619 -22.9573 9.97158
      vertex -3.8206 -21.8108 11.5936
      vertex -4.59619 -21.4284 11.0527
    endloop
  endfacet
  facet normal -0.649474 -0.439001 0.620856
    outer loop
      vertex -3.8206 -21.8108 11.5936
      vertex -4.59619 -22.9573 9.97158
      vertex -3.8206 -23.4328 10.4467
    endloop
  endfacet
  facet normal -0.522476 -0.492272 0.696195
    outer loop
      vertex -3.8206 -23.4328 10.4467
      vertex -2.95092 -22.1185 12.0287
      vertex -3.8206 -21.8108 11.5936
    endloop
  endfacet
  facet normal -0.52247 -0.492277 0.696196
    outer loop
      vertex -2.95092 -22.1185 12.0287
      vertex -3.8206 -23.4328 10.4467
      vertex -2.95092 -23.8153 10.8289
    endloop
  endfacet
  facet normal -0.382709 -0.53339 0.75434
    outer loop
      vertex -2.95092 -23.8153 10.8289
      vertex -2.0086 -22.3439 12.3474
      vertex -2.95092 -22.1185 12.0287
    endloop
  endfacet
  facet normal -0.382675 -0.533413 0.754341
    outer loop
      vertex -2.0086 -22.3439 12.3474
      vertex -2.95092 -23.8153 10.8289
      vertex -2.0086 -24.0955 11.1088
    endloop
  endfacet
  facet normal -0.23345 -0.561407 0.793929
    outer loop
      vertex -2.0086 -24.0955 11.1088
      vertex -1.01681 -22.4814 12.5418
      vertex -2.0086 -22.3439 12.3474
    endloop
  endfacet
  facet normal -0.233463 -0.5614 0.79393
    outer loop
      vertex -1.01681 -22.4814 12.5418
      vertex -2.0086 -24.0955 11.1088
      vertex -1.01681 -24.2664 11.2796
    endloop
  endfacet
  facet normal -0.0785054 -0.575573 0.813974
    outer loop
      vertex -1.01681 -24.2664 11.2796
      vertex 3.05176e-06 -22.5276 12.6072
      vertex -1.01681 -22.4814 12.5418
    endloop
  endfacet
  facet normal -0.0784978 -0.575576 0.813972
    outer loop
      vertex 3.05176e-06 -22.5276 12.6072
      vertex -1.01681 -24.2664 11.2796
      vertex 3.05176e-06 -24.3239 11.337
    endloop
  endfacet
  facet normal 0.0785043 -0.575573 0.813974
    outer loop
      vertex 3.05176e-06 -22.5276 12.6072
      vertex 1.01683 -24.2664 11.2796
      vertex 1.01683 -22.4814 12.5418
    endloop
  endfacet
  facet normal 0.0784968 -0.575576 0.813972
    outer loop
      vertex 1.01683 -24.2664 11.2796
      vertex 3.05176e-06 -22.5276 12.6072
      vertex 3.05176e-06 -24.3239 11.337
    endloop
  endfacet
  facet normal 0.23345 -0.561407 0.793929
    outer loop
      vertex 1.01683 -22.4814 12.5418
      vertex 2.00862 -24.0955 11.1088
      vertex 2.00862 -22.3439 12.3474
    endloop
  endfacet
  facet normal 0.233463 -0.5614 0.79393
    outer loop
      vertex 2.00862 -24.0955 11.1088
      vertex 1.01683 -22.4814 12.5418
      vertex 1.01683 -24.2664 11.2796
    endloop
  endfacet
  facet normal 0.382705 -0.533391 0.754341
    outer loop
      vertex 2.00862 -22.3439 12.3474
      vertex 2.95095 -23.8153 10.8289
      vertex 2.95095 -22.1185 12.0287
    endloop
  endfacet
  facet normal 0.382672 -0.533414 0.754342
    outer loop
      vertex 2.95095 -23.8153 10.8289
      vertex 2.00862 -22.3439 12.3474
      vertex 2.00862 -24.0955 11.1088
    endloop
  endfacet
  facet normal 0.522484 -0.492269 0.69619
    outer loop
      vertex 2.95095 -22.1185 12.0287
      vertex 3.82061 -23.4328 10.4467
      vertex 3.82061 -21.8108 11.5936
    endloop
  endfacet
  facet normal 0.522479 -0.492274 0.696191
    outer loop
      vertex 3.82061 -23.4328 10.4467
      vertex 2.95095 -22.1185 12.0287
      vertex 2.95095 -23.8153 10.8289
    endloop
  endfacet
  facet normal 0.649456 -0.439023 0.620859
    outer loop
      vertex 3.82061 -21.8108 11.5936
      vertex 4.59619 -22.9573 9.97158
      vertex 4.59619 -21.4284 11.0527
    endloop
  endfacet
  facet normal 0.649479 -0.438998 0.620852
    outer loop
      vertex 4.59619 -22.9573 9.97158
      vertex 3.82061 -21.8108 11.5936
      vertex 3.82061 -23.4328 10.4467
    endloop
  endfacet
  facet normal 0.760414 -0.374948 0.530268
    outer loop
      vertex 4.59619 -21.4284 11.0527
      vertex 5.25862 -22.4006 9.41533
      vertex 5.25862 -20.9806 10.4194
    endloop
  endfacet
  facet normal 0.760399 -0.37497 0.530275
    outer loop
      vertex 5.25862 -22.4006 9.41533
      vertex 4.59619 -21.4284 11.0527
      vertex 4.59619 -22.9573 9.97158
    endloop
  endfacet
  facet normal 0.85263 -0.301678 0.426629
    outer loop
      vertex 5.25862 -20.9806 10.4194
      vertex 5.79155 -21.7764 8.7916
      vertex 5.79155 -20.4785 9.70937
    endloop
  endfacet
  facet normal 0.852638 -0.301663 0.426624
    outer loop
      vertex 5.79155 -21.7764 8.7916
      vertex 5.25862 -20.9806 10.4194
      vertex 5.25862 -22.4006 9.41533
    endloop
  endfacet
  facet normal 0.923876 -0.22095 0.312465
    outer loop
      vertex 5.79155 -20.4785 9.70937
      vertex 5.79155 -21.7764 8.7916
      vertex 6.15 -21.1553 8.17095
    endloop
  endfacet
  facet normal 0.923878 -0.220943 0.312463
    outer loop
      vertex 6.15 -21.1553 8.17095
      vertex 6.18187 -19.9345 8.93995
      vertex 5.79155 -20.4785 9.70937
    endloop
  endfacet
  facet normal 0.92393 -0.220878 0.312356
    outer loop
      vertex 6.15 -21.1553 8.17095
      vertex 6.18187 -22.3594 7.22522
      vertex 6.18187 -19.9345 8.93995
    endloop
  endfacet
  facet normal 0.92397 -0.220817 0.31228
    outer loop
      vertex 6.18187 -22.3594 7.22522
      vertex 6.15 -21.1553 8.17095
      vertex 6.15 -22.4039 7.28805
    endloop
  endfacet
  facet normal 0.97237 -0.13478 0.190608
    outer loop
      vertex 6.18187 -19.9345 8.93995
      vertex 6.41999 -21.7868 6.41543
      vertex 6.41999 -19.3618 8.13016
    endloop
  endfacet
  facet normal 0.972367 -0.134791 0.190616
    outer loop
      vertex 6.41999 -21.7868 6.41543
      vertex 6.18187 -19.9345 8.93995
      vertex 6.18187 -22.3594 7.22522
    endloop
  endfacet
  facet normal 0.996918 -0.0452912 0.0640515
    outer loop
      vertex 6.41999 -19.3618 8.13016
      vertex 6.5 -21.1998 5.5852
      vertex 6.5 -18.7748 7.29993
    endloop
  endfacet
  facet normal 0.996918 -0.0452912 0.0640515
    outer loop
      vertex 6.5 -21.1998 5.5852
      vertex 6.41999 -19.3618 8.13016
      vertex 6.41999 -21.7868 6.41543
    endloop
  endfacet
  facet normal 1 0 0
    outer loop
      vertex 6.5 -18.7748 7.29993
      vertex 6.5 -19.5255 3.21737
      vertex 6.5 -17.1005 4.9321
    endloop
  endfacet
  facet normal 1 0 -0
    outer loop
      vertex 6.5 -19.5255 3.21737
      vertex 6.5 -18.7748 7.29993
      vertex 6.5 -21.1998 5.5852
    endloop
  endfacet
  facet normal 0 -0.577349 0.816497
    outer loop
      vertex 6.5 -17.1005 4.9321
      vertex 17.9 -19.5255 3.21737
      vertex 17.9 -17.1005 4.9321
    endloop
  endfacet
  facet normal 0 -0.577349 0.816497
    outer loop
      vertex 17.9 -19.5255 3.21737
      vertex 6.5 -17.1005 4.9321
      vertex 6.5 -19.5255 3.21737
    endloop
  endfacet
  facet normal 0.0785401 -0.575566 0.813975
    outer loop
      vertex 17.9 -17.1005 4.9321
      vertex 18.0252 -19.5198 3.20932
      vertex 18.0252 -17.0948 4.92405
    endloop
  endfacet
  facet normal 0.0785401 -0.575566 0.813975
    outer loop
      vertex 18.0252 -19.5198 3.20932
      vertex 17.9 -17.1005 4.9321
      vertex 17.9 -19.5255 3.21737
    endloop
  endfacet
  facet normal 0.233555 -0.561397 0.793905
    outer loop
      vertex 18.0252 -17.0948 4.92405
      vertex 18.1472 -19.5028 3.18538
      vertex 18.1472 -17.0779 4.90011
    endloop
  endfacet
  facet normal 0.23399 -0.561322 0.79383
    outer loop
      vertex 18.1472 -19.5028 3.18538
      vertex 18.0252 -17.0948 4.92405
      vertex 18.0252 -19.5198 3.20932
    endloop
  endfacet
  facet normal 0.38285 -0.533361 0.754289
    outer loop
      vertex 18.1472 -17.0779 4.90011
      vertex 18.2632 -19.4751 3.14616
      vertex 18.2632 -17.0501 4.86089
    endloop
  endfacet
  facet normal 0.382458 -0.53347 0.754411
    outer loop
      vertex 18.2632 -19.4751 3.14616
      vertex 18.1472 -17.0779 4.90011
      vertex 18.1472 -19.5028 3.18538
    endloop
  endfacet
  facet normal 0.52275 -0.492182 0.696052
    outer loop
      vertex 18.2632 -17.0501 4.86089
      vertex 18.3702 -19.4372 3.0926
      vertex 18.3702 -17.0122 4.80733
    endloop
  endfacet
  facet normal 0.52275 -0.492182 0.696052
    outer loop
      vertex 18.3702 -19.4372 3.0926
      vertex 18.2632 -17.0501 4.86089
      vertex 18.2632 -19.4751 3.14616
    endloop
  endfacet
  facet normal 0.649065 -0.439209 0.621137
    outer loop
      vertex 18.3702 -17.0122 4.80733
      vertex 18.4657 -19.3902 3.02604
      vertex 18.4657 -16.9652 4.74077
    endloop
  endfacet
  facet normal 0.649065 -0.439209 0.621137
    outer loop
      vertex 18.4657 -19.3902 3.02604
      vertex 18.3702 -17.0122 4.80733
      vertex 18.3702 -19.4372 3.0926
    endloop
  endfacet
  facet normal 0.760464 -0.374919 0.530217
    outer loop
      vertex 18.4657 -16.9652 4.74077
      vertex 18.5472 -19.3351 2.94811
      vertex 18.5472 -16.9101 4.66284
    endloop
  endfacet
  facet normal 0.760464 -0.374919 0.530217
    outer loop
      vertex 18.5472 -19.3351 2.94811
      vertex 18.4657 -16.9652 4.74077
      vertex 18.4657 -19.3902 3.02604
    endloop
  endfacet
  facet normal 0.852624 -0.301679 0.42664
    outer loop
      vertex 18.5472 -16.9101 4.66284
      vertex 18.6128 -19.2733 2.86071
      vertex 18.6128 -16.8483 4.57544
    endloop
  endfacet
  facet normal 0.852624 -0.301679 0.42664
    outer loop
      vertex 18.6128 -19.2733 2.86071
      vertex 18.5472 -16.9101 4.66284
      vertex 18.5472 -19.3351 2.94811
    endloop
  endfacet
  facet normal 0.924022 -0.220743 0.312178
    outer loop
      vertex 18.6128 -16.8483 4.57544
      vertex 18.6608 -19.2063 2.76601
      vertex 18.6608 -16.7813 4.48074
    endloop
  endfacet
  facet normal 0.924022 -0.220743 0.312178
    outer loop
      vertex 18.6608 -19.2063 2.76601
      vertex 18.6128 -16.8483 4.57544
      vertex 18.6128 -19.2733 2.86071
    endloop
  endfacet
  facet normal 0.972206 -0.135172 0.191163
    outer loop
      vertex 18.6608 -16.7813 4.48074
      vertex 18.6902 -19.1358 2.66634
      vertex 18.6902 -16.7108 4.38107
    endloop
  endfacet
  facet normal 0.972206 -0.135172 0.191163
    outer loop
      vertex 18.6902 -19.1358 2.66634
      vertex 18.6608 -16.7813 4.48074
      vertex 18.6608 -19.2063 2.76601
    endloop
  endfacet
  facet normal 0.996946 -0.0450877 0.0637637
    outer loop
      vertex 18.6902 -16.7108 4.38107
      vertex 18.7 -19.0636 2.56417
      vertex 18.7 -16.6386 4.2789
    endloop
  endfacet
  facet normal 0.996946 -0.0450877 0.0637637
    outer loop
      vertex 18.7 -19.0636 2.56417
      vertex 18.6902 -16.7108 4.38107
      vertex 18.6902 -19.1358 2.66634
    endloop
  endfacet
  facet normal 1 0 0
    outer loop
      vertex 18.7 -16.6386 4.2789
      vertex 18.7 -15.2715 2
      vertex 18.7 -15.1086 2.11519
    endloop
  endfacet
  facet normal 1 0 0
    outer loop
      vertex 18.7 -16.6386 4.2789
      vertex 18.7 -18.6647 2
      vertex 18.7 -15.2715 2
    endloop
  endfacet
  facet normal 1 0 -0
    outer loop
      vertex 18.7 -18.6647 2
      vertex 18.7 -16.6386 4.2789
      vertex 18.7 -19.0636 2.56417
    endloop
  endfacet
  facet normal 0.996946 0.045083 -0.0637608
    outer loop
      vertex 18.7 -15.1086 2.11519
      vertex 18.6902 -15.0548 2
      vertex 18.6902 -15.0364 2.01301
    endloop
  endfacet
  facet normal 0.996946 0.0450857 -0.0637596
    outer loop
      vertex 18.6902 -15.0548 2
      vertex 18.7 -15.1086 2.11519
      vertex 18.7 -15.2715 2
    endloop
  endfacet
  facet normal 0.971329 0.137253 -0.194117
    outer loop
      vertex 18.6902 -15.0364 2.01301
      vertex 18.6902 -15.0548 2
      vertex 18.6863 -15.0272 2
    endloop
  endfacet
  facet normal 0.858733 0.303082 -0.41318
    outer loop
      vertex 18.5472 -17.2855 0
      vertex 18.5478 -17.2872 0
      vertex 18.5472 -17.2866 -0.000806889
    endloop
  endfacet
  facet normal 0.760693 0.375054 -0.529794
    outer loop
      vertex 18.5472 -17.2855 0
      vertex 18.4657 -17.1548 -0.0244942
      vertex 18.4657 -17.1202 0
    endloop
  endfacet
  facet normal 0.760085 0.374429 -0.531106
    outer loop
      vertex 18.4657 -17.1548 -0.0244942
      vertex 18.5472 -17.2855 0
      vertex 18.5224 -17.2699 -0.0244942
    endloop
  endfacet
  facet normal 0.759744 0.384587 -0.524292
    outer loop
      vertex 18.5224 -17.2699 -0.0244942
      vertex 18.5472 -17.2855 0
      vertex 18.5472 -17.2866 -0.000806889
    endloop
  endfacet
  facet normal 0.64954 0.439314 -0.620565
    outer loop
      vertex 18.4657 -17.1202 0
      vertex 18.3702 -17.0136 -0.0244942
      vertex 18.3702 -16.979 0
    endloop
  endfacet
  facet normal 0.64954 0.439314 -0.620565
    outer loop
      vertex 18.3702 -17.0136 -0.0244942
      vertex 18.4657 -17.1202 0
      vertex 18.4657 -17.1548 -0.0244942
    endloop
  endfacet
  facet normal 0.522892 0.492512 -0.695713
    outer loop
      vertex 18.2632 -16.9 -0.0244942
      vertex 18.3702 -16.979 0
      vertex 18.3702 -17.0136 -0.0244942
    endloop
  endfacet
  facet normal 0.522495 0.491706 -0.696581
    outer loop
      vertex 18.3702 -16.979 0
      vertex 18.2632 -16.9 -0.0244942
      vertex 18.2632 -16.8653 0
    endloop
  endfacet
  facet normal 0.382217 0.532898 -0.754937
    outer loop
      vertex 18.1472 -16.8168 -0.0244942
      vertex 18.2632 -16.8653 0
      vertex 18.2632 -16.9 -0.0244942
    endloop
  endfacet
  facet normal 0.382217 0.532898 -0.754937
    outer loop
      vertex 18.2632 -16.8653 0
      vertex 18.1472 -16.8168 -0.0244942
      vertex 18.1472 -16.7821 0
    endloop
  endfacet
  facet normal 0.23349 0.560744 -0.794385
    outer loop
      vertex 18.0252 -16.766 -0.0244942
      vertex 18.1472 -16.7821 0
      vertex 18.1472 -16.8168 -0.0244942
    endloop
  endfacet
  facet normal 0.23348 0.561826 -0.793624
    outer loop
      vertex 18.1472 -16.7821 0
      vertex 18.0252 -16.766 -0.0244942
      vertex 18.0252 -16.7314 0
    endloop
  endfacet
  facet normal 0.0786715 0.576004 -0.813652
    outer loop
      vertex 17.9 -16.7489 -0.0244942
      vertex 18.0252 -16.7314 0
      vertex 18.0252 -16.766 -0.0244942
    endloop
  endfacet
  facet normal 0.0786715 0.576004 -0.813652
    outer loop
      vertex 18.0252 -16.7314 0
      vertex 17.9 -16.7489 -0.0244942
      vertex 17.9 -16.7143 0
    endloop
  endfacet
  facet normal 0 0.577795 -0.816182
    outer loop
      vertex 6.364 -16.7489 -0.0244942
      vertex 17.9 -16.7143 0
      vertex 17.9 -16.7489 -0.0244942
    endloop
  endfacet
  facet normal 0 0.577795 -0.816182
    outer loop
      vertex 17.9 -16.7143 0
      vertex 6.364 -16.7489 -0.0244942
      vertex 6.364 -16.7143 0
    endloop
  endfacet
  facet normal 0.97231 0.134769 -0.190922
    outer loop
      vertex 6.364 -16.7143 0
      vertex 6.18187 -15.435 -0.0244942
      vertex 6.18187 -15.4003 0
    endloop
  endfacet
  facet normal 0.972408 0.134793 -0.190406
    outer loop
      vertex 6.18187 -15.435 -0.0244942
      vertex 6.364 -16.7143 0
      vertex 6.364 -16.7489 -0.0244942
    endloop
  endfacet
  facet normal 0.923981 0.220972 -0.31214
    outer loop
      vertex 6.18187 -15.4003 0
      vertex 5.79155 -13.8028 -0.0244942
      vertex 5.79155 -13.7682 0
    endloop
  endfacet
  facet normal 0.923728 0.220898 -0.312938
    outer loop
      vertex 5.79155 -13.8028 -0.0244942
      vertex 6.18187 -15.4003 0
      vertex 6.18187 -15.435 -0.0244942
    endloop
  endfacet
  facet normal 0.852916 0.301818 -0.425958
    outer loop
      vertex 5.79155 -13.7682 0
      vertex 5.71824 -13.5956 -0.0244942
      vertex 5.73663 -13.613 0
    endloop
  endfacet
  facet normal 0.852812 0.301736 -0.426225
    outer loop
      vertex 5.71824 -13.5956 -0.0244942
      vertex 5.79155 -13.7682 0
      vertex 5.79155 -13.8028 -0.0244942
    endloop
  endfacet
  facet normal 0.996919 0.0452859 -0.0640521
    outer loop
      vertex -0.79015 -20.5733 8.63097
      vertex -0.8 -21.0939 8.10959
      vertex -0.8 -20.501 8.52878
    endloop
  endfacet
  facet normal 0.996916 0.0453062 -0.0640723
    outer loop
      vertex -0.8 -21.0939 8.10959
      vertex -0.79015 -20.5733 8.63097
      vertex -0.79015 -21.1837 8.19935
    endloop
  endfacet
  facet normal -0.996919 0.0452813 -0.0640456
    outer loop
      vertex 0.8 -21.0939 8.10959
      vertex 0.790151 -20.5733 8.63097
      vertex 0.8 -20.501 8.52878
    endloop
  endfacet
  facet normal -0.996917 0.0453016 -0.0640658
    outer loop
      vertex 0.790151 -20.5733 8.63097
      vertex 0.8 -21.0939 8.10959
      vertex 0.790151 -21.1837 8.19935
    endloop
  endfacet
  facet normal 0.0785725 0.575549 -0.813984
    outer loop
      vertex -0.125147 -21.661 8.67629
      vertex 1.90735e-07 -20.9629 9.18198
      vertex 1.90735e-07 -21.6681 8.68335
    endloop
  endfacet
  facet normal 0.0785084 0.575559 -0.813983
    outer loop
      vertex 1.90735e-07 -20.9629 9.18198
      vertex -0.125147 -21.661 8.67629
      vertex -0.125147 -20.9572 9.17394
    endloop
  endfacet
  facet normal 0.649537 0.438959 -0.620819
    outer loop
      vertex -0.470228 -20.8747 9.05723
      vertex -0.565685 -21.4999 8.5153
      vertex -0.565685 -20.8276 8.99066
    endloop
  endfacet
  facet normal 0.649391 0.439055 -0.620904
    outer loop
      vertex -0.565685 -21.4999 8.5153
      vertex -0.470228 -20.8747 9.05723
      vertex -0.470228 -21.5584 8.57377
    endloop
  endfacet
  facet normal -0.649537 0.438959 -0.620819
    outer loop
      vertex 0.565685 -21.4999 8.5153
      vertex 0.470228 -20.8747 9.05723
      vertex 0.565685 -20.8276 8.99066
    endloop
  endfacet
  facet normal -0.649391 0.439055 -0.620904
    outer loop
      vertex 0.470228 -20.8747 9.05723
      vertex 0.565685 -21.4999 8.5153
      vertex 0.470228 -21.5584 8.57377
    endloop
  endfacet
  facet normal -0.233305 0.561409 -0.79397
    outer loop
      vertex 0.125148 -20.9572 9.17394
      vertex 0.247215 -21.64 8.65527
      vertex 0.125148 -21.661 8.67629
    endloop
  endfacet
  facet normal -0.233372 0.561391 -0.793963
    outer loop
      vertex 0.247215 -21.64 8.65527
      vertex 0.125148 -20.9572 9.17394
      vertex 0.247215 -20.9403 9.15001
    endloop
  endfacet
  facet normal -0.972376 -0.134765 0.190584
    outer loop
      vertex 0.760845 -20.9164 7.93229
      vertex 0.790151 -20.4288 8.4266
      vertex 0.760845 -20.3583 8.32693
    endloop
  endfacet
  facet normal -0.972367 -0.134795 0.190613
    outer loop
      vertex 0.790151 -20.4288 8.4266
      vertex 0.760845 -20.9164 7.93229
      vertex 0.790151 -21.004 8.01984
    endloop
  endfacet
  facet normal 0.923842 0.221004 -0.312526
    outer loop
      vertex -0.712805 -20.7107 8.82533
      vertex -0.760845 -21.2713 8.28689
      vertex -0.760845 -20.6438 8.73063
    endloop
  endfacet
  facet normal 0.923849 0.220994 -0.312515
    outer loop
      vertex -0.760845 -21.2713 8.28689
      vertex -0.712805 -20.7107 8.82533
      vertex -0.712805 -21.3545 8.37007
    endloop
  endfacet
  facet normal 0.972375 0.134769 -0.190591
    outer loop
      vertex -0.760845 -20.6438 8.73063
      vertex -0.79015 -21.1837 8.19935
      vertex -0.79015 -20.5733 8.63097
    endloop
  endfacet
  facet normal 0.972365 0.134798 -0.19062
    outer loop
      vertex -0.79015 -21.1837 8.19935
      vertex -0.760845 -20.6438 8.73063
      vertex -0.760845 -21.2713 8.28689
    endloop
  endfacet
  facet normal 0.382729 0.533375 -0.754341
    outer loop
      vertex -0.363192 -21.6055 8.62082
      vertex -0.247213 -20.9403 9.15001
      vertex -0.247213 -21.64 8.65527
    endloop
  endfacet
  facet normal 0.382517 0.533453 -0.754393
    outer loop
      vertex -0.247213 -20.9403 9.15001
      vertex -0.363192 -21.6055 8.62082
      vertex -0.363192 -20.9126 9.11079
    endloop
  endfacet
  facet normal 0.233307 0.561408 -0.79397
    outer loop
      vertex -0.247213 -21.64 8.65527
      vertex -0.125147 -20.9572 9.17394
      vertex -0.125147 -21.661 8.67629
    endloop
  endfacet
  facet normal 0.233374 0.561391 -0.793963
    outer loop
      vertex -0.125147 -20.9572 9.17394
      vertex -0.247213 -21.64 8.65527
      vertex -0.247213 -20.9403 9.15001
    endloop
  endfacet
  facet normal 0.522602 0.492246 -0.696119
    outer loop
      vertex -0.470228 -21.5584 8.57377
      vertex -0.363192 -20.9126 9.11079
      vertex -0.363192 -21.6055 8.62082
    endloop
  endfacet
  facet normal 0.522622 0.492236 -0.69611
    outer loop
      vertex -0.363192 -20.9126 9.11079
      vertex -0.470228 -21.5584 8.57377
      vertex -0.470228 -20.8747 9.05723
    endloop
  endfacet
  facet normal -0.852635 0.301681 -0.426618
    outer loop
      vertex 0.712806 -21.3545 8.37007
      vertex 0.647214 -20.7725 8.91272
      vertex 0.712806 -20.7107 8.82533
    endloop
  endfacet
  facet normal -0.852735 0.301561 -0.426502
    outer loop
      vertex 0.647214 -20.7725 8.91272
      vertex 0.712806 -21.3545 8.37007
      vertex 0.647214 -21.4314 8.44684
    endloop
  endfacet
  facet normal -0.760378 0.374961 -0.530312
    outer loop
      vertex 0.647214 -21.4314 8.44684
      vertex 0.565685 -20.8276 8.99066
      vertex 0.647214 -20.7725 8.91272
    endloop
  endfacet
  facet normal -0.760363 0.374973 -0.530324
    outer loop
      vertex 0.565685 -20.8276 8.99066
      vertex 0.647214 -21.4314 8.44684
      vertex 0.565685 -21.4999 8.5153
    endloop
  endfacet
  facet normal -0.522605 0.492245 -0.696117
    outer loop
      vertex 0.363193 -20.9126 9.11079
      vertex 0.470228 -21.5584 8.57377
      vertex 0.363193 -21.6055 8.62082
    endloop
  endfacet
  facet normal -0.522626 0.492234 -0.696109
    outer loop
      vertex 0.470228 -21.5584 8.57377
      vertex 0.363193 -20.9126 9.11079
      vertex 0.470228 -20.8747 9.05723
    endloop
  endfacet
  facet normal -0.0785721 0.575549 -0.813984
    outer loop
      vertex 1.90735e-07 -20.9629 9.18198
      vertex 0.125148 -21.661 8.67629
      vertex 1.90735e-07 -21.6681 8.68335
    endloop
  endfacet
  facet normal -0.078508 0.575559 -0.813983
    outer loop
      vertex 0.125148 -21.661 8.67629
      vertex 1.90735e-07 -20.9629 9.18198
      vertex 0.125148 -20.9572 9.17394
    endloop
  endfacet
  facet normal 0.233809 -0.56132 0.793885
    outer loop
      vertex -0.247213 -20.0618 7.90756
      vertex -0.125147 -20.5267 7.5429
      vertex -0.125147 -20.0448 7.88363
    endloop
  endfacet
  facet normal 0.233249 -0.561498 0.793924
    outer loop
      vertex -0.125147 -20.5267 7.5429
      vertex -0.247213 -20.0618 7.90756
      vertex -0.247213 -20.5477 7.56391
    endloop
  endfacet
  facet normal 0.0780513 -0.575663 0.813953
    outer loop
      vertex -0.125147 -20.0448 7.88363
      vertex 1.90735e-07 -20.5196 7.53583
      vertex 1.90735e-07 -20.0392 7.87559
    endloop
  endfacet
  facet normal 0.0786369 -0.575535 0.813988
    outer loop
      vertex 1.90735e-07 -20.5196 7.53583
      vertex -0.125147 -20.0448 7.88363
      vertex -0.125147 -20.5267 7.5429
    endloop
  endfacet
  facet normal 0.522622 -0.492246 0.696103
    outer loop
      vertex -0.470228 -20.1274 8.00034
      vertex -0.363192 -20.5822 7.59837
      vertex -0.363192 -20.0895 7.94678
    endloop
  endfacet
  facet normal 0.522556 -0.492282 0.696127
    outer loop
      vertex -0.363192 -20.5822 7.59837
      vertex -0.470228 -20.1274 8.00034
      vertex -0.470228 -20.6293 7.64541
    endloop
  endfacet
  facet normal 0.972378 -0.13476 0.190578
    outer loop
      vertex -0.79015 -20.4288 8.4266
      vertex -0.760845 -20.9164 7.93229
      vertex -0.760845 -20.3583 8.32693
    endloop
  endfacet
  facet normal 0.972369 -0.13479 0.190607
    outer loop
      vertex -0.760845 -20.9164 7.93229
      vertex -0.79015 -20.4288 8.4266
      vertex -0.79015 -21.004 8.01984
    endloop
  endfacet
  facet normal -0.522626 -0.492244 0.696102
    outer loop
      vertex 0.363193 -20.5822 7.59837
      vertex 0.470228 -20.1274 8.00034
      vertex 0.363193 -20.0895 7.94678
    endloop
  endfacet
  facet normal -0.52256 -0.492281 0.696126
    outer loop
      vertex 0.470228 -20.1274 8.00034
      vertex 0.363193 -20.5822 7.59837
      vertex 0.470228 -20.6293 7.64541
    endloop
  endfacet
  facet normal -0.649234 -0.439154 0.620999
    outer loop
      vertex 0.470228 -20.6293 7.64541
      vertex 0.565685 -20.1744 8.0669
      vertex 0.470228 -20.1274 8.00034
    endloop
  endfacet
  facet normal -0.64939 -0.439042 0.620914
    outer loop
      vertex 0.565685 -20.1744 8.0669
      vertex 0.470228 -20.6293 7.64541
      vertex 0.565685 -20.6878 7.70388
    endloop
  endfacet
  facet normal -0.38252 -0.53351 0.754351
    outer loop
      vertex 0.247215 -20.5477 7.56391
      vertex 0.363193 -20.0895 7.94678
      vertex 0.247215 -20.0618 7.90756
    endloop
  endfacet
  facet normal -0.38279 -0.533396 0.754295
    outer loop
      vertex 0.363193 -20.0895 7.94678
      vertex 0.247215 -20.5477 7.56391
      vertex 0.363193 -20.5822 7.59837
    endloop
  endfacet
  facet normal -0.852652 -0.301646 0.426607
    outer loop
      vertex 0.647214 -20.7563 7.77235
      vertex 0.712806 -20.2913 8.23224
      vertex 0.647214 -20.2295 8.14484
    endloop
  endfacet
  facet normal -0.852716 -0.301566 0.426536
    outer loop
      vertex 0.712806 -20.2913 8.23224
      vertex 0.647214 -20.7563 7.77235
      vertex 0.712806 -20.8332 7.84911
    endloop
  endfacet
  facet normal -0.760378 -0.374972 0.530303
    outer loop
      vertex 0.565685 -20.6878 7.70388
      vertex 0.647214 -20.2295 8.14484
      vertex 0.565685 -20.1744 8.0669
    endloop
  endfacet
  facet normal -0.760391 -0.37496 0.530293
    outer loop
      vertex 0.647214 -20.2295 8.14484
      vertex 0.565685 -20.6878 7.70388
      vertex 0.647214 -20.7563 7.77235
    endloop
  endfacet
  facet normal -0.996916 -0.0453112 0.0640747
    outer loop
      vertex 0.790151 -21.004 8.01984
      vertex 0.8 -20.501 8.52878
      vertex 0.790151 -20.4288 8.4266
    endloop
  endfacet
  facet normal -0.996919 -0.0452803 0.0640441
    outer loop
      vertex 0.8 -20.501 8.52878
      vertex 0.790151 -21.004 8.01984
      vertex 0.8 -21.0939 8.10959
    endloop
  endfacet
  facet normal 0.760382 0.374958 -0.530308
    outer loop
      vertex -0.565685 -20.8276 8.99066
      vertex -0.647213 -21.4314 8.44684
      vertex -0.647213 -20.7725 8.91272
    endloop
  endfacet
  facet normal 0.760367 0.374971 -0.53032
    outer loop
      vertex -0.647213 -21.4314 8.44684
      vertex -0.565685 -20.8276 8.99066
      vertex -0.565685 -21.4999 8.5153
    endloop
  endfacet
  facet normal 0.852635 0.301681 -0.426618
    outer loop
      vertex -0.647213 -20.7725 8.91272
      vertex -0.712805 -21.3545 8.37007
      vertex -0.712805 -20.7107 8.82533
    endloop
  endfacet
  facet normal 0.852735 0.301561 -0.426502
    outer loop
      vertex -0.712805 -21.3545 8.37007
      vertex -0.647213 -20.7725 8.91272
      vertex -0.647213 -21.4314 8.44684
    endloop
  endfacet
  facet normal -0.972373 0.134773 -0.190597
    outer loop
      vertex 0.790151 -21.1837 8.19935
      vertex 0.760845 -20.6438 8.73063
      vertex 0.790151 -20.5733 8.63097
    endloop
  endfacet
  facet normal -0.972363 0.134802 -0.190626
    outer loop
      vertex 0.760845 -20.6438 8.73063
      vertex 0.790151 -21.1837 8.19935
      vertex 0.760845 -21.2713 8.28689
    endloop
  endfacet
  facet normal -0.382731 0.533374 -0.75434
    outer loop
      vertex 0.247215 -20.9403 9.15001
      vertex 0.363193 -21.6055 8.62082
      vertex 0.247215 -21.64 8.65527
    endloop
  endfacet
  facet normal -0.38252 0.533453 -0.754392
    outer loop
      vertex 0.363193 -21.6055 8.62082
      vertex 0.247215 -20.9403 9.15001
      vertex 0.363193 -20.9126 9.11079
    endloop
  endfacet
  facet normal 0.649234 -0.439154 0.620999
    outer loop
      vertex -0.565685 -20.1744 8.0669
      vertex -0.470228 -20.6293 7.64541
      vertex -0.470228 -20.1274 8.00034
    endloop
  endfacet
  facet normal 0.64939 -0.439042 0.620914
    outer loop
      vertex -0.470228 -20.6293 7.64541
      vertex -0.565685 -20.1744 8.0669
      vertex -0.565685 -20.6878 7.70388
    endloop
  endfacet
  facet normal 0.9239 -0.220894 0.312433
    outer loop
      vertex -0.760845 -20.3583 8.32693
      vertex -0.712805 -20.8332 7.84911
      vertex -0.712805 -20.2913 8.23224
    endloop
  endfacet
  facet normal 0.923848 -0.220988 0.312521
    outer loop
      vertex -0.712805 -20.8332 7.84911
      vertex -0.760845 -20.3583 8.32693
      vertex -0.760845 -20.9164 7.93229
    endloop
  endfacet
  facet normal 0.760382 -0.37497 0.5303
    outer loop
      vertex -0.647213 -20.2295 8.14484
      vertex -0.565685 -20.6878 7.70388
      vertex -0.565685 -20.1744 8.0669
    endloop
  endfacet
  facet normal 0.760395 -0.374957 0.530289
    outer loop
      vertex -0.565685 -20.6878 7.70388
      vertex -0.647213 -20.2295 8.14484
      vertex -0.647213 -20.7563 7.77235
    endloop
  endfacet
  facet normal 0.852652 -0.301646 0.426607
    outer loop
      vertex -0.712805 -20.2913 8.23224
      vertex -0.647213 -20.7563 7.77235
      vertex -0.647213 -20.2295 8.14484
    endloop
  endfacet
  facet normal 0.852716 -0.301566 0.426536
    outer loop
      vertex -0.647213 -20.7563 7.77235
      vertex -0.712805 -20.2913 8.23224
      vertex -0.712805 -20.8332 7.84911
    endloop
  endfacet
  facet normal -0.0780509 -0.575663 0.813953
    outer loop
      vertex 1.90735e-07 -20.5196 7.53583
      vertex 0.125148 -20.0448 7.88363
      vertex 1.90735e-07 -20.0392 7.87559
    endloop
  endfacet
  facet normal -0.0786365 -0.575535 0.813988
    outer loop
      vertex 0.125148 -20.0448 7.88363
      vertex 1.90735e-07 -20.5196 7.53583
      vertex 0.125148 -20.5267 7.5429
    endloop
  endfacet
  facet normal -0.923845 0.221 -0.31252
    outer loop
      vertex 0.760845 -21.2713 8.28689
      vertex 0.712806 -20.7107 8.82533
      vertex 0.760845 -20.6438 8.73063
    endloop
  endfacet
  facet normal -0.923851 0.22099 -0.31251
    outer loop
      vertex 0.712806 -20.7107 8.82533
      vertex 0.760845 -21.2713 8.28689
      vertex 0.712806 -21.3545 8.37007
    endloop
  endfacet
  facet normal 0.996915 -0.0453158 0.0640812
    outer loop
      vertex -0.8 -20.501 8.52878
      vertex -0.79015 -21.004 8.01984
      vertex -0.79015 -20.4288 8.4266
    endloop
  endfacet
  facet normal 0.996919 -0.0452848 0.0640506
    outer loop
      vertex -0.79015 -21.004 8.01984
      vertex -0.8 -20.501 8.52878
      vertex -0.8 -21.0939 8.10959
    endloop
  endfacet
  facet normal 0.382517 -0.533511 0.754352
    outer loop
      vertex -0.363192 -20.0895 7.94678
      vertex -0.247213 -20.5477 7.56391
      vertex -0.247213 -20.0618 7.90756
    endloop
  endfacet
  facet normal 0.382787 -0.533396 0.754296
    outer loop
      vertex -0.247213 -20.5477 7.56391
      vertex -0.363192 -20.0895 7.94678
      vertex -0.363192 -20.5822 7.59837
    endloop
  endfacet
  facet normal -0.233807 -0.561321 0.793885
    outer loop
      vertex 0.125148 -20.5267 7.5429
      vertex 0.247215 -20.0618 7.90756
      vertex 0.125148 -20.0448 7.88363
    endloop
  endfacet
  facet normal -0.233247 -0.561498 0.793924
    outer loop
      vertex 0.247215 -20.0618 7.90756
      vertex 0.125148 -20.5267 7.5429
      vertex 0.247215 -20.5477 7.56391
    endloop
  endfacet
  facet normal -0.923903 -0.22089 0.312427
    outer loop
      vertex 0.712806 -20.8332 7.84911
      vertex 0.760845 -20.3583 8.32693
      vertex 0.712806 -20.2913 8.23224
    endloop
  endfacet
  facet normal -0.923851 -0.220984 0.312515
    outer loop
      vertex 0.760845 -20.3583 8.32693
      vertex 0.712806 -20.8332 7.84911
      vertex 0.760845 -20.9164 7.93229
    endloop
  endfacet
  facet normal 0.673089 0.632837 0.382713
    outer loop
      vertex -1.54823 -20.0681 9.12889
      vertex -0.8 -20.501 8.52878
      vertex -1.56712 -19.9295 8.93293
    endloop
  endfacet
  facet normal 0.672127 0.637688 0.376297
    outer loop
      vertex -0.79015 -20.5733 8.63097
      vertex -1.54823 -20.0681 9.12889
      vertex -1.54783 -20.071 9.13309
    endloop
  endfacet
  facet normal 0.673113 0.632759 0.3828
    outer loop
      vertex -1.54823 -20.0681 9.12889
      vertex -0.79015 -20.5733 8.63097
      vertex -0.8 -20.501 8.52878
    endloop
  endfacet
  facet normal 0.6728 0.570216 0.471374
    outer loop
      vertex -1.54823 -19.7909 8.73696
      vertex -0.79015 -20.4288 8.4266
      vertex -1.54783 -19.7879 8.73276
    endloop
  endfacet
  facet normal 0.673148 0.571816 0.468934
    outer loop
      vertex -0.79015 -20.4288 8.4266
      vertex -1.54823 -19.7909 8.73696
      vertex -0.8 -20.501 8.52878
    endloop
  endfacet
  facet normal -0.673116 0.571614 0.469226
    outer loop
      vertex 0.790151 -20.4288 8.4266
      vertex 1.56712 -19.9295 8.93293
      vertex 1.54783 -19.7879 8.73276
    endloop
  endfacet
  facet normal -0.673096 0.57186 0.468953
    outer loop
      vertex 1.56712 -19.9295 8.93293
      vertex 0.790151 -20.4288 8.4266
      vertex 0.8 -20.501 8.52878
    endloop
  endfacet
  facet normal 0.0529682 0.213661 0.975471
    outer loop
      vertex 1.90735e-07 -20.0392 7.87559
      vertex 1.90735e-07 -19.0247 7.65338
      vertex -0.240009 -19.0356 7.6688
    endloop
  endfacet
  facet normal -0.517394 0.852773 0.0712841
    outer loop
      vertex 1.11147 -20.567 9.83451
      vertex 0.565685 -20.8276 8.99066
      vertex 1.10812 -20.5693 9.83771
    endloop
  endfacet
  facet normal -0.513341 0.855501 0.0678204
    outer loop
      vertex 0.565685 -20.8276 8.99066
      vertex 1.11147 -20.567 9.83451
      vertex 0.647214 -20.7725 8.91272
    endloop
  endfacet
  facet normal 0.51339 0.349111 0.783934
    outer loop
      vertex -0.565685 -20.1744 8.0669
      vertex -1.10812 -19.2897 8.02815
      vertex -1.26448 -19.3954 8.17762
    endloop
  endfacet
  facet normal -0.440697 0.307148 0.843473
    outer loop
      vertex 1.1042 -19.2878 8.02541
      vertex 0.565685 -20.1744 8.0669
      vertex 1.10812 -19.2897 8.02815
    endloop
  endfacet
  facet normal -0.438579 0.305934 0.845017
    outer loop
      vertex 0.565685 -20.1744 8.0669
      vertex 1.1042 -19.2878 8.02541
      vertex 0.470228 -20.1274 8.00034
    endloop
  endfacet
  facet normal -0.575688 0.398625 0.713919
    outer loop
      vertex 1.39632 -19.5187 8.35202
      vertex 1.27053 -19.4002 8.18442
      vertex 0.712806 -20.2913 8.23224
    endloop
  endfacet
  facet normal 0.352683 0.934699 -0.0441898
    outer loop
      vertex -0.715857 -20.7341 10.0708
      vertex -0.470228 -20.8747 9.05723
      vertex -0.921132 -20.6615 9.96811
    endloop
  endfacet
  facet normal 0.623804 0.45313 0.636821
    outer loop
      vertex -0.760845 -20.3583 8.32693
      vertex -1.39829 -19.5215 8.35592
      vertex -1.49042 -19.6499 8.53753
    endloop
  endfacet
  facet normal 0.673085 0.571673 0.469197
    outer loop
      vertex -0.8 -20.501 8.52878
      vertex -1.54823 -19.7909 8.73696
      vertex -1.56712 -19.9295 8.93293
    endloop
  endfacet
  facet normal 0.575709 0.398656 0.713886
    outer loop
      vertex -1.39632 -19.5187 8.35202
      vertex -0.647213 -20.2295 8.14484
      vertex -1.26783 -19.3977 8.18083
    endloop
  endfacet
  facet normal 0.575692 0.39863 0.713914
    outer loop
      vertex -0.647213 -20.2295 8.14484
      vertex -1.39632 -19.5187 8.35202
      vertex -0.712805 -20.2913 8.23224
    endloop
  endfacet
  facet normal 0.352763 0.269884 0.895947
    outer loop
      vertex -0.916733 -19.1959 7.89555
      vertex -0.470228 -20.1274 8.00034
      vertex -0.363192 -20.0895 7.94678
    endloop
  endfacet
  facet normal 0.350746 0.269035 0.896994
    outer loop
      vertex -0.470228 -20.1274 8.00034
      vertex -0.916733 -19.1959 7.89555
      vertex -0.921132 -19.1975 7.89775
    endloop
  endfacet
  facet normal 0.438579 0.305934 0.845017
    outer loop
      vertex -1.1042 -19.2878 8.02541
      vertex -0.565685 -20.1744 8.0669
      vertex -0.470228 -20.1274 8.00034
    endloop
  endfacet
  facet normal 0.440697 0.307148 0.843473
    outer loop
      vertex -0.565685 -20.1744 8.0669
      vertex -1.1042 -19.2878 8.02541
      vertex -1.10812 -19.2897 8.02815
    endloop
  endfacet
  facet normal -0.623796 0.453139 0.636823
    outer loop
      vertex 1.48845 -19.6471 8.53363
      vertex 1.39632 -19.5187 8.35202
      vertex 0.712806 -20.2913 8.23224
    endloop
  endfacet
  facet normal -0.57699 0.399681 0.712277
    outer loop
      vertex 0.647214 -20.2295 8.14484
      vertex 1.27053 -19.4002 8.18442
      vertex 1.26783 -19.3977 8.18083
    endloop
  endfacet
  facet normal -0.575693 0.398628 0.713914
    outer loop
      vertex 1.27053 -19.4002 8.18442
      vertex 0.647214 -20.2295 8.14484
      vertex 0.712806 -20.2913 8.23224
    endloop
  endfacet
  facet normal -0.352684 0.934698 -0.0441891
    outer loop
      vertex 0.715858 -20.7341 10.0708
      vertex 0.921132 -20.6615 9.96811
      vertex 0.470228 -20.8747 9.05723
    endloop
  endfacet
  facet normal -0.438567 0.898673 0.00675661
    outer loop
      vertex 0.921132 -20.6615 9.96811
      vertex 1.1042 -20.5712 9.84044
      vertex 0.470228 -20.8747 9.05723
    endloop
  endfacet
  facet normal -0.343877 0.937785 -0.0480425
    outer loop
      vertex 0.715858 -20.7341 10.0708
      vertex 0.363193 -20.9126 9.11079
      vertex 0.71146 -20.7356 10.073
    endloop
  endfacet
  facet normal -0.352994 0.934586 -0.0440984
    outer loop
      vertex 0.363193 -20.9126 9.11079
      vertex 0.715858 -20.7341 10.0708
      vertex 0.470228 -20.8747 9.05723
    endloop
  endfacet
  facet normal -0.258428 0.962424 -0.0833999
    outer loop
      vertex 0.484269 -20.79 10.1499
      vertex 0.706694 -20.7368 10.0746
      vertex 0.247215 -20.9403 9.15001
    endloop
  endfacet
  facet normal -0.268393 0.960027 -0.079455
    outer loop
      vertex 0.363193 -20.9126 9.11079
      vertex 0.706694 -20.7368 10.0746
      vertex 0.71146 -20.7356 10.073
    endloop
  endfacet
  facet normal -0.258136 0.962488 -0.0835594
    outer loop
      vertex 0.706694 -20.7368 10.0746
      vertex 0.363193 -20.9126 9.11079
      vertex 0.247215 -20.9403 9.15001
    endloop
  endfacet
  facet normal -0.673097 0.632967 0.382482
    outer loop
      vertex 1.54783 -20.071 9.13309
      vertex 1.56672 -19.9325 8.93713
      vertex 0.790151 -20.5733 8.63097
    endloop
  endfacet
  facet normal 0.157385 0.981369 -0.110203
    outer loop
      vertex -0.250168 -20.8224 10.1957
      vertex -0.247213 -20.9403 9.15001
      vertex -0.484267 -20.79 10.1499
    endloop
  endfacet
  facet normal 0.620826 0.755335 0.209866
    outer loop
      vertex -0.712805 -20.7107 8.82533
      vertex -1.39829 -20.3375 9.50994
      vertex -1.39632 -20.3402 9.51383
    endloop
  endfacet
  facet normal 0.623622 0.751676 0.21466
    outer loop
      vertex -1.39829 -20.3375 9.50994
      vertex -0.712805 -20.7107 8.82533
      vertex -0.760845 -20.6438 8.73063
    endloop
  endfacet
  facet normal 0.516629 0.853147 0.0723539
    outer loop
      vertex -0.565685 -20.8276 8.99066
      vertex -1.26783 -20.4613 9.68503
      vertex -1.26448 -20.4636 9.68823
    endloop
  endfacet
  facet normal 0.513355 0.855493 0.0678065
    outer loop
      vertex -1.26783 -20.4613 9.68503
      vertex -0.565685 -20.8276 8.99066
      vertex -0.647213 -20.7725 8.91272
    endloop
  endfacet
  facet normal 0.656568 0.693215 0.297272
    outer loop
      vertex -1.49163 -20.2062 9.32424
      vertex -0.79015 -20.5733 8.63097
      vertex -1.54783 -20.071 9.13309
    endloop
  endfacet
  facet normal 0.656054 0.51038 0.555972
    outer loop
      vertex -1.49163 -19.6528 8.54162
      vertex -0.760845 -20.3583 8.32693
      vertex -1.49042 -19.6499 8.53753
    endloop
  endfacet
  facet normal 0.656501 0.511246 0.554647
    outer loop
      vertex -0.760845 -20.3583 8.32693
      vertex -1.49163 -19.6528 8.54162
      vertex -0.79015 -20.4288 8.4266
    endloop
  endfacet
  facet normal 0.656577 0.51134 0.554471
    outer loop
      vertex -0.79015 -20.4288 8.4266
      vertex -1.49163 -19.6528 8.54162
      vertex -1.54783 -19.7879 8.73276
    endloop
  endfacet
  facet normal 0.622649 0.451804 0.63889
    outer loop
      vertex -1.39829 -19.5215 8.35592
      vertex -0.712805 -20.2913 8.23224
      vertex -1.39632 -19.5187 8.35202
    endloop
  endfacet
  facet normal 0.623698 0.453043 0.636987
    outer loop
      vertex -0.712805 -20.2913 8.23224
      vertex -1.39829 -19.5215 8.35592
      vertex -0.760845 -20.3583 8.32693
    endloop
  endfacet
  facet normal 0.258359 0.242128 0.935214
    outer loop
      vertex -0.363192 -20.0895 7.94678
      vertex -0.489033 -19.0701 7.71762
      vertex -0.711458 -19.1233 7.79284
    endloop
  endfacet
  facet normal 0.352814 0.269914 0.895918
    outer loop
      vertex -0.363192 -20.0895 7.94678
      vertex -0.711458 -19.1233 7.79284
      vertex -0.916733 -19.1959 7.89555
    endloop
  endfacet
  facet normal 0.438464 0.305845 0.845108
    outer loop
      vertex -0.470228 -20.1274 8.00034
      vertex -0.921132 -19.1975 7.89775
      vertex -1.1042 -19.2878 8.02541
    endloop
  endfacet
  facet normal 0.261523 0.242695 0.934187
    outer loop
      vertex -0.489033 -19.0701 7.71762
      vertex -0.247213 -20.0618 7.90756
      vertex -0.484267 -19.069 7.716
    endloop
  endfacet
  facet normal 0.25842 0.242132 0.935196
    outer loop
      vertex -0.247213 -20.0618 7.90756
      vertex -0.489033 -19.0701 7.71762
      vertex -0.363192 -20.0895 7.94678
    endloop
  endfacet
  facet normal -0.513402 0.349138 0.783914
    outer loop
      vertex 1.26783 -19.3977 8.18083
      vertex 1.11147 -19.292 8.03135
      vertex 0.647214 -20.2295 8.14484
    endloop
  endfacet
  facet normal -0.62308 0.451357 0.638787
    outer loop
      vertex 0.712806 -20.2913 8.23224
      vertex 1.49042 -19.6499 8.53753
      vertex 1.48845 -19.6471 8.53363
    endloop
  endfacet
  facet normal -0.623733 0.453011 0.636976
    outer loop
      vertex 1.49042 -19.6499 8.53753
      vertex 0.712806 -20.2913 8.23224
      vertex 0.760845 -20.3583 8.32693
    endloop
  endfacet
  facet normal -0.352772 0.2699 0.895939
    outer loop
      vertex 0.71146 -19.1233 7.79284
      vertex 0.470228 -20.1274 8.00034
      vertex 0.921132 -19.1975 7.89775
    endloop
  endfacet
  facet normal -0.352759 0.269899 0.895944
    outer loop
      vertex 0.470228 -20.1274 8.00034
      vertex 0.71146 -19.1233 7.79284
      vertex 0.363193 -20.0895 7.94678
    endloop
  endfacet
  facet normal -0.438464 0.305845 0.845108
    outer loop
      vertex 1.1042 -19.2878 8.02541
      vertex 0.921132 -19.1975 7.89775
      vertex 0.470228 -20.1274 8.00034
    endloop
  endfacet
  facet normal -0.261523 0.242695 0.934187
    outer loop
      vertex 0.247215 -20.0618 7.90756
      vertex 0.489035 -19.0701 7.71762
      vertex 0.484269 -19.069 7.716
    endloop
  endfacet
  facet normal -0.258422 0.242132 0.935195
    outer loop
      vertex 0.489035 -19.0701 7.71762
      vertex 0.247215 -20.0618 7.90756
      vertex 0.363193 -20.0895 7.94678
    endloop
  endfacet
  facet normal -0.157576 0.223231 0.961945
    outer loop
      vertex 0.484269 -19.069 7.716
      vertex 0.250169 -19.0365 7.67011
      vertex 0.247215 -20.0618 7.90756
    endloop
  endfacet
  facet normal -0.434243 0.900789 0.00339404
    outer loop
      vertex 0.565685 -20.8276 8.99066
      vertex 1.1042 -20.5712 9.84044
      vertex 1.10812 -20.5693 9.83771
    endloop
  endfacet
  facet normal -0.438639 0.898637 0.00682916
    outer loop
      vertex 1.1042 -20.5712 9.84044
      vertex 0.565685 -20.8276 8.99066
      vertex 0.470228 -20.8747 9.05723
    endloop
  endfacet
  facet normal -0.621929 0.754704 0.208869
    outer loop
      vertex 1.49042 -20.2091 9.32833
      vertex 0.712806 -20.7107 8.82533
      vertex 1.48845 -20.2118 9.33222
    endloop
  endfacet
  facet normal -0.623674 0.751645 0.214618
    outer loop
      vertex 0.712806 -20.7107 8.82533
      vertex 1.49042 -20.2091 9.32833
      vertex 0.760845 -20.6438 8.73063
    endloop
  endfacet
  facet normal -0.513411 0.855455 0.067866
    outer loop
      vertex 1.11147 -20.567 9.83451
      vertex 1.26783 -20.4613 9.68503
      vertex 0.647214 -20.7725 8.91272
    endloop
  endfacet
  facet normal -0.623779 0.751486 0.214867
    outer loop
      vertex 1.39632 -20.3402 9.51383
      vertex 1.48845 -20.2118 9.33222
      vertex 0.712806 -20.7107 8.82533
    endloop
  endfacet
  facet normal 0.258428 0.962424 -0.0833999
    outer loop
      vertex -0.484267 -20.79 10.1499
      vertex -0.247213 -20.9403 9.15001
      vertex -0.706692 -20.7368 10.0746
    endloop
  endfacet
  facet normal 0.343818 0.937805 -0.0480678
    outer loop
      vertex -0.363192 -20.9126 9.11079
      vertex -0.715857 -20.7341 10.0708
      vertex -0.711458 -20.7356 10.073
    endloop
  endfacet
  facet normal 0.352992 0.934587 -0.0440995
    outer loop
      vertex -0.715857 -20.7341 10.0708
      vertex -0.363192 -20.9126 9.11079
      vertex -0.470228 -20.8747 9.05723
    endloop
  endfacet
  facet normal 0.0530745 0.990909 -0.123624
    outer loop
      vertex -0.125147 -20.9572 9.17394
      vertex -0.240009 -20.8234 10.1971
      vertex 1.90735e-07 -20.9629 9.18198
    endloop
  endfacet
  facet normal 0.0672608 0.990255 -0.121946
    outer loop
      vertex -0.240009 -20.8234 10.1971
      vertex -0.125147 -20.9572 9.17394
      vertex -0.245151 -20.8231 10.1967
    endloop
  endfacet
  facet normal 0.0529366 0.990912 -0.123657
    outer loop
      vertex 1.90735e-07 -20.8343 10.2125
      vertex 1.90735e-07 -20.9629 9.18198
      vertex -0.240009 -20.8234 10.1971
    endloop
  endfacet
  facet normal 0.513388 0.855466 0.0678979
    outer loop
      vertex -1.10812 -20.5693 9.83771
      vertex -0.565685 -20.8276 8.99066
      vertex -1.26448 -20.4636 9.68823
    endloop
  endfacet
  facet normal 0.623782 0.751485 0.214865
    outer loop
      vertex -1.39829 -20.3375 9.50994
      vertex -0.760845 -20.6438 8.73063
      vertex -1.49042 -20.2091 9.32833
    endloop
  endfacet
  facet normal 0.656573 0.693209 0.297275
    outer loop
      vertex -0.760845 -20.6438 8.73063
      vertex -1.49163 -20.2062 9.32424
      vertex -1.49042 -20.2091 9.32833
    endloop
  endfacet
  facet normal 0.656582 0.693191 0.297299
    outer loop
      vertex -1.49163 -20.2062 9.32424
      vertex -0.760845 -20.6438 8.73063
      vertex -0.79015 -20.5733 8.63097
    endloop
  endfacet
  facet normal 0.513426 0.349149 0.783894
    outer loop
      vertex -1.26448 -19.3954 8.17762
      vertex -0.647213 -20.2295 8.14484
      vertex -0.565685 -20.1744 8.0669
    endloop
  endfacet
  facet normal 0.512622 0.348522 0.784699
    outer loop
      vertex -0.647213 -20.2295 8.14484
      vertex -1.26448 -19.3954 8.17762
      vertex -1.26783 -19.3977 8.18083
    endloop
  endfacet
  facet normal 0.157577 0.223232 0.961944
    outer loop
      vertex -0.247213 -20.0618 7.90756
      vertex -0.250168 -19.0365 7.67011
      vertex -0.484267 -19.069 7.716
    endloop
  endfacet
  facet normal -0.511512 0.348034 0.785639
    outer loop
      vertex 0.565685 -20.1744 8.0669
      vertex 1.11147 -19.292 8.03135
      vertex 1.10812 -19.2897 8.02815
    endloop
  endfacet
  facet normal -0.513424 0.349146 0.783896
    outer loop
      vertex 1.11147 -19.292 8.03135
      vertex 0.565685 -20.1744 8.0669
      vertex 0.647214 -20.2295 8.14484
    endloop
  endfacet
  facet normal -0.656577 0.51134 0.554471
    outer loop
      vertex 1.54783 -19.7879 8.73276
      vertex 1.49163 -19.6528 8.54162
      vertex 0.790151 -20.4288 8.4266
    endloop
  endfacet
  facet normal -0.258359 0.242129 0.935214
    outer loop
      vertex 0.71146 -19.1233 7.79284
      vertex 0.489035 -19.0701 7.71762
      vertex 0.363193 -20.0895 7.94678
    endloop
  endfacet
  facet normal -0.156821 0.223177 0.962081
    outer loop
      vertex 0.125148 -20.0448 7.88363
      vertex 0.250169 -19.0365 7.67011
      vertex 0.245153 -19.0358 7.66913
    endloop
  endfacet
  facet normal -0.157493 0.223234 0.961958
    outer loop
      vertex 0.250169 -19.0365 7.67011
      vertex 0.125148 -20.0448 7.88363
      vertex 0.247215 -20.0618 7.90756
    endloop
  endfacet
  facet normal -0.0529948 0.213674 0.975467
    outer loop
      vertex 1.90735e-07 -19.0247 7.65338
      vertex 0.125148 -20.0448 7.88363
      vertex 0.245153 -19.0358 7.66913
    endloop
  endfacet
  facet normal -0.0531071 0.21366 0.975464
    outer loop
      vertex 0.125148 -20.0448 7.88363
      vertex 1.90735e-07 -19.0247 7.65338
      vertex 1.90735e-07 -20.0392 7.87559
    endloop
  endfacet
  facet normal -0.157384 0.981369 -0.110203
    outer loop
      vertex 0.250169 -20.8224 10.1957
      vertex 0.484269 -20.79 10.1499
      vertex 0.247215 -20.9403 9.15001
    endloop
  endfacet
  facet normal -0.57584 0.805825 0.138034
    outer loop
      vertex 1.27053 -20.4588 9.68144
      vertex 1.39632 -20.3402 9.51383
      vertex 0.712806 -20.7107 8.82533
    endloop
  endfacet
  facet normal -0.571941 0.809363 0.133472
    outer loop
      vertex 1.27053 -20.4588 9.68144
      vertex 0.647214 -20.7725 8.91272
      vertex 1.26783 -20.4613 9.68503
    endloop
  endfacet
  facet normal -0.575673 0.805971 0.137882
    outer loop
      vertex 0.647214 -20.7725 8.91272
      vertex 1.27053 -20.4588 9.68144
      vertex 0.712806 -20.7107 8.82533
    endloop
  endfacet
  facet normal -0.656568 0.693215 0.297272
    outer loop
      vertex 1.49163 -20.2062 9.32424
      vertex 1.54783 -20.071 9.13309
      vertex 0.790151 -20.5733 8.63097
    endloop
  endfacet
  facet normal -0.656573 0.693209 0.297275
    outer loop
      vertex 1.49163 -20.2062 9.32424
      vertex 0.760845 -20.6438 8.73063
      vertex 1.49042 -20.2091 9.32833
    endloop
  endfacet
  facet normal -0.65658 0.693194 0.297295
    outer loop
      vertex 0.760845 -20.6438 8.73063
      vertex 1.49163 -20.2062 9.32424
      vertex 0.790151 -20.5733 8.63097
    endloop
  endfacet
  facet normal 0.258134 0.962489 -0.0835604
    outer loop
      vertex -0.363192 -20.9126 9.11079
      vertex -0.706692 -20.7368 10.0746
      vertex -0.247213 -20.9403 9.15001
    endloop
  endfacet
  facet normal 0.268393 0.960027 -0.0794553
    outer loop
      vertex -0.706692 -20.7368 10.0746
      vertex -0.363192 -20.9126 9.11079
      vertex -0.711458 -20.7356 10.073
    endloop
  endfacet
  facet normal 0.158824 0.981159 -0.11001
    outer loop
      vertex -0.125147 -20.9572 9.17394
      vertex -0.250168 -20.8224 10.1957
      vertex -0.245151 -20.8231 10.1967
    endloop
  endfacet
  facet normal 0.157472 0.981355 -0.110201
    outer loop
      vertex -0.250168 -20.8224 10.1957
      vertex -0.125147 -20.9572 9.17394
      vertex -0.247213 -20.9403 9.15001
    endloop
  endfacet
  facet normal 0.438639 0.898637 0.00682916
    outer loop
      vertex -0.565685 -20.8276 8.99066
      vertex -1.1042 -20.5712 9.84044
      vertex -0.470228 -20.8747 9.05723
    endloop
  endfacet
  facet normal 0.434243 0.900789 0.00339404
    outer loop
      vertex -1.1042 -20.5712 9.84044
      vertex -0.565685 -20.8276 8.99066
      vertex -1.10812 -20.5693 9.83771
    endloop
  endfacet
  facet normal 0.438567 0.898673 0.00675661
    outer loop
      vertex -0.921132 -20.6615 9.96811
      vertex -0.470228 -20.8747 9.05723
      vertex -1.1042 -20.5712 9.84044
    endloop
  endfacet
  facet normal 0.57576 0.805899 0.137938
    outer loop
      vertex -0.647213 -20.7725 8.91272
      vertex -1.39632 -20.3402 9.51383
      vertex -1.26783 -20.4613 9.68503
    endloop
  endfacet
  facet normal 0.575711 0.805951 0.137839
    outer loop
      vertex -1.39632 -20.3402 9.51383
      vertex -0.647213 -20.7725 8.91272
      vertex -0.712805 -20.7107 8.82533
    endloop
  endfacet
  facet normal 0.156791 0.223174 0.962086
    outer loop
      vertex -0.250168 -19.0365 7.67011
      vertex -0.125147 -20.0448 7.88363
      vertex -0.245151 -19.0358 7.66913
    endloop
  endfacet
  facet normal 0.157494 0.223234 0.961957
    outer loop
      vertex -0.125147 -20.0448 7.88363
      vertex -0.250168 -19.0365 7.67011
      vertex -0.247213 -20.0618 7.90756
    endloop
  endfacet
  facet normal 0.0531055 0.213691 0.975457
    outer loop
      vertex -0.240009 -19.0356 7.6688
      vertex -0.125147 -20.0448 7.88363
      vertex 1.90735e-07 -20.0392 7.87559
    endloop
  endfacet
  facet normal 0.0542804 0.213806 0.975367
    outer loop
      vertex -0.125147 -20.0448 7.88363
      vertex -0.240009 -19.0356 7.6688
      vertex -0.245151 -19.0358 7.66913
    endloop
  endfacet
  facet normal -0.656054 0.51038 0.555972
    outer loop
      vertex 0.760845 -20.3583 8.32693
      vertex 1.49163 -19.6528 8.54162
      vertex 1.49042 -19.6499 8.53753
    endloop
  endfacet
  facet normal -0.6565 0.511244 0.554651
    outer loop
      vertex 1.49163 -19.6528 8.54162
      vertex 0.760845 -20.3583 8.32693
      vertex 0.790151 -20.4288 8.4266
    endloop
  endfacet
  facet normal -0.158854 0.981154 -0.110006
    outer loop
      vertex 0.250169 -20.8224 10.1957
      vertex 0.125148 -20.9572 9.17394
      vertex 0.245153 -20.8231 10.1967
    endloop
  endfacet
  facet normal -0.157471 0.981355 -0.110202
    outer loop
      vertex 0.125148 -20.9572 9.17394
      vertex 0.250169 -20.8224 10.1957
      vertex 0.247215 -20.9403 9.15001
    endloop
  endfacet
  facet normal -0.0532394 0.990896 -0.123655
    outer loop
      vertex 0.245153 -20.8231 10.1967
      vertex 1.90735e-07 -20.9629 9.18198
      vertex 1.90735e-07 -20.8343 10.2125
    endloop
  endfacet
  facet normal -0.0530783 0.9909 -0.123695
    outer loop
      vertex 1.90735e-07 -20.9629 9.18198
      vertex 0.245153 -20.8231 10.1967
      vertex 0.125148 -20.9572 9.17394
    endloop
  endfacet
  facet normal -0.673234 0.630525 0.386257
    outer loop
      vertex 0.8 -20.501 8.52878
      vertex 1.56672 -19.9325 8.93713
      vertex 1.56712 -19.9295 8.93293
    endloop
  endfacet
  facet normal -0.673078 0.63278 0.382825
    outer loop
      vertex 1.56672 -19.9325 8.93713
      vertex 0.8 -20.501 8.52878
      vertex 0.790151 -20.5733 8.63097
    endloop
  endfacet
  facet normal -0.284439 0.958694 0.000472108
    outer loop
      vertex -0.465494 35.7003 0.277978
      vertex -0.716736 35.6258 0.1927
      vertex -0.419884 35.7138 0.343393
    endloop
  endfacet
  facet normal -0.284296 0.958737 1.44203e-05
    outer loop
      vertex -0.437842 35.7085 0.258149
      vertex -0.716736 35.6258 0.1927
      vertex -0.465494 35.7003 0.277978
    endloop
  endfacet
  facet normal -0.28305 0.959105 0
    outer loop
      vertex -0.415817 35.715 0
      vertex -0.437842 35.7085 0.258149
      vertex -0.415817 35.715 0.242354
    endloop
  endfacet
  facet normal -0.284269 0.958745 -0.000113012
    outer loop
      vertex -0.437842 35.7085 0.258149
      vertex -0.415817 35.715 0
      vertex -0.716736 35.6258 0.1927
    endloop
  endfacet
  facet normal -0.284202 0.958764 0
    outer loop
      vertex -0.716736 35.6258 0.1927
      vertex -0.415817 35.715 0
      vertex -0.716736 35.6258 0
    endloop
  endfacet
  facet normal -0.999659 -0.0261307 0
    outer loop
      vertex -31.2249 -17.0884 0
      vertex -31.2331 -16.7747 0.0316742
      vertex -31.2331 -16.7747 0
    endloop
  endfacet
  facet normal -0.999659 -0.0261307 0
    outer loop
      vertex -31.2331 -16.7747 0.0316742
      vertex -31.2249 -17.0884 0
      vertex -31.2249 -17.0884 0.147624
    endloop
  endfacet
  facet normal -0.983559 -0.180588 0
    outer loop
      vertex -31.2249 -17.0884 0
      vertex -31.2193 -17.1189 0.161877
      vertex -31.2249 -17.0884 0.147624
    endloop
  endfacet
  facet normal -0.983274 -0.182131 -0.000300577
    outer loop
      vertex -31.2249 -17.0884 0
      vertex -31.1972 -17.238 0.0335533
      vertex -31.2193 -17.1189 0.161877
    endloop
  endfacet
  facet normal -0.983275 -0.182128 -0.000284931
    outer loop
      vertex -31.1972 -17.238 0.0335533
      vertex -31.2249 -17.0884 0
      vertex -31.1908 -17.2725 0
    endloop
  endfacet
  facet normal -0.983175 -0.182666 -0
    outer loop
      vertex -31.1677 -17.397 0.155284
      vertex -31.1881 -17.2872 0
      vertex -31.1677 -17.397 0
    endloop
  endfacet
  facet normal -0.566182 0.824281 0
    outer loop
      vertex -1 35.4907 0
      vertex -1.1814 35.3661 0
      vertex -1 35.4907 0.0670023
    endloop
  endfacet
  facet normal -0.430485 0.902598 0
    outer loop
      vertex -0.716736 35.6258 0
      vertex -1 35.4907 0.0670023
      vertex -0.716736 35.6258 0.1927
    endloop
  endfacet
  facet normal -0.430485 0.902598 0
    outer loop
      vertex -1 35.4907 0.0670023
      vertex -0.716736 35.6258 0
      vertex -1 35.4907 0
    endloop
  endfacet
  facet normal -0.94269 -0.33367 0
    outer loop
      vertex -31.063 -17.6928 0.104155
      vertex -31.1677 -17.397 0.155284
      vertex -31.1677 -17.397 0
    endloop
  endfacet
  facet normal -0.94269 -0.33367 -0
    outer loop
      vertex -31.063 -17.6928 0.104155
      vertex -31.1677 -17.397 0
      vertex -31.063 -17.6928 0
    endloop
  endfacet
  facet normal -0.94272 -0.333585 -0.000555469
    outer loop
      vertex -31.1677 -17.397 0.155284
      vertex -31.063 -17.6928 0.104155
      vertex -31.1414 -17.4715 0.260657
    endloop
  endfacet
  facet normal -0.991538 0.129814 0
    outer loop
      vertex -31.2179 -16.6586 0
      vertex -31.2331 -16.7747 0
      vertex -31.2331 -16.7747 0.0316742
    endloop
  endfacet
  facet normal 0 0 -1
    outer loop
      vertex -30.983 -17.8401 0
      vertex 18.5478 -17.2872 0
      vertex 29.6 -17.8401 0
    endloop
  endfacet
  facet normal 0 0 -1
    outer loop
      vertex -31.1881 -17.2872 0
      vertex -30.983 -17.8401 0
      vertex -31.063 -17.6928 0
    endloop
  endfacet
  facet normal 0 0 -1
    outer loop
      vertex -31.1881 -17.2872 0
      vertex -31.063 -17.6928 0
      vertex -31.1677 -17.397 0
    endloop
  endfacet
  facet normal 0 0 -1
    outer loop
      vertex -30.983 -17.8401 0
      vertex -31.1881 -17.2872 0
      vertex 18.5478 -17.2872 0
    endloop
  endfacet
  facet normal 0 0 -1
    outer loop
      vertex 18.5472 -17.2855 0
      vertex 29.6 -17.8401 0
      vertex 18.5478 -17.2872 0
    endloop
  endfacet
  facet normal 0 0 -1
    outer loop
      vertex 18.4657 -17.1202 0
      vertex 29.6 -17.8401 0
      vertex 18.5472 -17.2855 0
    endloop
  endfacet
  facet normal 0 0 -1
    outer loop
      vertex 18.3702 -16.979 0
      vertex 29.6 -17.8401 0
      vertex 18.4657 -17.1202 0
    endloop
  endfacet
  facet normal 0 0 -1
    outer loop
      vertex 18.2632 -16.8653 0
      vertex 29.6 -17.8401 0
      vertex 18.3702 -16.979 0
    endloop
  endfacet
  facet normal 0 0 -1
    outer loop
      vertex 18.1472 -16.7821 0
      vertex 29.6 -17.8401 0
      vertex 18.2632 -16.8653 0
    endloop
  endfacet
  facet normal 0 0 -1
    outer loop
      vertex 17.657 2.84578 0
      vertex 18.1472 -16.7821 0
      vertex 18.0252 -16.7314 0
    endloop
  endfacet
  facet normal 0 0 -1
    outer loop
      vertex 16.428 2.34652 0
      vertex 18.0252 -16.7314 0
      vertex 17.9 -16.7143 0
    endloop
  endfacet
  facet normal 0 0 -1
    outer loop
      vertex 18.1472 -16.7821 0
      vertex 17.657 2.84578 0
      vertex 29.6 -17.8401 0
    endloop
  endfacet
  facet normal 0 0 -1
    outer loop
      vertex 18.0252 -16.7314 0
      vertex 16.428 2.34652 0
      vertex 17.657 2.84578 0
    endloop
  endfacet
  facet normal 0 0 -1
    outer loop
      vertex 17.9 -16.7143 0
      vertex 14.8194 1.86849 0
      vertex 16.428 2.34652 0
    endloop
  endfacet
  facet normal 0 0 -1
    outer loop
      vertex 17.9 -16.7143 0
      vertex 14.6575 1.83843 0
      vertex 14.8194 1.86849 0
    endloop
  endfacet
  facet normal 0 0 -1
    outer loop
      vertex 5.73663 -13.613 0
      vertex 14.6575 1.83843 0
      vertex 17.9 -16.7143 0
    endloop
  endfacet
  facet normal 0 0 -1
    outer loop
      vertex 6.18187 -15.4003 0
      vertex 17.9 -16.7143 0
      vertex 6.364 -16.7143 0
    endloop
  endfacet
  facet normal 0 0 -1
    outer loop
      vertex 5.79155 -13.7682 0
      vertex 17.9 -16.7143 0
      vertex 6.18187 -15.4003 0
    endloop
  endfacet
  facet normal 0 0 -1
    outer loop
      vertex 5.73663 -13.613 0
      vertex 17.9 -16.7143 0
      vertex 5.79155 -13.7682 0
    endloop
  endfacet
  facet normal -0 0 -1
    outer loop
      vertex 14.6575 1.83843 0
      vertex 5.73663 -13.613 0
      vertex 8.92085 11.7745 0
    endloop
  endfacet
  facet normal 0 0 -1
    outer loop
      vertex 10.2462 13.0538 0
      vertex 5.52499 23.859 0
      vertex 11.293 13.8685 0
    endloop
  endfacet
  facet normal 0 0 -1
    outer loop
      vertex 9.02783 11.8997 0
      vertex 5.52499 23.859 0
      vertex 10.2462 13.0538 0
    endloop
  endfacet
  facet normal 0 0 -1
    outer loop
      vertex 8.92085 11.7745 0
      vertex 5.52499 23.859 0
      vertex 9.02783 11.8997 0
    endloop
  endfacet
  facet normal 0 0 -1
    outer loop
      vertex -5.73661 -13.613 0
      vertex 8.92085 11.7745 0
      vertex 5.73663 -13.613 0
    endloop
  endfacet
  facet normal 0 0 -1
    outer loop
      vertex 8.92085 11.7745 0
      vertex -2.15747 23.489 0
      vertex 5.52499 23.859 0
    endloop
  endfacet
  facet normal -0 0 -1
    outer loop
      vertex 5.52499 23.859 0
      vertex -2.15747 23.489 0
      vertex 5.47721 23.9759 0
    endloop
  endfacet
  facet normal -0 0 -1
    outer loop
      vertex 5.47721 23.9759 0
      vertex -2.15747 23.489 0
      vertex 5.46014 24.107 0
    endloop
  endfacet
  facet normal -0 0 -1
    outer loop
      vertex 5.46014 24.107 0
      vertex -2.15747 23.489 0
      vertex 2.44056 31.4531 0
    endloop
  endfacet
  facet normal 0 0 -1
    outer loop
      vertex -23.425 -7.14472 0
      vertex 8.92085 11.7745 0
      vertex -5.73661 -13.613 0
    endloop
  endfacet
  facet normal 0 0 -1
    outer loop
      vertex 8.92085 11.7745 0
      vertex -2.31938 23.5191 0
      vertex -2.15747 23.489 0
    endloop
  endfacet
  facet normal 0 0 -1
    outer loop
      vertex 8.92085 11.7745 0
      vertex -3.92803 23.9971 0
      vertex -2.31938 23.5191 0
    endloop
  endfacet
  facet normal -0 0 -1
    outer loop
      vertex 8.92085 11.7745 0
      vertex -23.425 -7.14472 0
      vertex -3.92803 23.9971 0
    endloop
  endfacet
  facet normal 0 0 -1
    outer loop
      vertex -23.425 -7.14472 0
      vertex -5.73661 -13.613 0
      vertex -5.79153 -13.7682 0
    endloop
  endfacet
  facet normal 0 0 -1
    outer loop
      vertex -23.425 -7.14472 0
      vertex -5.79153 -13.7682 0
      vertex -6.18187 -15.4003 0
    endloop
  endfacet
  facet normal 0 0 -1
    outer loop
      vertex -23.5024 -7.24456 0
      vertex -6.18187 -15.4003 0
      vertex -6.36398 -16.7143 0
    endloop
  endfacet
  facet normal -0 0 -1
    outer loop
      vertex -3.92803 23.9971 0
      vertex -23.425 -7.14472 0
      vertex -5.157 24.4964 0
    endloop
  endfacet
  facet normal 0 0 -1
    outer loop
      vertex -6.18187 -15.4003 0
      vertex -23.5024 -7.24456 0
      vertex -23.425 -7.14472 0
    endloop
  endfacet
  facet normal 0 0 -1
    outer loop
      vertex -6.36398 -16.7143 0
      vertex -23.6074 -7.32489 0
      vertex -23.5024 -7.24456 0
    endloop
  endfacet
  facet normal 0 0 -1
    outer loop
      vertex -28.6527 -12.2157 0
      vertex -23.6074 -7.32489 0
      vertex -6.36398 -16.7143 0
    endloop
  endfacet
  facet normal 0 0 -1
    outer loop
      vertex -23.6074 -7.32489 0
      vertex -28.6527 -12.2157 0
      vertex -23.7374 -7.38373 0
    endloop
  endfacet
  facet normal 0 0 -1
    outer loop
      vertex -23.7374 -7.38373 0
      vertex -28.6527 -12.2157 0
      vertex -23.8893 -7.41962 0
    endloop
  endfacet
  facet normal 0 0 -1
    outer loop
      vertex -23.8893 -7.41962 0
      vertex -28.6527 -12.2157 0
      vertex -24.0593 -7.43167 0
    endloop
  endfacet
  facet normal -0 0 -1
    outer loop
      vertex -24.0593 -7.43167 0
      vertex -28.6527 -12.2157 0
      vertex -24.2433 -7.41962 0
    endloop
  endfacet
  facet normal -0 0 -1
    outer loop
      vertex -24.2433 -7.41962 0
      vertex -28.6527 -12.2157 0
      vertex -24.2451 -7.41929 0
    endloop
  endfacet
  facet normal 0 0 -1
    outer loop
      vertex -30.55 -16.7143 0
      vertex -28.6527 -12.2157 0
      vertex -6.36398 -16.7143 0
    endloop
  endfacet
  facet normal 0 0 -1
    outer loop
      vertex -31.2179 -16.6586 0
      vertex -30.55 -16.7143 0
      vertex -30.6751 -16.7314 0
    endloop
  endfacet
  facet normal 0 0 -1
    outer loop
      vertex -31.2179 -16.6586 0
      vertex -30.6751 -16.7314 0
      vertex -30.7972 -16.7821 0
    endloop
  endfacet
  facet normal 0 0 -1
    outer loop
      vertex -31.2179 -16.6586 0
      vertex -30.7972 -16.7821 0
      vertex -30.9132 -16.8653 0
    endloop
  endfacet
  facet normal 0 0 -1
    outer loop
      vertex -31.2331 -16.7747 0
      vertex -30.9132 -16.8653 0
      vertex -31.0202 -16.979 0
    endloop
  endfacet
  facet normal 0 0 -1
    outer loop
      vertex -31.2249 -17.0884 0
      vertex -31.0202 -16.979 0
      vertex -31.1157 -17.1202 0
    endloop
  endfacet
  facet normal 0 0 -1
    outer loop
      vertex -30.55 -16.7143 0
      vertex -31.2179 -16.6586 0
      vertex -28.6527 -12.2157 0
    endloop
  endfacet
  facet normal 0 0 -1
    outer loop
      vertex -31.2249 -17.0884 0
      vertex -31.1157 -17.1202 0
      vertex -31.1908 -17.2725 0
    endloop
  endfacet
  facet normal -0 0 -1
    outer loop
      vertex -31.0202 -16.979 0
      vertex -31.2249 -17.0884 0
      vertex -31.2331 -16.7747 0
    endloop
  endfacet
  facet normal 0 0 -1
    outer loop
      vertex -30.9132 -16.8653 0
      vertex -31.2331 -16.7747 0
      vertex -31.2179 -16.6586 0
    endloop
  endfacet
  facet normal 0 0 -1
    outer loop
      vertex 30.2615 -17.8401 0
      vertex 10.662 17.2132 0
      vertex 30.9 -17.8401 0
    endloop
  endfacet
  facet normal 0 0 -1
    outer loop
      vertex 5.69723 24.7065 0
      vertex 10.662 17.2132 0
      vertex 30.2615 -17.8401 0
    endloop
  endfacet
  facet normal 0 0 -1
    outer loop
      vertex 5.69723 24.7065 0
      vertex 2.44056 31.4531 0
      vertex 10.662 17.2132 0
    endloop
  endfacet
  facet normal 0 0 -1
    outer loop
      vertex 5.69605 24.7051 0
      vertex 2.44056 31.4531 0
      vertex 5.69723 24.7065 0
    endloop
  endfacet
  facet normal 0 0 -1
    outer loop
      vertex 5.59365 24.5518 0
      vertex 2.44056 31.4531 0
      vertex 5.69605 24.7051 0
    endloop
  endfacet
  facet normal 0 0 -1
    outer loop
      vertex 5.51908 24.3986 0
      vertex 2.44056 31.4531 0
      vertex 5.59365 24.5518 0
    endloop
  endfacet
  facet normal 0 0 -1
    outer loop
      vertex 5.47421 24.2491 0
      vertex 2.44056 31.4531 0
      vertex 5.51908 24.3986 0
    endloop
  endfacet
  facet normal 0 0 -1
    outer loop
      vertex 2.44056 31.4531 0
      vertex 5.47421 24.2491 0
      vertex 5.46014 24.107 0
    endloop
  endfacet
  facet normal 0 0 -1
    outer loop
      vertex 0.319239 35.1273 0
      vertex -0.104675 35.7559 0
      vertex -0.0427638 35.7543 0
    endloop
  endfacet
  facet normal 0 0 -1
    outer loop
      vertex 0.319239 35.1273 0
      vertex -0.415817 35.715 0
      vertex -0.104675 35.7559 0
    endloop
  endfacet
  facet normal 0 0 -1
    outer loop
      vertex 0.319239 35.1273 0
      vertex -0.716736 35.6258 0
      vertex -0.415817 35.715 0
    endloop
  endfacet
  facet normal 0 0 -1
    outer loop
      vertex 0.319239 35.1273 0
      vertex -1 35.4907 0
      vertex -0.716736 35.6258 0
    endloop
  endfacet
  facet normal 0 0 -1
    outer loop
      vertex 0.319239 35.1273 0
      vertex -1.1814 35.3661 0
      vertex -1 35.4907 0
    endloop
  endfacet
  facet normal 0 0 -1
    outer loop
      vertex -24.2451 -7.41929 0
      vertex -1.1814 35.3661 0
      vertex 0.319239 35.1273 0
    endloop
  endfacet
  facet normal 0 0 -1
    outer loop
      vertex -1.1814 35.3661 0
      vertex -24.2451 -7.41929 0
      vertex -28.6527 -12.2157 0
    endloop
  endfacet
  facet normal 0 0 1
    outer loop
      vertex 3.69273 23.7135 2
      vertex 2.12771 33.644 2
      vertex 3.67074 23.6964 2
    endloop
  endfacet
  facet normal 0 0 1
    outer loop
      vertex 3.87551 23.8304 2
      vertex 2.12771 33.644 2
      vertex 3.69273 23.7135 2
    endloop
  endfacet
  facet normal 0 0 1
    outer loop
      vertex 2.12771 33.644 2
      vertex 3.87551 23.8304 2
      vertex 6.81407 25.527 2
    endloop
  endfacet
  facet normal 0 0 1
    outer loop
      vertex 28.1279 -18.6647 2
      vertex 18.6902 -15.0548 2
      vertex 18.7 -15.2715 2
    endloop
  endfacet
  facet normal 0 0 1
    outer loop
      vertex 28.1279 -18.6647 2
      vertex 18.6863 -15.0272 2
      vertex 18.6902 -15.0548 2
    endloop
  endfacet
  facet normal 0 0 1
    outer loop
      vertex 16.0889 2.18753 2
      vertex 18.6863 -15.0272 2
      vertex 28.1279 -18.6647 2
    endloop
  endfacet
  facet normal -0 0 1
    outer loop
      vertex 16.0475 2.16362 2
      vertex 18.6863 -15.0272 2
      vertex 16.0889 2.18753 2
    endloop
  endfacet
  facet normal 0 0 1
    outer loop
      vertex 6.15 -14.9794 2
      vertex 16.0475 2.16362 2
      vertex 9.8975 12.8157 2
    endloop
  endfacet
  facet normal 0 0 1
    outer loop
      vertex 16.0475 2.16362 2
      vertex 6.15 -14.9794 2
      vertex 18.6863 -15.0272 2
    endloop
  endfacet
  facet normal 0 0 1
    outer loop
      vertex 18.6863 -15.0272 2
      vertex 6.15 -14.9794 2
      vertex 6.15 -15.0272 2
    endloop
  endfacet
  facet normal 0 0 1
    outer loop
      vertex 28.1279 -18.6647 2
      vertex 18.7 -15.2715 2
      vertex 18.7 -18.6647 2
    endloop
  endfacet
  facet normal 0 0 1
    outer loop
      vertex 3.67074 23.6964 2
      vertex 9.8975 12.8157 2
      vertex 9.93891 12.8396 2
    endloop
  endfacet
  facet normal 0 0 1
    outer loop
      vertex -3.5475 23.8143 2
      vertex 9.8975 12.8157 2
      vertex 3.67074 23.6964 2
    endloop
  endfacet
  facet normal -0 0 1
    outer loop
      vertex -3.5475 23.8143 2
      vertex 3.67074 23.6964 2
      vertex 2.12771 33.644 2
    endloop
  endfacet
  facet normal 0 0 1
    outer loop
      vertex 9.8975 12.8157 2
      vertex -3.5475 23.8143 2
      vertex -6.15 -14.9794 2
    endloop
  endfacet
  facet normal 0 0 1
    outer loop
      vertex -22.3571 -8.66926 2
      vertex -3.5475 23.8143 2
      vertex -3.58891 23.8382 2
    endloop
  endfacet
  facet normal 0 0 1
    outer loop
      vertex 9.8975 12.8157 2
      vertex -6.15 -14.9794 2
      vertex 6.15 -14.9794 2
    endloop
  endfacet
  facet normal 0 0 1
    outer loop
      vertex -3.5475 23.8143 2
      vertex -22.3571 -8.66926 2
      vertex -6.15 -14.9794 2
    endloop
  endfacet
  facet normal 0 0 1
    outer loop
      vertex -22.3571 -8.66926 2
      vertex -6.15 -15.0272 2
      vertex -6.15 -14.9794 2
    endloop
  endfacet
  facet normal 0 0 1
    outer loop
      vertex -22.3571 -8.66926 2
      vertex -30.228 -15.0272 2
      vertex -6.15 -15.0272 2
    endloop
  endfacet
  facet normal 0 0 1
    outer loop
      vertex -22.3829 -8.65877 2
      vertex -30.228 -15.0272 2
      vertex -22.3571 -8.66926 2
    endloop
  endfacet
  facet normal 0 0 1
    outer loop
      vertex -22.5755 -8.55892 2
      vertex -30.228 -15.0272 2
      vertex -22.3829 -8.65877 2
    endloop
  endfacet
  facet normal 0 0 1
    outer loop
      vertex -30.228 -15.0272 2
      vertex -22.5755 -8.55892 2
      vertex -25.5141 -6.86235 2
    endloop
  endfacet
  facet normal 0.0258348 0.999666 0
    outer loop
      vertex -0.0427638 35.7543 0
      vertex -0.104675 35.7559 0
      vertex -0.104675 35.7559 0.0373401
    endloop
  endfacet
  facet normal -0.13033 0.991471 0
    outer loop
      vertex -0.415817 35.715 0
      vertex -0.104675 35.7559 0.0373401
      vertex -0.104675 35.7559 0
    endloop
  endfacet
  facet normal -0.13033 0.991471 0
    outer loop
      vertex -0.104675 35.7559 0.0373401
      vertex -0.415817 35.715 0
      vertex -0.415817 35.715 0.242354
    endloop
  endfacet
  facet normal -0.878761 -0.477263 -0
    outer loop
      vertex -31.063 -17.6928 0.104155
      vertex -31.063 -17.6928 0
      vertex -30.983 -17.8401 0
    endloop
  endfacet
  facet normal 0.500147 -0.86594 0.000161459
    outer loop
      vertex 24.1401 6.83587 11.337
      vertex 24.6203 7.11312 10.7875
      vertex 24.6845 7.15022 10.8924
    endloop
  endfacet
  facet normal 0.500004 -0.866023 -5.96704e-06
    outer loop
      vertex 21.396 5.25157 8.17093
      vertex 24.6203 7.11312 10.7875
      vertex 24.1401 6.83587 11.337
    endloop
  endfacet
  facet normal 0.499982 -0.866036 3.01787e-05
    outer loop
      vertex 24.6203 7.11312 10.7875
      vertex 21.396 5.25157 8.17093
      vertex 21.7699 5.46742 7.86567
    endloop
  endfacet
  facet normal 0.500604 -0.865676 -0.000720664
    outer loop
      vertex 16.1886 2.24508 2.16279
      vertex 16.0475 2.16362 2
      vertex 16.1587 2.22783 2.114
    endloop
  endfacet
  facet normal -0.499873 0.866099 -0.000154465
    outer loop
      vertex 9.93891 12.8396 2
      vertex 9.8975 12.8157 2
      vertex 10.0087 12.8799 2.11401
    endloop
  endfacet
  facet normal -0.511722 0.859014 0.0153786
    outer loop
      vertex 18.4613 17.7601 10.7729
      vertex 15.6199 16.1195 7.86569
      vertex 18.4703 17.7652 10.7875
    endloop
  endfacet
  facet normal -0.500418 0.865784 0.00050993
    outer loop
      vertex 15.6199 16.1195 7.86569
      vertex 18.4613 17.7601 10.7729
      vertex 15.7091 16.1711 7.7928
    endloop
  endfacet
  facet normal 0.500019 0.288819 0.816434
    outer loop
      vertex 17.9901 17.488 11.337
      vertex 18.7652 17.4029 10.8924
      vertex 18.5345 17.8023 10.8924
    endloop
  endfacet
  facet normal 0.500028 0.288691 0.816474
    outer loop
      vertex 18.7652 17.4029 10.8924
      vertex 17.9901 17.488 11.337
      vertex 24.1401 6.83587 11.337
    endloop
  endfacet
  facet normal -0.612117 -0.353424 0.707393
    outer loop
      vertex 24.1401 6.83587 11.337
      vertex 22.1001 9.35209 10.8289
      vertex 22.2037 8.40767 10.4467
    endloop
  endfacet
  facet normal -0.612051 -0.353352 0.707485
    outer loop
      vertex 24.1401 6.83587 11.337
      vertex 21.8716 10.3083 11.1088
      vertex 22.1001 9.35209 10.8289
    endloop
  endfacet
  facet normal -0.612233 -0.353485 0.707262
    outer loop
      vertex 24.1401 6.83587 11.337
      vertex 21.5237 11.2526 11.2796
      vertex 21.8716 10.3083 11.1088
    endloop
  endfacet
  facet normal -0.611876 -0.353269 0.707678
    outer loop
      vertex 24.1401 6.83587 11.337
      vertex 21.0651 12.1619 11.337
      vertex 21.5237 11.2526 11.2796
    endloop
  endfacet
  facet normal 0 0 1
    outer loop
      vertex 17.9901 17.488 11.337
      vertex 21.0651 12.1619 11.337
      vertex 24.1401 6.83587 11.337
    endloop
  endfacet
  facet normal -0.612006 -0.353339 0.707531
    outer loop
      vertex 17.9901 17.488 11.337
      vertex 20.5069 13.0138 11.2796
      vertex 21.0651 12.1619 11.337
    endloop
  endfacet
  facet normal -0.612207 -0.353449 0.707302
    outer loop
      vertex 17.9901 17.488 11.337
      vertex 19.863 13.7873 11.1088
      vertex 20.5069 13.0138 11.2796
    endloop
  endfacet
  facet normal -0.612085 -0.353395 0.707435
    outer loop
      vertex 17.9901 17.488 11.337
      vertex 19.1492 14.4633 10.8289
      vertex 19.863 13.7873 11.1088
    endloop
  endfacet
  facet normal -0.612086 -0.353396 0.707434
    outer loop
      vertex 17.9901 17.488 11.337
      vertex 18.3831 15.0251 10.4467
      vertex 19.1492 14.4633 10.8289
    endloop
  endfacet
  facet normal -0.6122 -0.353381 0.707342
    outer loop
      vertex 18.3831 15.0251 10.4467
      vertex 17.9901 17.488 11.337
      vertex 17.7233 15.3833 10.0546
    endloop
  endfacet
  facet normal -0.612115 -0.35342 0.707396
    outer loop
      vertex 22.1797 7.49825 9.97158
      vertex 24.1401 6.83587 11.337
      vertex 22.2037 8.40767 10.4467
    endloop
  endfacet
  facet normal -0.612115 -0.353429 0.707391
    outer loop
      vertex 22.0288 6.64624 9.41532
      vertex 24.1401 6.83587 11.337
      vertex 22.1797 7.49825 9.97158
    endloop
  endfacet
  facet normal -0.612113 -0.353437 0.70739
    outer loop
      vertex 21.7547 5.8726 8.7916
      vertex 24.1401 6.83587 11.337
      vertex 22.0288 6.64624 9.41532
    endloop
  endfacet
  facet normal -0.612117 -0.353428 0.70739
    outer loop
      vertex 24.1401 6.83587 11.337
      vertex 21.7547 5.8726 8.7916
      vertex 21.396 5.25157 8.17093
    endloop
  endfacet
  facet normal -0.612153 -0.353343 0.707402
    outer loop
      vertex 16.0814 2.4308 2.16279
      vertex 16.0475 2.16362 2
      vertex 16.1886 2.24508 2.16279
    endloop
  endfacet
  facet normal -0.612178 -0.353332 0.707386
    outer loop
      vertex 18.1006 9.90742 7.64541
      vertex 18.9052 10.372 8.57377
      vertex 18.8925 10.4882 8.62082
    endloop
  endfacet
  facet normal -0.612113 -0.353444 0.707386
    outer loop
      vertex 18.9052 10.372 8.57377
      vertex 18.1006 9.90742 7.64541
      vertex 18.9023 10.26 8.5153
    endloop
  endfacet
  facet normal -0.612235 -0.353216 0.707394
    outer loop
      vertex 18.0063 9.97658 7.59837
      vertex 18.8925 10.4882 8.62082
      vertex 18.8644 10.6059 8.65527
    endloop
  endfacet
  facet normal -0.612145 -0.35338 0.70739
    outer loop
      vertex 18.199 9.85401 7.70388
      vertex 18.9023 10.26 8.5153
      vertex 18.1006 9.90742 7.64541
    endloop
  endfacet
  facet normal -0.612123 -0.353426 0.707386
    outer loop
      vertex 17.9185 10.0598 7.56391
      vertex 18.8644 10.6059 8.65527
      vertex 18.8216 10.7221 8.67629
    endloop
  endfacet
  facet normal -0.612097 -0.353463 0.70739
    outer loop
      vertex 18.9023 10.26 8.5153
      vertex 18.199 9.85401 7.70388
      vertex 18.8837 10.1552 8.44684
    endloop
  endfacet
  facet normal -0.611987 -0.353633 0.707401
    outer loop
      vertex 17.8392 10.155 7.5429
      vertex 18.8216 10.7221 8.67629
      vertex 18.7651 10.834 8.68335
    endloop
  endfacet
  facet normal -0.612152 -0.353356 0.707397
    outer loop
      vertex 18.2991 9.81767 7.77235
      vertex 18.8837 10.1552 8.44684
      vertex 18.199 9.85401 7.70388
    endloop
  endfacet
  facet normal -0.61218 -0.353314 0.707393
    outer loop
      vertex 17.7705 10.2598 7.53583
      vertex 18.7651 10.834 8.68335
      vertex 18.6964 10.9389 8.67629
    endloop
  endfacet
  facet normal -0.611863 -0.353856 0.707397
    outer loop
      vertex 18.8837 10.1552 8.44684
      vertex 18.2991 9.81767 7.77235
      vertex 18.85 10.06 8.37007
    endloop
  endfacet
  facet normal -0.612265 -0.353173 0.707389
    outer loop
      vertex 17.7141 10.3717 7.5429
      vertex 18.6964 10.9389 8.67629
      vertex 18.6172 11.0341 8.65527
    endloop
  endfacet
  facet normal -0.611768 -0.354043 0.707385
    outer loop
      vertex 18.3985 9.79928 7.84911
      vertex 18.85 10.06 8.37007
      vertex 18.2991 9.81767 7.77235
    endloop
  endfacet
  facet normal -0.611989 -0.353658 0.707386
    outer loop
      vertex 17.6713 10.488 7.56391
      vertex 18.6172 11.0341 8.65527
      vertex 18.5293 11.1173 8.62082
    endloop
  endfacet
  facet normal -0.612427 -0.352901 0.707385
    outer loop
      vertex 18.85 10.06 8.37007
      vertex 18.3985 9.79928 7.84911
      vertex 18.8019 9.97674 8.28689
    endloop
  endfacet
  facet normal -0.612025 -0.353552 0.707408
    outer loop
      vertex 17.6431 10.6056 7.59837
      vertex 18.5293 11.1173 8.62082
      vertex 18.435 11.1864 8.57377
    endloop
  endfacet
  facet normal -0.612183 -0.353384 0.707356
    outer loop
      vertex 18.4946 9.7993 7.93229
      vertex 18.8019 9.97674 8.28689
      vertex 18.3985 9.79928 7.84911
    endloop
  endfacet
  facet normal -0.612132 -0.353442 0.707371
    outer loop
      vertex 17.6304 10.7219 7.64541
      vertex 18.435 11.1864 8.57377
      vertex 18.3366 11.2398 8.5153
    endloop
  endfacet
  facet normal -0.612086 -0.353551 0.707356
    outer loop
      vertex 18.8019 9.97674 8.28689
      vertex 18.4946 9.7993 7.93229
      vertex 18.7407 9.90755 8.19935
    endloop
  endfacet
  facet normal -0.612238 -0.353214 0.707392
    outer loop
      vertex 17.6333 10.8338 7.70388
      vertex 18.3366 11.2398 8.5153
      vertex 18.2365 11.2762 8.44684
    endloop
  endfacet
  facet normal -0.612468 -0.35284 0.70738
    outer loop
      vertex 18.6678 9.85411 8.10959
      vertex 18.4946 9.7993 7.93229
      vertex 18.5851 9.81773 8.01984
    endloop
  endfacet
  facet normal -0.612316 -0.353086 0.707389
    outer loop
      vertex 17.6519 10.9387 7.77235
      vertex 18.2365 11.2762 8.44684
      vertex 18.1372 11.2946 8.37007
    endloop
  endfacet
  facet normal -0.612607 -0.352523 0.707418
    outer loop
      vertex 18.7407 9.90755 8.19935
      vertex 18.4946 9.7993 7.93229
      vertex 18.6678 9.85411 8.10959
    endloop
  endfacet
  facet normal -0.612327 -0.352971 0.707437
    outer loop
      vertex 17.6856 11.0339 7.84911
      vertex 18.1372 11.2946 8.37007
      vertex 18.0411 11.2946 8.28689
    endloop
  endfacet
  facet normal -0.612097 -0.353455 0.707394
    outer loop
      vertex 18.8925 10.4882 8.62082
      vertex 18.0063 9.97658 7.59837
      vertex 18.1006 9.90742 7.64541
    endloop
  endfacet
  facet normal -0.611072 -0.355074 0.70747
    outer loop
      vertex 17.7337 11.1171 7.93229
      vertex 18.0411 11.2946 8.28689
      vertex 17.9505 11.2761 8.19935
    endloop
  endfacet
  facet normal -0.612314 -0.353096 0.707386
    outer loop
      vertex 18.8644 10.6059 8.65527
      vertex 17.9185 10.0598 7.56391
      vertex 18.0063 9.97658 7.59837
    endloop
  endfacet
  facet normal -0.612248 -0.353274 0.707354
    outer loop
      vertex 17.7337 11.1171 7.93229
      vertex 17.9505 11.2761 8.19935
      vertex 17.8678 11.2397 8.10959
    endloop
  endfacet
  facet normal -0.611978 -0.353649 0.707401
    outer loop
      vertex 18.8216 10.7221 8.67629
      vertex 17.8392 10.155 7.5429
      vertex 17.9185 10.0598 7.56391
    endloop
  endfacet
  facet normal -0.611492 -0.354302 0.707493
    outer loop
      vertex 17.7337 11.1171 7.93229
      vertex 17.8678 11.2397 8.10959
      vertex 17.7949 11.1863 8.01984
    endloop
  endfacet
  facet normal -0.612068 -0.353509 0.707393
    outer loop
      vertex 18.7651 10.834 8.68335
      vertex 17.7705 10.2598 7.53583
      vertex 17.8392 10.155 7.5429
    endloop
  endfacet
  facet normal -0.611982 -0.353499 0.707472
    outer loop
      vertex 18.0411 11.2946 8.28689
      vertex 17.7337 11.1171 7.93229
      vertex 17.6856 11.0339 7.84911
    endloop
  endfacet
  facet normal -0.612214 -0.353263 0.707389
    outer loop
      vertex 18.6964 10.9389 8.67629
      vertex 17.7141 10.3717 7.5429
      vertex 17.7705 10.2598 7.53583
    endloop
  endfacet
  facet normal -0.611835 -0.353824 0.707437
    outer loop
      vertex 18.1372 11.2946 8.37007
      vertex 17.6856 11.0339 7.84911
      vertex 17.6519 10.9387 7.77235
    endloop
  endfacet
  facet normal -0.612297 -0.353125 0.707386
    outer loop
      vertex 18.6172 11.0341 8.65527
      vertex 17.6713 10.488 7.56391
      vertex 17.7141 10.3717 7.5429
    endloop
  endfacet
  facet normal -0.612273 -0.353161 0.707389
    outer loop
      vertex 18.2365 11.2762 8.44684
      vertex 17.6519 10.9387 7.77235
      vertex 17.6333 10.8338 7.70388
    endloop
  endfacet
  facet normal -0.611772 -0.35399 0.707408
    outer loop
      vertex 18.5293 11.1173 8.62082
      vertex 17.6431 10.6056 7.59837
      vertex 17.6713 10.488 7.56391
    endloop
  endfacet
  facet normal -0.611919 -0.353768 0.707392
    outer loop
      vertex 18.3366 11.2398 8.5153
      vertex 17.6333 10.8338 7.70388
      vertex 17.6304 10.7219 7.64541
    endloop
  endfacet
  facet normal -0.612395 -0.352985 0.707371
    outer loop
      vertex 18.435 11.1864 8.57377
      vertex 17.6304 10.7219 7.64541
      vertex 17.6431 10.6056 7.59837
    endloop
  endfacet
  facet normal 0.500121 -0.865956 -9.13734e-05
    outer loop
      vertex 16.1587 2.22783 2.114
      vertex 16.0475 2.16362 2
      vertex 16.0889 2.18753 2
    endloop
  endfacet
  facet normal 0.500019 -0.866015 -1.81206e-05
    outer loop
      vertex 24.6203 7.11312 10.7875
      vertex 21.7699 5.46742 7.86567
      vertex 22.4773 5.87587 7.28803
    endloop
  endfacet
  facet normal -0.611869 -0.353547 0.707546
    outer loop
      vertex 17.9901 17.488 11.337
      vertex 17.5835 15.4591 9.97158
      vertex 17.7233 15.3833 10.0546
    endloop
  endfacet
  facet normal -0.612131 -0.353393 0.707396
    outer loop
      vertex 17.9901 17.488 11.337
      vertex 16.7702 15.7544 9.41533
      vertex 17.5835 15.4591 9.97158
    endloop
  endfacet
  facet normal -0.612158 -0.353365 0.707387
    outer loop
      vertex 17.9901 17.488 11.337
      vertex 15.9632 15.9038 8.7916
      vertex 16.7702 15.7544 9.41533
    endloop
  endfacet
  facet normal -0.612114 -0.35343 0.707393
    outer loop
      vertex 15.9632 15.9038 8.7916
      vertex 17.9901 17.488 11.337
      vertex 15.246 15.9037 8.17095
    endloop
  endfacet
  facet normal -0.612078 -0.353385 0.707446
    outer loop
      vertex 9.8975 12.8157 2
      vertex 16.0814 2.4308 2.16279
      vertex 10.0386 12.8972 2.16279
    endloop
  endfacet
  facet normal -0.612074 -0.353382 0.707451
    outer loop
      vertex 16.0814 2.4308 2.16279
      vertex 9.8975 12.8157 2
      vertex 16.0475 2.16362 2
    endloop
  endfacet
  facet normal -0.500107 0.865963 -0.000193917
    outer loop
      vertex 18.4703 17.7652 10.7875
      vertex 17.9901 17.488 11.337
      vertex 18.5345 17.8023 10.8924
    endloop
  endfacet
  facet normal -0.49997 0.866043 -3.32722e-05
    outer loop
      vertex 18.4703 17.7652 10.7875
      vertex 15.246 15.9037 8.17095
      vertex 17.9901 17.488 11.337
    endloop
  endfacet
  facet normal -0.499933 0.866064 -9.30723e-05
    outer loop
      vertex 15.246 15.9037 8.17095
      vertex 18.4703 17.7652 10.7875
      vertex 15.6199 16.1195 7.86569
    endloop
  endfacet
  facet normal -0.498608 0.866826 -0.00179779
    outer loop
      vertex 10.0087 12.8799 2.11401
      vertex 9.8975 12.8157 2
      vertex 10.0386 12.8972 2.16279
    endloop
  endfacet
  facet normal -0.499991 0.866031 -1.59781e-05
    outer loop
      vertex 16.3273 16.528 7.28805
      vertex 15.7091 16.1711 7.7928
      vertex 18.4613 17.7601 10.7729
    endloop
  endfacet
  facet normal 0.500066 0.288709 0.816445
    outer loop
      vertex 24.6845 7.15022 10.8924
      vertex 18.7652 17.4029 10.8924
      vertex 24.1401 6.83587 11.337
    endloop
  endfacet
  facet normal 0.615957 -0.355552 0.702979
    outer loop
      vertex -5.74008 39.283 11.7452
      vertex -6.13869 36.8233 10.8504
      vertex -5.4452 37.2026 10.4346
    endloop
  endfacet
  facet normal 0.615825 -0.35557 0.703085
    outer loop
      vertex -5.74008 39.283 11.7452
      vertex -6.9024 36.2601 11.2345
      vertex -6.13869 36.8233 10.8504
    endloop
  endfacet
  facet normal 0.615951 -0.355597 0.702961
    outer loop
      vertex -5.74008 39.283 11.7452
      vertex -7.61445 35.583 11.5159
      vertex -6.9024 36.2601 11.2345
    endloop
  endfacet
  facet normal 0.615765 -0.355516 0.703166
    outer loop
      vertex -5.74008 39.283 11.7452
      vertex -8.25728 34.809 11.6875
      vertex -7.61445 35.583 11.5159
    endloop
  endfacet
  facet normal 0.616018 -0.355654 0.702874
    outer loop
      vertex -5.74008 39.283 11.7452
      vertex -8.81507 33.9569 11.7452
      vertex -8.25728 34.809 11.6875
    endloop
  endfacet
  facet normal 0.615872 -0.35556 0.70305
    outer loop
      vertex -9.85334 31.1489 11.2345
      vertex -11.8901 28.6308 11.7452
      vertex -9.95929 30.2059 10.8504
    endloop
  endfacet
  facet normal 0.615926 -0.355619 0.702973
    outer loop
      vertex -9.62306 32.104 11.5159
      vertex -11.8901 28.6308 11.7452
      vertex -9.85334 31.1489 11.2345
    endloop
  endfacet
  facet normal 0.615801 -0.355527 0.703129
    outer loop
      vertex -9.2741 33.0478 11.6875
      vertex -11.8901 28.6308 11.7452
      vertex -9.62306 32.104 11.5159
    endloop
  endfacet
  facet normal 0.615996 -0.355646 0.702897
    outer loop
      vertex -8.81507 33.9569 11.7452
      vertex -11.8901 28.6308 11.7452
      vertex -9.2741 33.0478 11.6875
    endloop
  endfacet
  facet normal 0 0 1
    outer loop
      vertex -11.8901 28.6308 11.7452
      vertex -8.81507 33.9569 11.7452
      vertex -5.74008 39.283 11.7452
    endloop
  endfacet
  facet normal 0.615908 -0.355575 0.703011
    outer loop
      vertex -9.52067 27.6768 9.18682
      vertex -11.8901 28.6308 11.7452
      vertex -9.16585 27.058 8.56298
    endloop
  endfacet
  facet normal 0.61588 -0.355631 0.703006
    outer loop
      vertex -9.79089 28.4481 9.81373
      vertex -11.8901 28.6308 11.7452
      vertex -9.52067 27.6768 9.18682
    endloop
  endfacet
  facet normal 0.615906 -0.355547 0.703026
    outer loop
      vertex -9.9383 29.2982 10.3728
      vertex -11.8901 28.6308 11.7452
      vertex -9.79089 28.4481 9.81373
    endloop
  endfacet
  facet normal 0.615905 -0.355641 0.70298
    outer loop
      vertex -11.8901 28.6308 11.7452
      vertex -9.9383 29.2982 10.3728
      vertex -9.95929 30.2059 10.8504
    endloop
  endfacet
  facet normal 0.616055 -0.355508 0.702915
    outer loop
      vertex -3.58573 24.084 2.16991
      vertex -3.69295 23.8982 2.16991
      vertex -3.5475 23.8143 2
    endloop
  endfacet
  facet normal 0.615861 -0.355658 0.70301
    outer loop
      vertex -6.20235 32.9914 8.96787
      vertex -5.40354 32.5302 8.03476
      vertex -5.40612 32.6419 8.09353
    endloop
  endfacet
  facet normal 0.616113 -0.355221 0.70301
    outer loop
      vertex -6.10431 33.045 8.9091
      vertex -5.40612 32.6419 8.09353
      vertex -5.42427 32.7466 8.16234
    endloop
  endfacet
  facet normal 0.615768 -0.355819 0.70301
    outer loop
      vertex -5.40354 32.5302 8.03476
      vertex -6.20235 32.9914 8.96787
      vertex -5.41658 32.4142 7.98747
    endloop
  endfacet
  facet normal 0.615797 -0.355818 0.702985
    outer loop
      vertex -6.00464 33.0816 8.84029
      vertex -5.42427 32.7466 8.16234
      vertex -5.45752 32.8415 8.2395
    endloop
  endfacet
  facet normal 0.615902 -0.355613 0.702996
    outer loop
      vertex -6.29634 32.9221 9.01516
      vertex -5.41658 32.4142 7.98747
      vertex -6.20235 32.9914 8.96787
    endloop
  endfacet
  facet normal 0.615892 -0.355606 0.703009
    outer loop
      vertex -5.90579 33.1003 8.76313
      vertex -5.45752 32.8415 8.2395
      vertex -5.50508 32.9244 8.3231
    endloop
  endfacet
  facet normal 0.615991 -0.355459 0.702996
    outer loop
      vertex -5.41658 32.4142 7.98747
      vertex -6.29634 32.9221 9.01516
      vertex -5.44492 32.2966 7.95284
    endloop
  endfacet
  facet normal 0.615904 -0.355569 0.703018
    outer loop
      vertex -5.81019 33.1006 8.67952
      vertex -5.50508 32.9244 8.3231
      vertex -5.56575 32.9933 8.4111
    endloop
  endfacet
  facet normal 0.61585 -0.355676 0.70301
    outer loop
      vertex -6.38398 32.8388 9.04979
      vertex -5.44492 32.2966 7.95284
      vertex -6.29634 32.9221 9.01516
    endloop
  endfacet
  facet normal 0.615845 -0.355684 0.70301
    outer loop
      vertex -5.81019 33.1006 8.67952
      vertex -5.56575 32.9933 8.4111
      vertex -5.63806 33.0464 8.50131
    endloop
  endfacet
  facet normal 0.615978 -0.355455 0.70301
    outer loop
      vertex -5.44492 32.2966 7.95284
      vertex -6.38398 32.8388 9.04979
      vertex -5.48787 32.1804 7.93172
    endloop
  endfacet
  facet normal 0.616099 -0.355107 0.70308
    outer loop
      vertex -5.81019 33.1006 8.67952
      vertex -5.63806 33.0464 8.50131
      vertex -5.72021 33.0825 8.59153
    endloop
  endfacet
  facet normal 0.615917 -0.355547 0.703017
    outer loop
      vertex -6.4631 32.7435 9.07091
      vertex -5.48787 32.1804 7.93172
      vertex -6.38398 32.8388 9.04979
    endloop
  endfacet
  facet normal 0.615962 -0.355468 0.703018
    outer loop
      vertex -5.50508 32.9244 8.3231
      vertex -5.81019 33.1006 8.67952
      vertex -5.90579 33.1003 8.76313
    endloop
  endfacet
  facet normal 0.615755 -0.355828 0.703017
    outer loop
      vertex -5.48787 32.1804 7.93172
      vertex -6.4631 32.7435 9.07091
      vertex -5.54437 32.0686 7.92462
    endloop
  endfacet
  facet normal 0.615992 -0.355433 0.703009
    outer loop
      vertex -5.45752 32.8415 8.2395
      vertex -5.90579 33.1003 8.76313
      vertex -6.00464 33.0816 8.84029
    endloop
  endfacet
  facet normal 0.615956 -0.35552 0.702996
    outer loop
      vertex -6.53175 32.6386 9.07801
      vertex -5.54437 32.0686 7.92462
      vertex -6.4631 32.7435 9.07091
    endloop
  endfacet
  facet normal 0.615913 -0.355617 0.702985
    outer loop
      vertex -5.42427 32.7466 8.16234
      vertex -6.00464 33.0816 8.84029
      vertex -6.10431 33.045 8.9091
    endloop
  endfacet
  facet normal 0.615862 -0.355657 0.70301
    outer loop
      vertex -5.40612 32.6419 8.09353
      vertex -6.10431 33.045 8.9091
      vertex -6.20235 32.9914 8.96787
    endloop
  endfacet
  facet normal 0.615956 -0.35552 0.702996
    outer loop
      vertex -5.54437 32.0686 7.92462
      vertex -6.53175 32.6386 9.07801
      vertex -5.61302 31.9637 7.93172
    endloop
  endfacet
  facet normal 0.615912 -0.355588 0.703001
    outer loop
      vertex -6.58825 32.5267 9.07091
      vertex -5.61302 31.9637 7.93172
      vertex -6.53175 32.6386 9.07801
    endloop
  endfacet
  facet normal 0.615928 -0.35556 0.703001
    outer loop
      vertex -5.61302 31.9637 7.93172
      vertex -6.58825 32.5267 9.07091
      vertex -5.69214 31.8684 7.95284
    endloop
  endfacet
  facet normal 0.61586 -0.355664 0.703008
    outer loop
      vertex -6.63119 32.4106 9.04979
      vertex -5.69214 31.8684 7.95284
      vertex -6.58825 32.5267 9.07091
    endloop
  endfacet
  facet normal 0.615878 -0.355633 0.703008
    outer loop
      vertex -5.69214 31.8684 7.95284
      vertex -6.63119 32.4106 9.04979
      vertex -5.77977 31.7851 7.98747
    endloop
  endfacet
  facet normal 0.615961 -0.355505 0.702999
    outer loop
      vertex -6.65954 32.293 9.01516
      vertex -5.77977 31.7851 7.98747
      vertex -6.63119 32.4106 9.04979
    endloop
  endfacet
  facet normal 0.615872 -0.355659 0.702999
    outer loop
      vertex -5.77977 31.7851 7.98747
      vertex -6.65954 32.293 9.01516
      vertex -5.87377 31.7158 8.03476
    endloop
  endfacet
  facet normal 0.615768 -0.355819 0.70301
    outer loop
      vertex -6.67258 32.177 8.96787
      vertex -5.87377 31.7158 8.03476
      vertex -6.65954 32.293 9.01516
    endloop
  endfacet
  facet normal 0.616048 -0.355334 0.70301
    outer loop
      vertex -5.87377 31.7158 8.03476
      vertex -6.67258 32.177 8.96787
      vertex -5.97181 31.6621 8.09353
    endloop
  endfacet
  facet normal 0.616085 -0.355277 0.703006
    outer loop
      vertex -6.66999 32.0652 8.9091
      vertex -5.97181 31.6621 8.09353
      vertex -6.67258 32.177 8.96787
    endloop
  endfacet
  facet normal 0.615912 -0.355577 0.703006
    outer loop
      vertex -5.97181 31.6621 8.09353
      vertex -6.66999 32.0652 8.9091
      vertex -6.07148 31.6255 8.16234
    endloop
  endfacet
  facet normal 0.615854 -0.355666 0.703012
    outer loop
      vertex -6.65185 31.9606 8.84029
      vertex -6.07148 31.6255 8.16234
      vertex -6.66999 32.0652 8.9091
    endloop
  endfacet
  facet normal 0.615721 -0.355896 0.703012
    outer loop
      vertex -6.07148 31.6255 8.16234
      vertex -6.65185 31.9606 8.84029
      vertex -6.17033 31.6069 8.2395
    endloop
  endfacet
  facet normal 0.615808 -0.355764 0.703003
    outer loop
      vertex -6.61859 31.8657 8.76313
      vertex -6.17033 31.6069 8.2395
      vertex -6.65185 31.9606 8.84029
    endloop
  endfacet
  facet normal 0.61594 -0.355534 0.703003
    outer loop
      vertex -6.17033 31.6069 8.2395
      vertex -6.61859 31.8657 8.76313
      vertex -6.26592 31.6066 8.3231
    endloop
  endfacet
  facet normal 0.61571 -0.355887 0.703026
    outer loop
      vertex -6.57104 31.7828 8.67952
      vertex -6.26592 31.6066 8.3231
      vertex -6.61859 31.8657 8.76313
    endloop
  endfacet
  facet normal 0.616105 -0.355202 0.703026
    outer loop
      vertex -6.26592 31.6066 8.3231
      vertex -6.57104 31.7828 8.67952
      vertex -6.3559 31.6247 8.4111
    endloop
  endfacet
  facet normal 0.615493 -0.356139 0.703088
    outer loop
      vertex -6.3559 31.6247 8.4111
      vertex -6.57104 31.7828 8.67952
      vertex -6.43806 31.6608 8.50131
    endloop
  endfacet
  facet normal 0.616769 -0.354399 0.702849
    outer loop
      vertex -6.43806 31.6608 8.50131
      vertex -6.57104 31.7828 8.67952
      vertex -6.51036 31.7139 8.59153
    endloop
  endfacet
  facet normal -0.499977 0.288658 0.816517
    outer loop
      vertex -6.51517 39.1979 11.3007
      vertex -12.4345 28.9452 11.3007
      vertex -11.8901 28.6308 11.7452
    endloop
  endfacet
  facet normal 0.615947 -0.355558 0.702985
    outer loop
      vertex -5.34211 37.259 10.3728
      vertex -5.74008 39.283 11.7452
      vertex -5.4452 37.2026 10.4346
    endloop
  endfacet
  facet normal 0.615876 -0.3556 0.703026
    outer loop
      vertex -4.53227 37.5563 9.81373
      vertex -5.74008 39.283 11.7452
      vertex -5.34211 37.259 10.3728
    endloop
  endfacet
  facet normal 0.615913 -0.355559 0.703014
    outer loop
      vertex -3.72913 37.708 9.18682
      vertex -5.74008 39.283 11.7452
      vertex -4.53227 37.5563 9.81373
    endloop
  endfacet
  facet normal 0.61591 -0.355565 0.703014
    outer loop
      vertex -5.74008 39.283 11.7452
      vertex -3.72913 37.708 9.18682
      vertex -3.01584 37.7101 8.56297
    endloop
  endfacet
  facet normal 0.615908 -0.355597 0.702999
    outer loop
      vertex -3.58573 24.084 2.16991
      vertex 2.12771 33.644 2
      vertex 2.10011 33.9321 2.16991
    endloop
  endfacet
  facet normal 0.615898 -0.355591 0.703011
    outer loop
      vertex 2.12771 33.644 2
      vertex -3.58573 24.084 2.16991
      vertex -3.5475 23.8143 2
    endloop
  endfacet
  facet normal -0.499956 0.288682 0.816521
    outer loop
      vertex -6.51517 39.1979 11.3007
      vertex -5.74008 39.283 11.7452
      vertex -6.28455 39.5973 11.3007
    endloop
  endfacet
  facet normal -0.499958 0.288649 0.816532
    outer loop
      vertex -5.74008 39.283 11.7452
      vertex -6.51517 39.1979 11.3007
      vertex -11.8901 28.6308 11.7452
    endloop
  endfacet
  facet normal 0.499874 0.866098 0.000108437
    outer loop
      vertex -5.74008 39.283 11.7452
      vertex -6.21782 39.5588 11.1917
      vertex -6.28455 39.5973 11.3007
    endloop
  endfacet
  facet normal 0.499991 0.866031 -2.62697e-05
    outer loop
      vertex -3.01584 37.7101 8.56297
      vertex -6.21782 39.5588 11.1917
      vertex -5.74008 39.283 11.7452
    endloop
  endfacet
  facet normal 0.500049 0.865997 6.71357e-05
    outer loop
      vertex -6.21782 39.5588 11.1917
      vertex -3.01584 37.7101 8.56297
      vertex -3.3968 37.9301 8.25192
    endloop
  endfacet
  facet normal -0.499873 -0.866098 -0.000318683
    outer loop
      vertex -3.5475 23.8143 2
      vertex -3.66193 23.8803 2.11925
      vertex -3.58891 23.8382 2
    endloop
  endfacet
  facet normal -0.50001 -0.86602 -1.28421e-05
    outer loop
      vertex -9.54681 27.278 8.25193
      vertex -12.3678 28.9067 11.1917
      vertex -10.2273 27.6709 7.6963
    endloop
  endfacet
  facet normal -0.500042 -0.866001 -0.000107827
    outer loop
      vertex -12.3678 28.9067 11.1917
      vertex -11.8901 28.6308 11.7452
      vertex -12.4345 28.9452 11.3007
    endloop
  endfacet
  facet normal -0.500063 -0.865989 -8.40859e-05
    outer loop
      vertex -12.3678 28.9067 11.1917
      vertex -9.16585 27.058 8.56298
      vertex -11.8901 28.6308 11.7452
    endloop
  endfacet
  facet normal -0.50005 -0.865996 -6.42745e-05
    outer loop
      vertex -9.16585 27.058 8.56298
      vertex -12.3678 28.9067 11.1917
      vertex -9.54681 27.278 8.25193
    endloop
  endfacet
  facet normal -0.499309 -0.866424 0.000403499
    outer loop
      vertex -3.5475 23.8143 2
      vertex -3.69295 23.8982 2.16991
      vertex -3.66193 23.8803 2.11925
    endloop
  endfacet
  facet normal 0.503545 0.863957 0.00455326
    outer loop
      vertex -3.3968 37.9301 8.25192
      vertex -6.20859 39.5535 11.1766
      vertex -6.21782 39.5588 11.1917
    endloop
  endfacet
  facet normal 0.499846 0.866114 -0.000201322
    outer loop
      vertex -6.20859 39.5535 11.1766
      vertex -3.3968 37.9301 8.25192
      vertex -3.48208 37.9793 8.18229
    endloop
  endfacet
  facet normal 0.500032 0.866007 2.51995e-05
    outer loop
      vertex -4.07731 38.323 7.69628
      vertex -6.20859 39.5535 11.1766
      vertex -3.48208 37.9793 8.18229
    endloop
  endfacet
  facet normal -1 0 0
    outer loop
      vertex -6.15 -22.4039 7.28804
      vertex -6.15 -24.3239 11.337
      vertex -6.15 -21.1553 8.17094
    endloop
  endfacet
  facet normal -1 0 -0
    outer loop
      vertex -6.15 -24.3239 11.337
      vertex -6.15 -22.4039 7.28804
      vertex -6.15 -24.9526 10.8924
    endloop
  endfacet
  facet normal -1 0 0
    outer loop
      vertex -6.15 -15.0272 2
      vertex -6.15 -15.1423 2.16279
      vertex -6.15 -14.9794 2
    endloop
  endfacet
  facet normal 9.83653e-05 0.706822 0.707391
    outer loop
      vertex 5.79155 -21.7764 8.7916
      vertex 6.15 -24.3239 11.337
      vertex 6.15 -21.1553 8.17095
    endloop
  endfacet
  facet normal 5.07693e-05 0.706819 0.707395
    outer loop
      vertex 5.25862 -22.4006 9.41533
      vertex 6.15 -24.3239 11.337
      vertex 5.79155 -21.7764 8.7916
    endloop
  endfacet
  facet normal 1.67576e-05 0.706811 0.707403
    outer loop
      vertex 4.59619 -22.9573 9.97158
      vertex 6.15 -24.3239 11.337
      vertex 5.25862 -22.4006 9.41533
    endloop
  endfacet
  facet normal 1.64319e-05 0.706811 0.707403
    outer loop
      vertex 3.82061 -23.4328 10.4467
      vertex 6.15 -24.3239 11.337
      vertex 4.59619 -22.9573 9.97158
    endloop
  endfacet
  facet normal 1.64203e-05 0.706811 0.707403
    outer loop
      vertex 2.95095 -23.8153 10.8289
      vertex 6.15 -24.3239 11.337
      vertex 3.82061 -23.4328 10.4467
    endloop
  endfacet
  facet normal -6.4183e-06 0.706739 0.707475
    outer loop
      vertex 2.00862 -24.0955 11.1088
      vertex 6.15 -24.3239 11.337
      vertex 2.95095 -23.8153 10.8289
    endloop
  endfacet
  facet normal 8.58539e-06 0.706875 0.707339
    outer loop
      vertex 1.01683 -24.2664 11.2796
      vertex 6.15 -24.3239 11.337
      vertex 2.00862 -24.0955 11.1088
    endloop
  endfacet
  facet normal -0 0.706491 0.707722
    outer loop
      vertex 3.05176e-06 -24.3239 11.337
      vertex 6.15 -24.3239 11.337
      vertex 1.01683 -24.2664 11.2796
    endloop
  endfacet
  facet normal 0 0 0
    outer loop
      vertex 3.05176e-06 -24.3239 11.337
      vertex -6.15 -24.3239 11.337
      vertex 6.15 -24.3239 11.337
    endloop
  endfacet
  facet normal 0 0.706491 0.707722
    outer loop
      vertex -1.01681 -24.2664 11.2796
      vertex -6.15 -24.3239 11.337
      vertex 3.05176e-06 -24.3239 11.337
    endloop
  endfacet
  facet normal -8.58536e-06 0.706875 0.707339
    outer loop
      vertex -2.0086 -24.0955 11.1088
      vertex -6.15 -24.3239 11.337
      vertex -1.01681 -24.2664 11.2796
    endloop
  endfacet
  facet normal 6.41828e-06 0.706739 0.707475
    outer loop
      vertex -2.95092 -23.8153 10.8289
      vertex -6.15 -24.3239 11.337
      vertex -2.0086 -24.0955 11.1088
    endloop
  endfacet
  facet normal -1.642e-05 0.706811 0.707403
    outer loop
      vertex -3.8206 -23.4328 10.4467
      vertex -6.15 -24.3239 11.337
      vertex -2.95092 -23.8153 10.8289
    endloop
  endfacet
  facet normal -1.64317e-05 0.706811 0.707403
    outer loop
      vertex -4.59619 -22.9573 9.97158
      vertex -6.15 -24.3239 11.337
      vertex -3.8206 -23.4328 10.4467
    endloop
  endfacet
  facet normal -1.67578e-05 0.706811 0.707403
    outer loop
      vertex -5.2586 -22.4006 9.41533
      vertex -6.15 -24.3239 11.337
      vertex -4.59619 -22.9573 9.97158
    endloop
  endfacet
  facet normal -5.07689e-05 0.706819 0.707395
    outer loop
      vertex -5.79153 -21.7764 8.7916
      vertex -6.15 -24.3239 11.337
      vertex -5.2586 -22.4006 9.41533
    endloop
  endfacet
  facet normal -0.000114225 0.706823 0.70739
    outer loop
      vertex -6.15 -24.3239 11.337
      vertex -5.79153 -21.7764 8.7916
      vertex -6.15 -21.1553 8.17094
    endloop
  endfacet
  facet normal -0 0.706868 0.707346
    outer loop
      vertex -6.15 -14.9794 2
      vertex 6.15 -15.1423 2.16279
      vertex 6.15 -14.9794 2
    endloop
  endfacet
  facet normal 0 0.706868 0.707346
    outer loop
      vertex 6.15 -15.1423 2.16279
      vertex -6.15 -14.9794 2
      vertex -6.15 -15.1423 2.16279
    endloop
  endfacet
  facet normal 0.00394697 0.706727 0.707475
    outer loop
      vertex 0.790151 -21.004 8.01984
      vertex 0.790151 -21.1837 8.19935
      vertex 0.8 -21.0939 8.10959
    endloop
  endfacet
  facet normal -0.00102892 0.706732 0.70748
    outer loop
      vertex 0.760845 -20.9164 7.93229
      vertex 0.790151 -21.1837 8.19935
      vertex 0.790151 -21.004 8.01984
    endloop
  endfacet
  facet normal 0.000339124 0.706808 0.707406
    outer loop
      vertex 0.760845 -20.9164 7.93229
      vertex 0.760845 -21.2713 8.28689
      vertex 0.790151 -21.1837 8.19935
    endloop
  endfacet
  facet normal -0.000741137 0.706808 0.707406
    outer loop
      vertex 0.712806 -20.8332 7.84911
      vertex 0.760845 -21.2713 8.28689
      vertex 0.760845 -20.9164 7.93229
    endloop
  endfacet
  facet normal 0.000504516 0.706876 0.707337
    outer loop
      vertex 0.712806 -20.8332 7.84911
      vertex 0.712806 -21.3545 8.37007
      vertex 0.760845 -21.2713 8.28689
    endloop
  endfacet
  facet normal 0.000968875 0.706876 0.707337
    outer loop
      vertex 0.647214 -20.7563 7.77235
      vertex 0.712806 -21.3545 8.37007
      vertex 0.712806 -20.8332 7.84911
    endloop
  endfacet
  facet normal -0.000652675 0.706787 0.707426
    outer loop
      vertex 0.647214 -20.7563 7.77235
      vertex 0.647214 -21.4314 8.44684
      vertex 0.712806 -21.3545 8.37007
    endloop
  endfacet
  facet normal -0.000276749 0.706787 0.707426
    outer loop
      vertex 0.565685 -20.6878 7.70388
      vertex 0.647214 -21.4314 8.44684
      vertex 0.647214 -20.7563 7.77235
    endloop
  endfacet
  facet normal 0.000150606 0.706811 0.707403
    outer loop
      vertex 0.565685 -20.6878 7.70388
      vertex 0.565685 -21.4999 8.5153
      vertex 0.647214 -21.4314 8.44684
    endloop
  endfacet
  facet normal -0.000140686 0.706811 0.707403
    outer loop
      vertex 0.470228 -20.6293 7.64541
      vertex 0.565685 -21.4999 8.5153
      vertex 0.565685 -20.6878 7.70388
    endloop
  endfacet
  facet normal 0.000122967 0.706825 0.707388
    outer loop
      vertex 0.470228 -20.6293 7.64541
      vertex 0.470228 -21.5584 8.57377
      vertex 0.565685 -21.4999 8.5153
    endloop
  endfacet
  facet normal 0.000148611 0.706825 0.707388
    outer loop
      vertex 0.363193 -20.5822 7.59837
      vertex 0.470228 -21.5584 8.57377
      vertex 0.470228 -20.6293 7.64541
    endloop
  endfacet
  facet normal -7.18839e-05 0.706813 0.707401
    outer loop
      vertex 0.363193 -20.5822 7.59837
      vertex 0.363193 -21.6055 8.62082
      vertex 0.470228 -21.5584 8.57377
    endloop
  endfacet
  facet normal 6.91842e-05 0.706813 0.707401
    outer loop
      vertex 0.247215 -20.5477 7.56391
      vertex 0.363193 -21.6055 8.62082
      vertex 0.363193 -20.5822 7.59837
    endloop
  endfacet
  facet normal -0.000123884 0.706802 0.707411
    outer loop
      vertex 0.247215 -20.5477 7.56391
      vertex 0.247215 -21.64 8.65527
      vertex 0.363193 -21.6055 8.62082
    endloop
  endfacet
  facet normal -0.000162685 0.706802 0.707411
    outer loop
      vertex 0.125148 -20.5267 7.5429
      vertex 0.247215 -21.64 8.65527
      vertex 0.247215 -20.5477 7.56391
    endloop
  endfacet
  facet normal 0.000213534 0.706823 0.70739
    outer loop
      vertex 0.125148 -20.5267 7.5429
      vertex 0.125148 -21.661 8.67629
      vertex 0.247215 -21.64 8.65527
    endloop
  endfacet
  facet normal 0.000137377 0.706823 0.70739
    outer loop
      vertex 1.90735e-07 -20.5196 7.53583
      vertex 0.125148 -21.661 8.67629
      vertex 0.125148 -20.5267 7.5429
    endloop
  endfacet
  facet normal -0.000191858 0.706805 0.707409
    outer loop
      vertex 1.90735e-07 -20.5196 7.53583
      vertex 1.90735e-07 -21.6681 8.68335
      vertex 0.125148 -21.661 8.67629
    endloop
  endfacet
  facet normal -0.000135333 0.706805 0.707409
    outer loop
      vertex -0.125147 -20.5267 7.5429
      vertex 1.90735e-07 -21.6681 8.68335
      vertex 1.90735e-07 -20.5196 7.53583
    endloop
  endfacet
  facet normal 0.000193902 0.706823 0.70739
    outer loop
      vertex -0.125147 -20.5267 7.5429
      vertex -0.125147 -21.661 8.67629
      vertex 1.90735e-07 -21.6681 8.68335
    endloop
  endfacet
  facet normal 0.000155585 0.706823 0.70739
    outer loop
      vertex -0.247213 -20.5477 7.56391
      vertex -0.125147 -21.661 8.67629
      vertex -0.125147 -20.5267 7.5429
    endloop
  endfacet
  facet normal -0.000220639 0.706802 0.707411
    outer loop
      vertex -0.247213 -20.5477 7.56391
      vertex -0.247213 -21.64 8.65527
      vertex -0.125147 -21.661 8.67629
    endloop
  endfacet
  facet normal -6.28878e-05 0.706802 0.707411
    outer loop
      vertex -0.363192 -20.5822 7.59837
      vertex -0.247213 -21.64 8.65527
      vertex -0.247213 -20.5477 7.56391
    endloop
  endfacet
  facet normal 0.000130177 0.706813 0.707401
    outer loop
      vertex -0.363192 -20.5822 7.59837
      vertex -0.363192 -21.6055 8.62082
      vertex -0.247213 -21.64 8.65527
    endloop
  endfacet
  facet normal -0.000137973 0.706813 0.707401
    outer loop
      vertex -0.470228 -20.6293 7.64541
      vertex -0.363192 -21.6055 8.62082
      vertex -0.363192 -20.5822 7.59837
    endloop
  endfacet
  facet normal 8.25203e-05 0.706825 0.707388
    outer loop
      vertex -0.470228 -20.6293 7.64541
      vertex -0.470228 -21.5584 8.57377
      vertex -0.363192 -21.6055 8.62082
    endloop
  endfacet
  facet normal 0.000122967 0.706825 0.707388
    outer loop
      vertex -0.565685 -20.6878 7.70388
      vertex -0.470228 -21.5584 8.57377
      vertex -0.470228 -20.6293 7.64541
    endloop
  endfacet
  facet normal -0.000140686 0.706811 0.707403
    outer loop
      vertex -0.565685 -20.6878 7.70388
      vertex -0.565685 -21.4999 8.5153
      vertex -0.470228 -21.5584 8.57377
    endloop
  endfacet
  facet normal 0.000237376 0.706811 0.707403
    outer loop
      vertex -0.647213 -20.7563 7.77235
      vertex -0.565685 -21.4999 8.5153
      vertex -0.565685 -20.6878 7.70388
    endloop
  endfacet
  facet normal -0.000189981 0.706787 0.707426
    outer loop
      vertex -0.647213 -20.7563 7.77235
      vertex -0.647213 -21.4314 8.44684
      vertex -0.565685 -21.4999 8.5153
    endloop
  endfacet
  facet normal -0.000760527 0.706787 0.707426
    outer loop
      vertex -0.712805 -20.8332 7.84911
      vertex -0.647213 -21.4314 8.44684
      vertex -0.647213 -20.7563 7.77235
    endloop
  endfacet
  facet normal 0.000861036 0.706876 0.707337
    outer loop
      vertex -0.712805 -20.8332 7.84911
      vertex -0.712805 -21.3545 8.37007
      vertex -0.647213 -21.4314 8.44684
    endloop
  endfacet
  facet normal 0.000504506 0.706876 0.707337
    outer loop
      vertex -0.760845 -20.9164 7.93229
      vertex -0.712805 -21.3545 8.37007
      vertex -0.712805 -20.8332 7.84911
    endloop
  endfacet
  facet normal -0.000741122 0.706808 0.707406
    outer loop
      vertex -0.760845 -20.9164 7.93229
      vertex -0.760845 -21.2713 8.28689
      vertex -0.712805 -21.3545 8.37007
    endloop
  endfacet
  facet normal 0.000580529 0.706808 0.707406
    outer loop
      vertex -0.79015 -21.004 8.01984
      vertex -0.760845 -21.2713 8.28689
      vertex -0.760845 -20.9164 7.93229
    endloop
  endfacet
  facet normal -0.000787536 0.706732 0.70748
    outer loop
      vertex -0.79015 -21.004 8.01984
      vertex -0.79015 -21.1837 8.19935
      vertex -0.760845 -21.2713 8.28689
    endloop
  endfacet
  facet normal -0.00394657 0.706727 0.707475
    outer loop
      vertex -0.79015 -21.1837 8.19935
      vertex -0.79015 -21.004 8.01984
      vertex -0.8 -21.0939 8.10959
    endloop
  endfacet
  facet normal 1 0 0
    outer loop
      vertex 6.15 -24.3239 11.337
      vertex 6.15 -22.4039 7.28805
      vertex 6.15 -21.1553 8.17095
    endloop
  endfacet
  facet normal 1 0 0
    outer loop
      vertex 6.15 -22.4039 7.28805
      vertex 6.15 -24.3239 11.337
      vertex 6.15 -24.9526 10.8924
    endloop
  endfacet
  facet normal 1 0 0
    outer loop
      vertex 6.15 -14.9794 2
      vertex 6.15 -15.1423 2.16279
      vertex 6.15 -15.0272 2
    endloop
  endfacet
  facet normal 0 -0.577387 0.816471
    outer loop
      vertex -6.15 -24.3239 11.337
      vertex 6.15 -24.9526 10.8924
      vertex 6.15 -24.3239 11.337
    endloop
  endfacet
  facet normal 0 -0.577387 0.816471
    outer loop
      vertex 6.15 -24.9526 10.8924
      vertex -6.15 -24.3239 11.337
      vertex -6.15 -24.9526 10.8924
    endloop
  endfacet
  facet normal 0.708188 0.408773 -0.575651
    outer loop
      vertex 32.2886 -16.9197 3.18538
      vertex 32.1845 -16.6943 3.21737
      vertex 32.2422 -16.8056 3.20932
    endloop
  endfacet
  facet normal 0.705495 0.408068 -0.579446
    outer loop
      vertex 32.1845 -16.6943 3.21737
      vertex 32.2886 -16.9197 3.18538
      vertex 32.3225 -17.034 3.14616
    endloop
  endfacet
  facet normal 0.707493 0.408329 -0.57682
    outer loop
      vertex 32.3433 -17.1457 3.0926
      vertex 32.1845 -16.6943 3.21737
      vertex 32.3225 -17.034 3.14616
    endloop
  endfacet
  facet normal 0.706959 0.408323 -0.577478
    outer loop
      vertex 32.1845 -16.6943 3.21737
      vertex 32.3433 -17.1457 3.0926
      vertex 32.1845 -17.6181 2.56417
    endloop
  endfacet
  facet normal 0.707644 0.40767 -0.5771
    outer loop
      vertex 32.1845 -17.6181 2.56417
      vertex 32.3433 -17.1457 3.0926
      vertex 32.3502 -17.2519 3.02604
    endloop
  endfacet
  facet normal 0.705989 0.409416 -0.577891
    outer loop
      vertex 32.1845 -17.6181 2.56417
      vertex 32.3502 -17.2519 3.02604
      vertex 32.3433 -17.35 2.94811
    endloop
  endfacet
  facet normal 0.70777 0.407341 -0.577179
    outer loop
      vertex 32.1845 -17.6181 2.56417
      vertex 32.3433 -17.35 2.94811
      vertex 32.3225 -17.4377 2.86071
    endloop
  endfacet
  facet normal 0.705497 0.410257 -0.577895
    outer loop
      vertex 32.1845 -17.6181 2.56417
      vertex 32.3225 -17.4377 2.86071
      vertex 32.2886 -17.5128 2.76601
    endloop
  endfacet
  facet normal 0.705372 0.410434 -0.577923
    outer loop
      vertex 32.1845 -17.6181 2.56417
      vertex 32.2886 -17.5128 2.76601
      vertex 32.2422 -17.5734 2.66634
    endloop
  endfacet
  facet normal 0.707131 0.408224 -0.577338
    outer loop
      vertex 32.1845 -16.6943 3.21737
      vertex 32.1845 -17.6181 2.56417
      vertex 31.5366 -15.572 3.21737
    endloop
  endfacet
  facet normal 0.707144 0.408223 -0.577323
    outer loop
      vertex 31.5366 -15.572 3.21737
      vertex 32.1845 -17.6181 2.56417
      vertex 31.5206 -18.0014 1.47995
    endloop
  endfacet
  facet normal 0.70711 0.408438 -0.577212
    outer loop
      vertex 18.7652 17.4029 10.8924
      vertex 18.4703 17.7652 10.7875
      vertex 18.5345 17.8023 10.8924
    endloop
  endfacet
  facet normal 0.706711 0.407853 -0.578113
    outer loop
      vertex 18.4703 17.7652 10.7875
      vertex 18.7652 17.4029 10.8924
      vertex 18.4613 17.7601 10.7729
    endloop
  endfacet
  facet normal 0.707032 0.408381 -0.577348
    outer loop
      vertex 18.7652 17.4029 10.8924
      vertex 16.3273 16.528 7.28805
      vertex 18.4613 17.7601 10.7729
    endloop
  endfacet
  facet normal 0.70731 0.407802 -0.577417
    outer loop
      vertex 16.3273 16.528 7.28805
      vertex 15.1095 16.2291 5.5852
      vertex 15.658 16.4533 6.41543
    endloop
  endfacet
  facet normal 0.707107 0.408249 -0.57735
    outer loop
      vertex 22.4773 5.87587 7.28803
      vertex 15.1095 16.2291 5.5852
      vertex 16.3273 16.528 7.28805
    endloop
  endfacet
  facet normal 0.707102 0.40824 -0.577362
    outer loop
      vertex 24.6845 7.15022 10.8924
      vertex 16.3273 16.528 7.28805
      vertex 18.7652 17.4029 10.8924
    endloop
  endfacet
  facet normal 0.707161 0.40835 -0.577212
    outer loop
      vertex 16.3273 16.528 7.28805
      vertex 24.6845 7.15022 10.8924
      vertex 24.6203 7.11312 10.7875
    endloop
  endfacet
  facet normal 0.707417 0.407533 -0.577476
    outer loop
      vertex 16.2729 16.5334 7.22522
      vertex 16.3273 16.528 7.28805
      vertex 15.658 16.4533 6.41543
    endloop
  endfacet
  facet normal 0.707092 0.408163 -0.577429
    outer loop
      vertex 7.81635 25.4674 3.18538
      vertex 7.30273 25.7639 2.76601
      vertex 7.38474 25.7558 2.86071
    endloop
  endfacet
  facet normal 0.707085 0.408469 -0.577221
    outer loop
      vertex 7.73434 25.554 3.14616
      vertex 7.38474 25.7558 2.86071
      vertex 7.47105 25.7299 2.94811
    endloop
  endfacet
  facet normal 0.707092 0.408568 -0.577142
    outer loop
      vertex 7.30273 25.7639 2.76601
      vertex 7.81635 25.4674 3.18538
      vertex 7.22704 25.7541 2.66634
    endloop
  endfacet
  facet normal 0.707135 0.409185 -0.576652
    outer loop
      vertex 7.73434 25.554 3.14616
      vertex 7.47105 25.7299 2.94811
      vertex 7.55954 25.6868 3.02604
    endloop
  endfacet
  facet normal 0.707028 0.408461 -0.577296
    outer loop
      vertex 7.73434 25.554 3.14616
      vertex 7.55954 25.6868 3.02604
      vertex 7.64803 25.6277 3.0926
    endloop
  endfacet
  facet normal 0.707085 0.408061 -0.577509
    outer loop
      vertex 7.38474 25.7558 2.86071
      vertex 7.73434 25.554 3.14616
      vertex 7.81635 25.4674 3.18538
    endloop
  endfacet
  facet normal 0.70713 0.407987 -0.577506
    outer loop
      vertex 7.89204 25.3701 3.20932
      vertex 7.22704 25.7541 2.66634
      vertex 7.81635 25.4674 3.18538
    endloop
  endfacet
  facet normal 0.70713 0.408179 -0.577371
    outer loop
      vertex 7.22704 25.7541 2.66634
      vertex 7.89204 25.3701 3.20932
      vertex 7.15955 25.7265 2.56417
    endloop
  endfacet
  facet normal 0.707106 0.408251 -0.577349
    outer loop
      vertex -2.2949e-07 36.3731 1.32383
      vertex 2.10011 35.1606 3.03856
      vertex -2.34929e-07 35.4714 0.686226
    endloop
  endfacet
  facet normal 0.707104 0.408335 -0.577292
    outer loop
      vertex -0.037267 35.4929 0.655798
      vertex -0.465494 35.7003 0.277978
      vertex -0.419884 35.7138 0.343393
    endloop
  endfacet
  facet normal 0.707017 0.409628 -0.576483
    outer loop
      vertex -2.34929e-07 35.4714 0.686226
      vertex -0.465494 35.7003 0.277978
      vertex -0.037267 35.4929 0.655798
    endloop
  endfacet
  facet normal 0.70711 0.408237 -0.577354
    outer loop
      vertex 2.10011 33.9321 2.16991
      vertex -2.34929e-07 35.4714 0.686226
      vertex 2.10011 35.1606 3.03856
    endloop
  endfacet
  facet normal 0.707111 0.40824 -0.577351
    outer loop
      vertex 2.12771 33.644 2
      vertex -2.34929e-07 35.4714 0.686226
      vertex 2.10011 33.9321 2.16991
    endloop
  endfacet
  facet normal 0.707105 0.408216 -0.577375
    outer loop
      vertex -2.34929e-07 35.4714 0.686226
      vertex 2.12771 33.644 2
      vertex -0.465494 35.7003 0.277978
    endloop
  endfacet
  facet normal 0.707111 0.408252 -0.577342
    outer loop
      vertex 6.81407 25.527 2
      vertex -0.465494 35.7003 0.277978
      vertex 2.12771 33.644 2
    endloop
  endfacet
  facet normal 0.707117 0.408375 -0.577248
    outer loop
      vertex 7.15955 25.7265 2.56417
      vertex 7.89204 25.3701 3.20932
      vertex 7.95954 25.2646 3.21737
    endloop
  endfacet
  facet normal 0.707117 0.408208 -0.577366
    outer loop
      vertex 7.15955 25.7265 2.56417
      vertex 7.95954 25.2646 3.21737
      vertex 6.81407 25.527 2
    endloop
  endfacet
  facet normal 0.707109 0.408246 -0.57735
    outer loop
      vertex 13.6595 15.3919 3.21737
      vertex 6.81407 25.527 2
      vertex 7.95954 25.2646 3.21737
    endloop
  endfacet
  facet normal 0.707119 0.408255 -0.57733
    outer loop
      vertex 20.1595 4.13357 3.21737
      vertex 6.81407 25.527 2
      vertex 13.6595 15.3919 3.21737
    endloop
  endfacet
  facet normal 0.707105 0.408248 -0.577353
    outer loop
      vertex 22.4773 5.87587 7.28803
      vertex 16.3273 16.528 7.28805
      vertex 24.6203 7.11312 10.7875
    endloop
  endfacet
  facet normal 0.707103 0.408245 -0.577357
    outer loop
      vertex 15.1095 16.2291 5.5852
      vertex 22.4773 5.87587 7.28803
      vertex 13.6595 15.3919 3.21737
    endloop
  endfacet
  facet normal 0.7059 0.409761 -0.577756
    outer loop
      vertex 22.0779 5.33357 6.41543
      vertex 22.4773 5.87587 7.28803
      vertex 22.4548 5.82607 7.22522
    endloop
  endfacet
  facet normal 0.707102 0.408241 -0.577362
    outer loop
      vertex 22.4773 5.87587 7.28803
      vertex 22.0779 5.33357 6.41543
      vertex 13.6595 15.3919 3.21737
    endloop
  endfacet
  facet normal 0.707105 0.408247 -0.577354
    outer loop
      vertex 21.6095 4.97073 5.5852
      vertex 13.6595 15.3919 3.21737
      vertex 22.0779 5.33357 6.41543
    endloop
  endfacet
  facet normal 0.707106 0.408248 -0.577352
    outer loop
      vertex 20.1595 4.13357 3.21737
      vertex 13.6595 15.3919 3.21737
      vertex 21.6095 4.97073 5.5852
    endloop
  endfacet
  facet normal 0.707114 0.408252 -0.577338
    outer loop
      vertex 30.2191 -17.447 0.277978
      vertex 6.81407 25.527 2
      vertex 20.1595 4.13357 3.21737
    endloop
  endfacet
  facet normal 0.707102 0.408249 -0.577355
    outer loop
      vertex 30.2191 -17.447 0.277978
      vertex 20.1595 4.13357 3.21737
      vertex 31.5366 -15.572 3.21737
    endloop
  endfacet
  facet normal 0.707109 0.40825 -0.577346
    outer loop
      vertex 6.81407 25.527 2
      vertex 30.2191 -17.447 0.277978
      vertex -0.465494 35.7003 0.277978
    endloop
  endfacet
  facet normal 0.707104 0.408246 -0.577355
    outer loop
      vertex 31.5206 -18.0014 1.47995
      vertex 30.2191 -17.447 0.277978
      vertex 31.5366 -15.572 3.21737
    endloop
  endfacet
  facet normal 0.707101 0.408275 -0.577339
    outer loop
      vertex 30.2191 -17.447 0.277978
      vertex 31.5206 -18.0014 1.47995
      vertex 31.35 -18.0999 1.20135
    endloop
  endfacet
  facet normal 0.500088 0.288729 0.816424
    outer loop
      vertex 2.47056 31.4704 -0.0244942
      vertex 0.349238 35.1446 -0.0244942
      vertex 2.44056 31.4531 0
    endloop
  endfacet
  facet normal 0.500096 0.288734 0.816417
    outer loop
      vertex 0.319239 35.1273 0
      vertex 2.44056 31.4531 0
      vertex 0.349238 35.1446 -0.0244942
    endloop
  endfacet
  facet normal 0.500026 0.288693 0.816474
    outer loop
      vertex -0.437842 35.7085 0.258149
      vertex 2.44056 31.4531 0
      vertex 0.319239 35.1273 0
    endloop
  endfacet
  facet normal 0.499938 0.288643 0.816546
    outer loop
      vertex -0.104675 35.7559 0.0373401
      vertex 0.319239 35.1273 0
      vertex -0.0427638 35.7543 0
    endloop
  endfacet
  facet normal 0.500027 0.288707 0.816469
    outer loop
      vertex -0.415817 35.715 0.242354
      vertex 0.319239 35.1273 0
      vertex -0.104675 35.7559 0.0373401
    endloop
  endfacet
  facet normal 0.500148 0.288921 0.816319
    outer loop
      vertex 0.319239 35.1273 0
      vertex -0.415817 35.715 0.242354
      vertex -0.437842 35.7085 0.258149
    endloop
  endfacet
  facet normal 0.500015 0.288685 0.816484
    outer loop
      vertex 2.44056 31.4531 0
      vertex -0.437842 35.7085 0.258149
      vertex 10.662 17.2132 0
    endloop
  endfacet
  facet normal 0.499994 0.288671 0.816501
    outer loop
      vertex 10.662 17.2132 0
      vertex 30.2191 -17.447 0.277978
      vertex 30.9 -17.8401 0
    endloop
  endfacet
  facet normal 0.499942 0.28864 0.816544
    outer loop
      vertex -0.465494 35.7003 0.277978
      vertex 10.662 17.2132 0
      vertex -0.437842 35.7085 0.258149
    endloop
  endfacet
  facet normal 0.499978 0.288662 0.816515
    outer loop
      vertex 10.662 17.2132 0
      vertex -0.465494 35.7003 0.277978
      vertex 30.2191 -17.447 0.277978
    endloop
  endfacet
  facet normal -0.707207 0.407945 -0.577442
    outer loop
      vertex -4.02291 38.3284 7.63347
      vertex -3.40797 38.2482 6.82368
      vertex -4.07731 38.323 7.69628
    endloop
  endfacet
  facet normal -0.707649 0.409038 -0.576126
    outer loop
      vertex -6.51517 39.1979 11.3007
      vertex -6.21782 39.5588 11.1917
      vertex -6.20859 39.5535 11.1766
    endloop
  endfacet
  facet normal -0.707193 0.408345 -0.577177
    outer loop
      vertex -6.21782 39.5588 11.1917
      vertex -6.51517 39.1979 11.3007
      vertex -6.28455 39.5973 11.3007
    endloop
  endfacet
  facet normal -0.707145 0.408174 -0.577356
    outer loop
      vertex -4.07731 38.323 7.69628
      vertex -6.51517 39.1979 11.3007
      vertex -6.20859 39.5535 11.1766
    endloop
  endfacet
  facet normal -0.706991 0.408488 -0.577323
    outer loop
      vertex -2.85955 38.024 5.99345
      vertex -4.07731 38.323 7.69628
      vertex -3.40797 38.2482 6.82368
    endloop
  endfacet
  facet normal -0.707109 0.40825 -0.577347
    outer loop
      vertex -2.34929e-07 35.4714 0.686226
      vertex -2.85955 38.024 5.99345
      vertex -2.2949e-07 36.3731 1.32383
    endloop
  endfacet
  facet normal -0.707102 0.408244 -0.57736
    outer loop
      vertex -2.85955 38.024 5.99345
      vertex -10.2273 27.6709 7.6963
      vertex -4.07731 38.323 7.69628
    endloop
  endfacet
  facet normal -0.707108 0.408251 -0.577347
    outer loop
      vertex -2.85955 38.024 5.99345
      vertex -2.34929e-07 35.4714 0.686226
      vertex -10.2273 27.6709 7.6963
    endloop
  endfacet
  facet normal -0.707107 0.408247 -0.577351
    outer loop
      vertex -12.3678 28.9067 11.1917
      vertex -4.07731 38.323 7.69628
      vertex -10.2273 27.6709 7.6963
    endloop
  endfacet
  facet normal -0.70711 0.408245 -0.577349
    outer loop
      vertex -4.07731 38.323 7.69628
      vertex -12.4345 28.9452 11.3007
      vertex -6.51517 39.1979 11.3007
    endloop
  endfacet
  facet normal -0.707228 0.408467 -0.577047
    outer loop
      vertex -12.4345 28.9452 11.3007
      vertex -4.07731 38.323 7.69628
      vertex -12.3678 28.9067 11.1917
    endloop
  endfacet
  facet normal -0.707106 0.40824 -0.577356
    outer loop
      vertex -9.82795 27.1285 6.82368
      vertex -10.2273 27.6709 7.6963
      vertex -2.34929e-07 35.4714 0.686226
    endloop
  endfacet
  facet normal -0.707397 0.407873 -0.577261
    outer loop
      vertex -10.2273 27.6709 7.6963
      vertex -9.82795 27.1285 6.82368
      vertex -10.2048 27.621 7.63347
    endloop
  endfacet
  facet normal -0.70711 0.408256 -0.577341
    outer loop
      vertex -2.34929e-07 35.4714 0.686226
      vertex -9.35955 26.7657 5.99345
      vertex -9.82795 27.1285 6.82368
    endloop
  endfacet
  facet normal -0.707107 0.408246 -0.577352
    outer loop
      vertex -2.34929e-07 35.4714 0.686226
      vertex -7.65955 25.7842 3.21737
      vertex -9.35955 26.7657 5.99345
    endloop
  endfacet
  facet normal -0.70711 0.408251 -0.577344
    outer loop
      vertex -25.5141 -6.86235 2
      vertex -7.65955 25.7842 3.21737
      vertex -2.34929e-07 35.4714 0.686226
    endloop
  endfacet
  facet normal -0.707103 0.408247 -0.577356
    outer loop
      vertex -7.65955 25.7842 3.21737
      vertex -25.5141 -6.86235 2
      vertex -25.8596 -5.73913 3.21737
    endloop
  endfacet
  facet normal -0.707228 0.408131 -0.577284
    outer loop
      vertex -25.8595 -6.66288 2.56417
      vertex -25.8596 -5.73913 3.21737
      vertex -25.5141 -6.86235 2
    endloop
  endfacet
  facet normal -0.707043 0.408238 -0.577436
    outer loop
      vertex -26.0183 -6.19047 3.0926
      vertex -25.8596 -5.73913 3.21737
      vertex -25.8595 -6.66288 2.56417
    endloop
  endfacet
  facet normal -0.706205 0.407969 -0.57865
    outer loop
      vertex -25.9636 -5.96453 3.18538
      vertex -25.8596 -5.73913 3.21737
      vertex -25.9975 -6.07884 3.14616
    endloop
  endfacet
  facet normal -0.708463 0.408559 -0.575464
    outer loop
      vertex -25.8596 -5.73913 3.21737
      vertex -25.9636 -5.96453 3.18538
      vertex -25.9172 -5.85035 3.20932
    endloop
  endfacet
  facet normal -0.708383 0.408252 -0.575781
    outer loop
      vertex -25.8596 -5.73913 3.21737
      vertex -26.0183 -6.19047 3.0926
      vertex -25.9975 -6.07884 3.14616
    endloop
  endfacet
  facet normal -0.707634 0.407675 -0.57711
    outer loop
      vertex -26.0183 -6.19047 3.0926
      vertex -25.8595 -6.66288 2.56417
      vertex -26.0252 -6.29667 3.02604
    endloop
  endfacet
  facet normal -0.706318 0.409063 -0.577738
    outer loop
      vertex -26.0252 -6.29667 3.02604
      vertex -25.8595 -6.66288 2.56417
      vertex -26.0183 -6.39482 2.94811
    endloop
  endfacet
  facet normal -0.707955 0.407155 -0.577083
    outer loop
      vertex -26.0183 -6.39482 2.94811
      vertex -25.8595 -6.66288 2.56417
      vertex -25.9975 -6.48253 2.86071
    endloop
  endfacet
  facet normal -0.705475 0.410338 -0.577865
    outer loop
      vertex -25.9975 -6.48253 2.86071
      vertex -25.8595 -6.66288 2.56417
      vertex -25.9636 -6.55761 2.76601
    endloop
  endfacet
  facet normal -0.706465 0.40894 -0.577646
    outer loop
      vertex -25.9636 -6.55761 2.76601
      vertex -25.8595 -6.66288 2.56417
      vertex -25.9172 -6.61824 2.66634
    endloop
  endfacet
  facet normal -0.7071 0.408244 -0.577362
    outer loop
      vertex -30.7191 -17.7357 0.686226
      vertex -25.5141 -6.86235 2
      vertex -2.34929e-07 35.4714 0.686226
    endloop
  endfacet
  facet normal -0.707123 0.408251 -0.577329
    outer loop
      vertex -25.5141 -6.86235 2
      vertex -30.7191 -17.7357 0.686226
      vertex -30.228 -15.0272 2
    endloop
  endfacet
  facet normal -0.707083 0.408263 -0.577368
    outer loop
      vertex -30.7191 -17.7357 0.686226
      vertex -31.35 -15.6749 2.91608
      vertex -30.228 -15.0272 2
    endloop
  endfacet
  facet normal -0.707089 0.408258 -0.577365
    outer loop
      vertex -31.35 -15.6749 2.91608
      vertex -30.7191 -17.7357 0.686226
      vertex -31.35 -18.0999 1.20135
    endloop
  endfacet
  facet normal -0.50004 0.288609 0.816496
    outer loop
      vertex -0.716736 35.6258 0.1927
      vertex -0.037267 35.4929 0.655798
      vertex -0.419884 35.7138 0.343393
    endloop
  endfacet
  facet normal -0.500008 0.288711 0.816479
    outer loop
      vertex -1 35.4907 0.0670023
      vertex -0.037267 35.4929 0.655798
      vertex -0.716736 35.6258 0.1927
    endloop
  endfacet
  facet normal -0.499983 0.288874 0.816437
    outer loop
      vertex -1.1814 35.3661 0
      vertex -0.037267 35.4929 0.655798
      vertex -1 35.4907 0.0670023
    endloop
  endfacet
  facet normal -0.499997 0.288672 0.8165
    outer loop
      vertex -0.037267 35.4929 0.655798
      vertex -1.1814 35.3661 0
      vertex -28.6527 -12.2157 0
    endloop
  endfacet
  facet normal -0.500059 0.288711 0.816448
    outer loop
      vertex -28.6527 -12.2157 0
      vertex -2.34929e-07 35.4714 0.686226
      vertex -0.037267 35.4929 0.655798
    endloop
  endfacet
  facet normal -0.50001 0.28868 0.816489
    outer loop
      vertex -28.6527 -12.2157 0
      vertex -30.7191 -17.7357 0.686226
      vertex -2.34929e-07 35.4714 0.686226
    endloop
  endfacet
  facet normal -0.499974 0.28867 0.816514
    outer loop
      vertex -31.2179 -16.6586 0
      vertex -30.7191 -17.7357 0.686226
      vertex -28.6527 -12.2157 0
    endloop
  endfacet
  facet normal -0.500596 0.288237 0.816286
    outer loop
      vertex -31.2331 -16.7747 0.0316742
      vertex -30.7191 -17.7357 0.686226
      vertex -31.2179 -16.6586 0
    endloop
  endfacet
  facet normal -0.500021 0.288622 0.816503
    outer loop
      vertex -30.7191 -17.7357 0.686226
      vertex -31.2193 -17.1189 0.161877
      vertex -31.2191 -17.447 0.277978
    endloop
  endfacet
  facet normal -0.499956 0.288728 0.816505
    outer loop
      vertex -31.2249 -17.0884 0.147624
      vertex -30.7191 -17.7357 0.686226
      vertex -31.2331 -16.7747 0.0316742
    endloop
  endfacet
  facet normal -0.498454 0.290224 0.816893
    outer loop
      vertex -30.7191 -17.7357 0.686226
      vertex -31.2249 -17.0884 0.147624
      vertex -31.2193 -17.1189 0.161877
    endloop
  endfacet
  facet normal -0.500421 0.288544 0.816285
    outer loop
      vertex -31.2628 -17.2261 0.173103
      vertex -31.2191 -17.447 0.277978
      vertex -31.2193 -17.1189 0.161877
    endloop
  endfacet
  facet normal -0.500079 0.288688 0.816444
    outer loop
      vertex -31.3108 -17.3877 0.200843
      vertex -31.2191 -17.447 0.277978
      vertex -31.2628 -17.2261 0.173103
    endloop
  endfacet
  facet normal -0.500214 0.288471 0.816438
    outer loop
      vertex -31.2191 -17.447 0.277978
      vertex -31.3108 -17.3877 0.200843
      vertex -31.2615 -17.4715 0.260657
    endloop
  endfacet
  facet normal -0.500012 0.288636 0.816503
    outer loop
      vertex -31.2615 -17.4715 0.260657
      vertex -31.3108 -17.3877 0.200843
      vertex -31.3201 -17.4377 0.212823
    endloop
  endfacet
  facet normal 0 -0.57737 0.816483
    outer loop
      vertex 30.2191 -17.447 0.277978
      vertex 30.2615 -17.8401 0
      vertex 30.9 -17.8401 0
    endloop
  endfacet
  facet normal 5.89114e-05 -0.577366 0.816486
    outer loop
      vertex 29.66 -17.8748 -0.0244942
      vertex 30.2615 -17.8401 0
      vertex 30.2191 -17.447 0.277978
    endloop
  endfacet
  facet normal 0 -0.576684 0.816967
    outer loop
      vertex 30.2615 -17.8401 0
      vertex 29.66 -17.8748 -0.0244942
      vertex 30.2615 -17.8748 -0.0244942
    endloop
  endfacet
  facet normal -0.000311084 -0.577043 0.816713
    outer loop
      vertex 30.2191 -17.447 0.277978
      vertex 29.6 -17.8401 0
      vertex 29.66 -17.8748 -0.0244942
    endloop
  endfacet
  facet normal 5.33773e-08 -0.57737 0.816483
    outer loop
      vertex -31.1414 -17.4715 0.260657
      vertex 29.6 -17.8401 0
      vertex 30.2191 -17.447 0.277978
    endloop
  endfacet
  facet normal 0 -0.577376 0.816478
    outer loop
      vertex 29.6 -17.8401 0
      vertex -31.1414 -17.4715 0.260657
      vertex -30.983 -17.8401 0
    endloop
  endfacet
  facet normal -0.000430113 -0.577499 0.816391
    outer loop
      vertex -30.983 -17.8401 0
      vertex -31.1414 -17.4715 0.260657
      vertex -31.063 -17.6928 0.104155
    endloop
  endfacet
  facet normal 0 -0.577281 0.816546
    outer loop
      vertex -31.2191 -17.447 0.277978
      vertex -31.1414 -17.4715 0.260657
      vertex 30.2191 -17.447 0.277978
    endloop
  endfacet
  facet normal 0 -0.577281 0.816546
    outer loop
      vertex -31.1414 -17.4715 0.260657
      vertex -31.2191 -17.447 0.277978
      vertex -31.2615 -17.4715 0.260657
    endloop
  endfacet
  facet normal 0 -0.816495 -0.577353
    outer loop
      vertex -30.7191 -17.7357 0.686226
      vertex -6.5 -19.5255 3.21737
      vertex -30.55 -19.5255 3.21737
    endloop
  endfacet
  facet normal 5.58741e-06 -0.81647 -0.577388
    outer loop
      vertex -31.2191 -17.447 0.277978
      vertex -6.5 -19.5255 3.21737
      vertex -30.7191 -17.7357 0.686226
    endloop
  endfacet
  facet normal -5.36388e-05 -0.816517 -0.577321
    outer loop
      vertex -31.35 -19.0636 2.56417
      vertex -30.55 -19.5255 3.21737
      vertex -30.6751 -19.5198 3.20932
    endloop
  endfacet
  facet normal -5.87191e-07 -0.816494 -0.577354
    outer loop
      vertex 18.7 -18.6647 2
      vertex -6.5 -19.5255 3.21737
      vertex -31.2191 -17.447 0.277978
    endloop
  endfacet
  facet normal -0.000601636 -0.816787 -0.576939
    outer loop
      vertex -31.35 -19.0636 2.56417
      vertex -30.6751 -19.5198 3.20932
      vertex -30.7972 -19.5028 3.18538
    endloop
  endfacet
  facet normal 0 -0.8165 -0.577346
    outer loop
      vertex 6.5 -19.5255 3.21737
      vertex 18.7 -18.6647 2
      vertex 17.9 -19.5255 3.21737
    endloop
  endfacet
  facet normal 0.000290187 -0.816413 -0.577468
    outer loop
      vertex -31.35 -19.0636 2.56417
      vertex -30.7972 -19.5028 3.18538
      vertex -30.9132 -19.4751 3.14616
    endloop
  endfacet
  facet normal 5.18183e-05 -0.816516 -0.577323
    outer loop
      vertex 18.7 -19.0636 2.56417
      vertex 17.9 -19.5255 3.21737
      vertex 18.7 -18.6647 2
    endloop
  endfacet
  facet normal -0.000367195 -0.816646 -0.577139
    outer loop
      vertex -31.35 -19.0636 2.56417
      vertex -30.9132 -19.4751 3.14616
      vertex -31.0202 -19.4372 3.0926
    endloop
  endfacet
  facet normal 5.35923e-05 -0.816517 -0.577321
    outer loop
      vertex 17.9 -19.5255 3.21737
      vertex 18.7 -19.0636 2.56417
      vertex 18.0252 -19.5198 3.20932
    endloop
  endfacet
  facet normal 0.000876181 -0.81628 -0.577656
    outer loop
      vertex -31.35 -19.0636 2.56417
      vertex -31.0202 -19.4372 3.0926
      vertex -31.1157 -19.3902 3.02604
    endloop
  endfacet
  facet normal 0.000602233 -0.816787 -0.576939
    outer loop
      vertex 18.0252 -19.5198 3.20932
      vertex 18.7 -19.0636 2.56417
      vertex 18.1472 -19.5028 3.18538
    endloop
  endfacet
  facet normal 0.000122195 -0.81646 -0.577402
    outer loop
      vertex -31.35 -19.0636 2.56417
      vertex -31.1157 -19.3902 3.02604
      vertex -31.1972 -19.3351 2.94811
    endloop
  endfacet
  facet normal -0.000290187 -0.816413 -0.577468
    outer loop
      vertex 18.1472 -19.5028 3.18538
      vertex 18.7 -19.0636 2.56417
      vertex 18.2632 -19.4751 3.14616
    endloop
  endfacet
  facet normal 0.000110962 -0.816462 -0.577399
    outer loop
      vertex -31.35 -19.0636 2.56417
      vertex -31.1972 -19.3351 2.94811
      vertex -31.2628 -19.2733 2.86071
    endloop
  endfacet
  facet normal 0.000367195 -0.816646 -0.577139
    outer loop
      vertex 18.2632 -19.4751 3.14616
      vertex 18.7 -19.0636 2.56417
      vertex 18.3702 -19.4372 3.0926
    endloop
  endfacet
  facet normal -0.00131052 -0.816659 -0.57712
    outer loop
      vertex -31.35 -19.0636 2.56417
      vertex -31.2628 -19.2733 2.86071
      vertex -31.3108 -19.2063 2.76601
    endloop
  endfacet
  facet normal -0.000876181 -0.81628 -0.577656
    outer loop
      vertex 18.3702 -19.4372 3.0926
      vertex 18.7 -19.0636 2.56417
      vertex 18.4657 -19.3902 3.02604
    endloop
  endfacet
  facet normal -0.00277209 -0.81679 -0.576929
    outer loop
      vertex -31.35 -19.0636 2.56417
      vertex -31.3108 -19.2063 2.76601
      vertex -31.3401 -19.1358 2.66634
    endloop
  endfacet
  facet normal -0.000122195 -0.81646 -0.577402
    outer loop
      vertex 18.4657 -19.3902 3.02604
      vertex 18.7 -19.0636 2.56417
      vertex 18.5472 -19.3351 2.94811
    endloop
  endfacet
  facet normal -1.62294e-05 -0.816495 -0.577352
    outer loop
      vertex -30.55 -19.5255 3.21737
      vertex -31.35 -19.0636 2.56417
      vertex -30.7191 -17.7357 0.686226
    endloop
  endfacet
  facet normal -0.000110962 -0.816462 -0.577399
    outer loop
      vertex 18.5472 -19.3351 2.94811
      vertex 18.7 -19.0636 2.56417
      vertex 18.6128 -19.2733 2.86071
    endloop
  endfacet
  facet normal 0.00131052 -0.816659 -0.57712
    outer loop
      vertex 18.6128 -19.2733 2.86071
      vertex 18.7 -19.0636 2.56417
      vertex 18.6608 -19.2063 2.76601
    endloop
  endfacet
  facet normal 0 -0.816486 -0.577365
    outer loop
      vertex 30.2191 -17.447 0.277978
      vertex 28.1279 -18.6647 2
      vertex 18.7 -18.6647 2
    endloop
  endfacet
  facet normal 0.00274448 -0.816787 -0.576932
    outer loop
      vertex 18.6608 -19.2063 2.76601
      vertex 18.7 -19.0636 2.56417
      vertex 18.6902 -19.1358 2.66634
    endloop
  endfacet
  facet normal -8.16243e-05 -0.816485 -0.577367
    outer loop
      vertex -30.7191 -17.7357 0.686226
      vertex -31.35 -19.0636 2.56417
      vertex -31.35 -18.0999 1.20135
    endloop
  endfacet
  facet normal 0 -0.8165 -0.577346
    outer loop
      vertex -6.5 -19.5255 3.21737
      vertex 18.7 -18.6647 2
      vertex 6.5 -19.5255 3.21737
    endloop
  endfacet
  facet normal 0 -0.816486 -0.577365
    outer loop
      vertex 18.7 -18.6647 2
      vertex -31.2191 -17.447 0.277978
      vertex 30.2191 -17.447 0.277978
    endloop
  endfacet
  facet normal 1.72463e-05 -0.816496 -0.577351
    outer loop
      vertex 28.1279 -18.6647 2
      vertex 30.2191 -17.447 0.277978
      vertex 31.35 -18.0999 1.20135
    endloop
  endfacet
  facet normal 0 -0.816492 -0.577356
    outer loop
      vertex -6.15 -24.9526 10.8924
      vertex 6.15 -22.4039 7.28805
      vertex 6.15 -24.9526 10.8924
    endloop
  endfacet
  facet normal 4.69394e-07 -0.816493 -0.577355
    outer loop
      vertex -6.15 -22.4039 7.28804
      vertex 6.15 -22.4039 7.28805
      vertex -6.15 -24.9526 10.8924
    endloop
  endfacet
  facet normal -0.00488914 -0.817168 -0.576379
    outer loop
      vertex -6.41996 -21.7868 6.41543
      vertex -6.15 -22.4039 7.28804
      vertex -6.18187 -22.3594 7.22522
    endloop
  endfacet
  facet normal 4.69393e-07 -0.816494 -0.577354
    outer loop
      vertex -6.15 -22.4039 7.28804
      vertex -6.5 -21.1998 5.5852
      vertex 6.15 -22.4039 7.28805
    endloop
  endfacet
  facet normal -0.000597326 -0.816552 -0.577272
    outer loop
      vertex -6.15 -22.4039 7.28804
      vertex -6.41996 -21.7868 6.41543
      vertex -6.5 -21.1998 5.5852
    endloop
  endfacet
  facet normal -0 -0.816496 -0.577351
    outer loop
      vertex 6.5 -21.1998 5.5852
      vertex 6.15 -22.4039 7.28805
      vertex -6.5 -21.1998 5.5852
    endloop
  endfacet
  facet normal 0.000566073 -0.816551 -0.577274
    outer loop
      vertex 6.41999 -21.7868 6.41543
      vertex 6.15 -22.4039 7.28805
      vertex 6.5 -21.1998 5.5852
    endloop
  endfacet
  facet normal 0.00445937 -0.81711 -0.576465
    outer loop
      vertex 6.15 -22.4039 7.28805
      vertex 6.41999 -21.7868 6.41543
      vertex 6.18187 -22.3594 7.22522
    endloop
  endfacet
  facet normal 0 -0.816498 -0.577348
    outer loop
      vertex -6.5 -19.5255 3.21737
      vertex 6.5 -21.1998 5.5852
      vertex -6.5 -21.1998 5.5852
    endloop
  endfacet
  facet normal 0 -0.816498 -0.577348
    outer loop
      vertex 6.5 -21.1998 5.5852
      vertex -6.5 -19.5255 3.21737
      vertex 6.5 -19.5255 3.21737
    endloop
  endfacet
  facet normal 2.46959e-05 -0.81651 -0.577331
    outer loop
      vertex 29.2499 -19.3124 2.91608
      vertex 28.1279 -18.6647 2
      vertex 31.35 -18.0999 1.20135
    endloop
  endfacet
  facet normal 0 0 -1
    outer loop
      vertex 17.9 -16.7489 -0.0244942
      vertex 18.4657 -17.1548 -0.0244942
      vertex 18.5224 -17.2699 -0.0244942
    endloop
  endfacet
  facet normal 0 0 -1
    outer loop
      vertex 18.4657 -17.1548 -0.0244942
      vertex 17.9 -16.7489 -0.0244942
      vertex 18.3702 -17.0136 -0.0244942
    endloop
  endfacet
  facet normal 0 0 -1
    outer loop
      vertex 18.3702 -17.0136 -0.0244942
      vertex 17.9 -16.7489 -0.0244942
      vertex 18.2632 -16.9 -0.0244942
    endloop
  endfacet
  facet normal 0 0 -1
    outer loop
      vertex 18.2632 -16.9 -0.0244942
      vertex 17.9 -16.7489 -0.0244942
      vertex 18.1472 -16.8168 -0.0244942
    endloop
  endfacet
  facet normal 0 0 -1
    outer loop
      vertex 18.1472 -16.8168 -0.0244942
      vertex 17.9 -16.7489 -0.0244942
      vertex 18.0252 -16.766 -0.0244942
    endloop
  endfacet
  facet normal 0 0 -1
    outer loop
      vertex 18.5224 -17.2699 -0.0244942
      vertex 6.364 -16.7489 -0.0244942
      vertex 17.9 -16.7489 -0.0244942
    endloop
  endfacet
  facet normal 0 0 -1
    outer loop
      vertex -6.18187 -15.435 -0.0244942
      vertex 6.18187 -15.435 -0.0244942
      vertex 6.364 -16.7489 -0.0244942
    endloop
  endfacet
  facet normal 0 0 -1
    outer loop
      vertex 6.18187 -15.435 -0.0244942
      vertex -6.18187 -15.435 -0.0244942
      vertex 5.79155 -13.8028 -0.0244942
    endloop
  endfacet
  facet normal 0 -0 -1
    outer loop
      vertex -5.79153 -13.8028 -0.0244942
      vertex 5.79155 -13.8028 -0.0244942
      vertex -6.18187 -15.435 -0.0244942
    endloop
  endfacet
  facet normal -0 0 -1
    outer loop
      vertex 5.71824 -13.5956 -0.0244942
      vertex -5.79153 -13.8028 -0.0244942
      vertex -5.71822 -13.5956 -0.0244942
    endloop
  endfacet
  facet normal 0 0 -1
    outer loop
      vertex 5.79155 -13.8028 -0.0244942
      vertex -5.79153 -13.8028 -0.0244942
      vertex 5.71824 -13.5956 -0.0244942
    endloop
  endfacet
  facet normal 0 0 -1
    outer loop
      vertex 6.364 -16.7489 -0.0244942
      vertex -6.36398 -16.7489 -0.0244942
      vertex -6.18187 -15.435 -0.0244942
    endloop
  endfacet
  facet normal 0 0 -1
    outer loop
      vertex 18.5224 -17.2699 -0.0244942
      vertex -6.36398 -16.7489 -0.0244942
      vertex 6.364 -16.7489 -0.0244942
    endloop
  endfacet
  facet normal 0 0 -1
    outer loop
      vertex -31.1724 -17.2699 -0.0244942
      vertex -6.36398 -16.7489 -0.0244942
      vertex 18.5224 -17.2699 -0.0244942
    endloop
  endfacet
  facet normal -0 0 -1
    outer loop
      vertex -6.36398 -16.7489 -0.0244942
      vertex -31.1724 -17.2699 -0.0244942
      vertex -30.55 -16.7489 -0.0244942
    endloop
  endfacet
  facet normal 0 -0 -1
    outer loop
      vertex -31.1157 -17.1548 -0.0244942
      vertex -30.55 -16.7489 -0.0244942
      vertex -31.1724 -17.2699 -0.0244942
    endloop
  endfacet
  facet normal 0 -0 -1
    outer loop
      vertex -31.0202 -17.0136 -0.0244942
      vertex -30.55 -16.7489 -0.0244942
      vertex -31.1157 -17.1548 -0.0244942
    endloop
  endfacet
  facet normal 0 -0 -1
    outer loop
      vertex -30.9132 -16.9 -0.0244942
      vertex -30.55 -16.7489 -0.0244942
      vertex -31.0202 -17.0136 -0.0244942
    endloop
  endfacet
  facet normal 0 0 -1
    outer loop
      vertex -30.55 -16.7489 -0.0244942
      vertex -30.7972 -16.8168 -0.0244942
      vertex -30.6751 -16.766 -0.0244942
    endloop
  endfacet
  facet normal 0 -0 -1
    outer loop
      vertex -30.7972 -16.8168 -0.0244942
      vertex -30.55 -16.7489 -0.0244942
      vertex -30.9132 -16.9 -0.0244942
    endloop
  endfacet
  facet normal 0 0 -1
    outer loop
      vertex -2.34938 23.5364 -0.0244942
      vertex 2.47056 31.4704 -0.0244942
      vertex -2.13328 23.4963 -0.0244942
    endloop
  endfacet
  facet normal 0 0 -1
    outer loop
      vertex -3.95803 24.0145 -0.0244942
      vertex 2.47056 31.4704 -0.0244942
      vertex -2.34938 23.5364 -0.0244942
    endloop
  endfacet
  facet normal 0 0 -1
    outer loop
      vertex -5.187 24.5137 -0.0244942
      vertex 2.47056 31.4704 -0.0244942
      vertex -3.95803 24.0145 -0.0244942
    endloop
  endfacet
  facet normal -0 0 -1
    outer loop
      vertex 2.47056 31.4704 -0.0244942
      vertex -5.187 24.5137 -0.0244942
      vertex 0.349238 35.1446 -0.0244942
    endloop
  endfacet
  facet normal 0 0 -1
    outer loop
      vertex -24.2174 -7.40596 -0.0244942
      vertex -5.187 24.5137 -0.0244942
      vertex -23.455 -7.1274 -0.0244942
    endloop
  endfacet
  facet normal 0 0 -1
    outer loop
      vertex -23.6374 -7.30757 -0.0244942
      vertex -23.455 -7.1274 -0.0244942
      vertex -23.5324 -7.22724 -0.0244942
    endloop
  endfacet
  facet normal 0 0 -1
    outer loop
      vertex -23.455 -7.1274 -0.0244942
      vertex -23.6374 -7.30757 -0.0244942
      vertex -23.7674 -7.36641 -0.0244942
    endloop
  endfacet
  facet normal 0 0 -1
    outer loop
      vertex -23.455 -7.1274 -0.0244942
      vertex -23.7674 -7.36641 -0.0244942
      vertex -23.9193 -7.4023 -0.0244942
    endloop
  endfacet
  facet normal 0 0 -1
    outer loop
      vertex -23.455 -7.1274 -0.0244942
      vertex -23.9193 -7.4023 -0.0244942
      vertex -24.0893 -7.41435 -0.0244942
    endloop
  endfacet
  facet normal 0 0 -1
    outer loop
      vertex -23.455 -7.1274 -0.0244942
      vertex -24.0893 -7.41435 -0.0244942
      vertex -24.2174 -7.40596 -0.0244942
    endloop
  endfacet
  facet normal -0 0 -1
    outer loop
      vertex -5.187 24.5137 -0.0244942
      vertex -24.2174 -7.40596 -0.0244942
      vertex 0.349238 35.1446 -0.0244942
    endloop
  endfacet
  facet normal 0 0 -1
    outer loop
      vertex 16.458 2.36384 -0.0244942
      vertex 10.2762 13.0712 -0.0244942
      vertex 11.323 13.8859 -0.0244942
    endloop
  endfacet
  facet normal 0 0 -1
    outer loop
      vertex 14.8494 1.88581 -0.0244942
      vertex 9.05783 11.9171 -0.0244942
      vertex 10.2762 13.0712 -0.0244942
    endloop
  endfacet
  facet normal 0 -0 -1
    outer loop
      vertex 9.05783 11.9171 -0.0244942
      vertex 14.6333 1.84569 -0.0244942
      vertex 8.91504 11.75 -0.0244942
    endloop
  endfacet
  facet normal 0 0 -1
    outer loop
      vertex 17.687 2.8631 -0.0244942
      vertex 30.2615 -17.8748 -0.0244942
      vertex 29.66 -17.8748 -0.0244942
    endloop
  endfacet
  facet normal 0 0 -1
    outer loop
      vertex 10.2762 13.0712 -0.0244942
      vertex 16.458 2.36384 -0.0244942
      vertex 14.8494 1.88581 -0.0244942
    endloop
  endfacet
  facet normal 0 0 -1
    outer loop
      vertex 9.05783 11.9171 -0.0244942
      vertex 14.8494 1.88581 -0.0244942
      vertex 14.6333 1.84569 -0.0244942
    endloop
  endfacet
  facet normal 0 0 -1
    outer loop
      vertex 16.458 2.36384 -0.0244942
      vertex 11.323 13.8859 -0.0244942
      vertex 17.687 2.8631 -0.0244942
    endloop
  endfacet
  facet normal 0 0 -1
    outer loop
      vertex 5.69493 24.6758 -0.0244942
      vertex 17.687 2.8631 -0.0244942
      vertex 11.323 13.8859 -0.0244942
    endloop
  endfacet
  facet normal 0 0 -1
    outer loop
      vertex 17.687 2.8631 -0.0244942
      vertex 5.69493 24.6758 -0.0244942
      vertex 30.2615 -17.8748 -0.0244942
    endloop
  endfacet
  facet normal 0 0 -1
    outer loop
      vertex 5.55499 23.8763 -0.0244942
      vertex 5.69493 24.6758 -0.0244942
      vertex 11.323 13.8859 -0.0244942
    endloop
  endfacet
  facet normal 0 0 -1
    outer loop
      vertex 5.69493 24.6758 -0.0244942
      vertex 5.55499 23.8763 -0.0244942
      vertex 5.62365 24.5692 -0.0244942
    endloop
  endfacet
  facet normal 0 0 -1
    outer loop
      vertex 5.55499 23.8763 -0.0244942
      vertex 5.54908 24.4159 -0.0244942
      vertex 5.62365 24.5692 -0.0244942
    endloop
  endfacet
  facet normal 0 0 -1
    outer loop
      vertex 5.49014 24.1243 -0.0244942
      vertex 5.55499 23.8763 -0.0244942
      vertex 5.50721 23.9932 -0.0244942
    endloop
  endfacet
  facet normal 0 0 -1
    outer loop
      vertex 5.55499 23.8763 -0.0244942
      vertex 5.5042 24.2664 -0.0244942
      vertex 5.54908 24.4159 -0.0244942
    endloop
  endfacet
  facet normal 0 0 -1
    outer loop
      vertex 5.55499 23.8763 -0.0244942
      vertex 5.49014 24.1243 -0.0244942
      vertex 5.5042 24.2664 -0.0244942
    endloop
  endfacet
endsolid OpenSCAD_Model
